Date,Open,High,Low,Close,Volume
2013-01-01,94.763,94.763,94.763,94.763,1.0
2013-01-02,95.483,95.483,95.483,95.483,1.0
2013-01-03,95.847,95.847,95.847,95.847,1.0
2013-01-04,96.543,96.543,96.543,96.543,1.0
2013-01-07,96.444,96.444,96.444,96.444,1.0
2013-01-08,96.413,96.413,96.413,96.413,1.0
2013-01-09,96.43,96.43,96.43,96.43,1.0
2013-01-10,96.267,96.267,96.267,96.267,1.0
2013-01-11,96.074,96.074,96.074,96.074,1.0
2013-01-14,97.155,97.155,97.155,97.155,1.0
2013-01-15,97.722,97.722,97.722,97.722,1.0
2013-01-16,96.629,96.629,96.629,96.629,1.0
2013-01-17,97.174,97.174,97.174,97.174,1.0
2013-01-18,98.264,98.264,98.264,98.264,1.0
2013-01-21,98.645,98.645,98.645,98.645,1.0
2013-01-22,97.849,97.849,97.849,97.849,1.0
2013-01-23,97.442,97.442,97.442,97.442,1.0
2013-01-24,95.883,95.883,95.883,95.883,1.0
2013-01-25,97.009,97.009,97.009,97.009,1.0
2013-01-28,97.099,97.099,97.099,97.099,1.0
2013-01-29,96.724,96.724,96.724,96.724,1.0
2013-01-30,96.662,96.662,96.662,96.662,1.0
2013-01-31,96.55,96.55,96.55,96.55,1.0
2013-02-01,96.401,96.401,96.401,96.401,1.0
2013-02-04,95.735,95.735,95.735,95.735,1.0
2013-02-05,94.742,94.742,94.742,94.742,1.0
2013-02-06,94.793,94.793,94.793,94.793,1.0
2013-02-07,94.437,94.437,94.437,94.437,1.0
2013-02-08,93.322,93.322,93.322,93.322,1.0
2013-02-11,93.22,93.22,93.22,93.22,1.0
2013-02-12,93.376,93.376,93.376,93.376,1.0
2013-02-13,93.324,93.324,93.324,93.324,1.0
2013-02-14,92.18,92.18,92.18,92.18,1.0
2013-02-15,91.891,91.891,91.891,91.891,1.0
2013-02-18,92.138,92.138,92.138,92.138,1.0
2013-02-19,93.202,93.202,93.202,93.202,1.0
2013-02-20,93.215,93.215,93.215,93.215,1.0
2013-02-21,91.866,91.866,91.866,91.866,1.0
2013-02-22,91.785,91.785,91.785,91.785,1.0
2013-02-25,91.186,91.186,91.186,91.186,1.0
2013-02-26,89.823,89.823,89.823,89.823,1.0
2013-02-27,90.416,90.416,90.416,90.416,1.0
2013-02-28,88.509,88.509,88.509,88.509,1.0
2013-03-01,89.362,89.362,89.362,89.362,1.0
2013-03-04,89.081,89.081,89.081,89.081,1.0
2013-03-05,90.271,90.271,90.271,90.271,1.0
2013-03-06,90.897,90.897,90.897,90.897,1.0
2013-03-07,91.307,91.307,91.307,91.307,1.0
2013-03-08,92.353,92.353,92.353,92.353,1.0
2013-03-11,92.238,92.238,92.238,92.238,1.0
2013-03-12,91.813,91.813,91.813,91.813,1.0
2013-03-13,90.732,90.732,90.732,90.732,1.0
2013-03-14,91.546,91.546,91.546,91.546,1.0
2013-03-15,90.753,90.753,90.753,90.753,1.0
2013-03-18,90.139,90.139,90.139,90.139,1.0
2013-03-19,88.798,88.798,88.798,88.798,1.0
2013-03-20,87.43,87.43,87.43,87.43,1.0
2013-03-21,87.094,87.094,87.094,87.094,1.0
2013-03-22,87.013,87.013,87.013,87.013,1.0
2013-03-25,86.749,86.749,86.749,86.749,1.0
2013-03-26,87.036,87.036,87.036,87.036,1.0
2013-03-28,87.764,87.764,87.764,87.764,1.0
2013-04-01,88.529,88.529,88.529,88.529,1.0
2013-04-02,89.776,89.776,89.776,89.776,1.0
2013-04-03,88.873,88.873,88.873,88.873,1.0
2013-04-04,87.231,87.231,87.231,87.231,1.0
2013-04-05,87.152,87.152,87.152,87.152,1.0
2013-04-08,87.062,87.062,87.062,87.062,1.0
2013-04-09,86.2,86.2,86.2,86.2,1.0
2013-04-10,86.94,86.94,86.94,86.94,1.0
2013-04-11,87.762,87.762,87.762,87.762,1.0
2013-04-12,86.509,86.509,86.509,86.509,1.0
2013-04-15,87.423,87.423,87.423,87.423,1.0
2013-04-16,88.605,88.605,88.605,88.605,1.0
2013-04-17,89.131,89.131,89.131,89.131,1.0
2013-04-18,90.053,90.053,90.053,90.053,1.0
2013-04-22,90.663,90.663,90.663,90.663,1.0
2013-04-23,90.59,90.59,90.59,90.59,1.0
2013-04-25,91.299,91.299,91.299,91.299,1.0
2013-04-26,90.499,90.499,90.499,90.499,1.0
2013-04-29,90.86,90.86,90.86,90.86,1.0
2013-04-30,91.017,91.017,91.017,91.017,1.0
2013-05-02,91.84,91.84,91.84,91.84,1.0
2013-05-03,90.56,90.56,90.56,90.56,1.0
2013-05-06,91.321,91.321,91.321,91.321,1.0
2013-05-07,92.121,92.121,92.121,92.121,1.0
2013-05-08,92.414,92.414,92.414,92.414,1.0
2013-05-09,91.974,91.974,91.974,91.974,1.0
2013-05-10,92.412,92.412,92.412,92.412,1.0
2013-05-13,90.855,90.855,90.855,90.855,1.0
2013-05-14,91.188,91.188,91.188,91.188,1.0
2013-05-15,93.111,93.111,93.111,93.111,1.0
2013-05-16,93.518,93.518,93.518,93.518,1.0
2013-05-17,93.839,93.839,93.839,93.839,1.0
2013-05-20,92.813,92.813,92.813,92.813,1.0
2013-05-21,91.754,91.754,91.754,91.754,1.0
2013-05-22,91.092,91.092,91.092,91.092,1.0
2013-05-23,88.789,88.789,88.789,88.789,1.0
2013-05-24,88.806,88.806,88.806,88.806,1.0
2013-05-27,89.593,89.593,89.593,89.593,1.0
2013-05-28,90.305,90.305,90.305,90.305,1.0
2013-05-29,90.06,90.06,90.06,90.06,1.0
2013-05-30,90.169,90.169,90.169,90.169,1.0
2013-05-31,89.014,89.014,89.014,89.014,1.0
2013-06-03,88.821,88.821,88.821,88.821,1.0
2013-06-04,88.718,88.718,88.718,88.718,1.0
2013-06-05,88.644,88.644,88.644,88.644,1.0
2013-06-06,88.618,88.618,88.618,88.618,1.0
2013-06-07,88.042,88.042,88.042,88.042,1.0
2013-06-10,87.563,87.563,87.563,87.563,1.0
2013-06-11,86.272,86.272,86.272,86.272,1.0
2013-06-12,86.181,86.181,86.181,86.181,1.0
2013-06-13,85.124,85.124,85.124,85.124,1.0
2013-06-14,86.657,86.657,86.657,86.657,1.0
2013-06-17,86.86,86.86,86.86,86.86,1.0
2013-06-18,86.467,86.467,86.467,86.467,1.0
2013-06-19,86.617,86.617,86.617,86.617,1.0
2013-06-20,84.571,84.571,84.571,84.571,1.0
2013-06-21,84.351,84.351,84.351,84.351,1.0
2013-06-24,82.687,82.687,82.687,82.687,1.0
2013-06-25,82.63,82.63,82.63,82.63,1.0
2013-06-26,82.708,82.708,82.708,82.708,1.0
2013-06-27,83.555,83.555,83.555,83.555,1.0
2013-06-28,85.841,85.841,85.841,85.841,1.0
2013-07-01,86.809,86.809,86.809,86.809,1.0
2013-07-02,86.418,86.418,86.418,86.418,1.0
2013-07-03,84.663,84.663,84.663,84.663,1.0
2013-07-04,85.476,85.476,85.476,85.476,1.0
2013-07-05,85.729,85.729,85.729,85.729,1.0
2013-07-08,84.795,84.795,84.795,84.795,1.0
2013-07-09,85.246,85.246,85.246,85.246,1.0
2013-07-10,84.66,84.66,84.66,84.66,1.0
2013-07-11,85.825,85.825,85.825,85.825,1.0
2013-07-12,86.822,86.822,86.822,86.822,1.0
2013-07-15,87.179,87.179,87.179,87.179,1.0
2013-07-16,86.05,86.05,86.05,86.05,1.0
2013-07-17,85.846,85.846,85.846,85.846,1.0
2013-07-18,86.491,86.491,86.491,86.491,1.0
2013-07-19,86.235,86.235,86.235,86.235,1.0
2013-07-22,86.252,86.252,86.252,86.252,1.0
2013-07-23,86.83,86.83,86.83,86.83,1.0
2013-07-24,85.825,85.825,85.825,85.825,1.0
2013-07-25,84.684,84.684,84.684,84.684,1.0
2013-07-26,84.299,84.299,84.299,84.299,1.0
2013-07-29,83.495,83.495,83.495,83.495,1.0
2013-07-30,81.692,81.692,81.692,81.692,1.0
2013-07-31,81.472,81.472,81.472,81.472,1.0
2013-08-01,80.626,80.626,80.626,80.626,1.0
2013-08-02,79.997,79.997,79.997,79.997,1.0
2013-08-05,79.905,79.905,79.905,79.905,1.0
2013-08-06,77.824,77.824,77.824,77.824,1.0
2013-08-07,78.5,78.5,78.5,78.5,1.0
2013-08-08,79.377,79.377,79.377,79.377,1.0
2013-08-12,80.573,80.573,80.573,80.573,1.0
2013-08-13,81.638,81.638,81.638,81.638,1.0
2013-08-14,82.442,82.442,82.442,82.442,1.0
2013-08-16,79.383,79.383,79.383,79.383,1.0
2013-08-19,78.18,78.18,78.18,78.18,1.0
2013-08-20,78.457,78.457,78.457,78.457,1.0
2013-08-21,76.948,76.948,76.948,76.948,1.0
2013-08-22,78.399,78.399,78.399,78.399,1.0
2013-08-23,78.938,78.938,78.938,78.938,1.0
2013-08-26,78.9,78.9,78.9,78.9,1.0
2013-08-27,76.721,76.721,76.721,76.721,1.0
2013-08-28,76.162,76.162,76.162,76.162,1.0
2013-08-29,77.218,77.218,77.218,77.218,1.0
2013-08-30,78.293,78.293,78.293,78.293,1.0
2013-09-02,79.469,79.469,79.469,79.469,1.0
2013-09-03,77.153,77.153,77.153,77.153,1.0
2013-09-04,78.541,78.541,78.541,78.541,1.0
2013-09-05,80.613,80.613,80.613,80.613,1.0
2013-09-06,81.842,81.842,81.842,81.842,1.0
2013-09-10,84.146,84.146,84.146,84.146,1.0
2013-09-11,84.914,84.914,84.914,84.914,1.0
2013-09-12,83.856,83.856,83.856,83.856,1.0
2013-09-13,83.939,83.939,83.939,83.939,1.0
2013-09-16,83.784,83.784,83.784,83.784,1.0
2013-09-17,83.959,83.959,83.959,83.959,1.0
2013-09-18,84.355,84.355,84.355,84.355,1.0
2013-09-19,87.166,87.166,87.166,87.166,1.0
2013-09-20,85.808,85.808,85.808,85.808,1.0
2013-09-23,84.395,84.395,84.395,84.395,1.0
2013-09-24,84.076,84.076,84.076,84.076,1.0
2013-09-25,83.816,83.816,83.816,83.816,1.0
2013-09-26,84.028,84.028,84.028,84.028,1.0
2013-09-27,83.902,83.902,83.902,83.902,1.0
2013-09-30,82.53,82.53,82.53,82.53,1.0
2013-10-01,83.285,83.285,83.285,83.285,1.0
2013-10-03,84.763,84.763,84.763,84.763,1.0
2013-10-04,85.171,85.171,85.171,85.171,1.0
2013-10-07,85.208,85.208,85.208,85.208,1.0
2013-10-08,85.366,85.366,85.366,85.366,1.0
2013-10-09,86.307,86.307,86.307,86.307,1.0
2013-10-10,86.827,86.827,86.827,86.827,1.0
2013-10-11,87.695,87.695,87.695,87.695,1.0
2013-10-14,87.911,87.911,87.911,87.911,1.0
2013-10-15,87.682,87.682,87.682,87.682,1.0
2013-10-17,87.27,87.27,87.27,87.27,1.0
2013-10-18,89.141,89.141,89.141,89.141,1.0
2013-10-21,89.232,89.232,89.232,89.232,1.0
2013-10-22,89.28,89.28,89.28,89.28,1.0
2013-10-23,89.154,89.154,89.154,89.154,1.0
2013-10-24,88.829,88.829,88.829,88.829,1.0
2013-10-25,88.462,88.462,88.462,88.462,1.0
2013-10-28,87.607,87.607,87.607,87.607,1.0
2013-10-29,89.209,89.209,89.209,89.209,1.0
2013-10-30,89.752,89.752,89.752,89.752,1.0
2013-10-31,90.784,90.784,90.784,90.784,1.0
2013-11-01,91.298,91.298,91.298,91.298,1.0
2013-11-05,91.306,91.306,91.306,91.306,1.0
2013-11-06,91.013,91.013,91.013,91.013,1.0
2013-11-07,89.986,89.986,89.986,89.986,1.0
2013-11-08,89.725,89.725,89.725,89.725,1.0
2013-11-11,89.077,89.077,89.077,89.077,1.0
2013-11-12,88.239,88.239,88.239,88.239,1.0
2013-11-13,87.581,87.581,87.581,87.581,1.0
2013-11-14,88.711,88.711,88.711,88.711,1.0
2013-11-18,90.186,90.186,90.186,90.186,1.0
2013-11-19,90.57,90.57,90.57,90.57,1.0
2013-11-20,89.353,89.353,89.353,89.353,1.0
2013-11-21,87.696,87.696,87.696,87.696,1.0
2013-11-22,87.361,87.361,87.361,87.361,1.0
2013-11-25,89.155,89.155,89.155,89.155,1.0
2013-11-26,88.269,88.269,88.269,88.269,1.0
2013-11-27,88.248,88.248,88.248,88.248,1.0
2013-11-28,88.725,88.725,88.725,88.725,1.0
2013-11-29,90.518,90.518,90.518,90.518,1.0
2013-12-02,91.112,91.112,91.112,91.112,1.0
2013-12-03,91.195,91.195,91.195,91.195,1.0
2013-12-04,90.598,90.598,90.598,90.598,1.0
2013-12-05,91.555,91.555,91.555,91.555,1.0
2013-12-06,91.707,91.707,91.707,91.707,1.0
2013-12-09,92.979,92.979,92.979,92.979,1.0
2013-12-10,92.376,92.376,92.376,92.376,1.0
2013-12-11,91.883,91.883,91.883,91.883,1.0
2013-12-12,91.055,91.055,91.055,91.055,1.0
2013-12-13,89.788,89.788,89.788,89.788,1.0
2013-12-16,89.812,89.812,89.812,89.812,1.0
2013-12-17,90.079,90.079,90.079,90.079,1.0
2013-12-18,91.016,91.016,91.016,91.016,1.0
2013-12-19,90.301,90.301,90.301,90.301,1.0
2013-12-20,91.864,91.864,91.864,91.864,1.0
2013-12-23,92.396,92.396,92.396,92.396,1.0
2013-12-24,92.305,92.305,92.305,92.305,1.0
2013-12-26,92.484,92.484,92.484,92.484,1.0
2013-12-27,93.014,93.014,93.014,93.014,1.0
2013-12-30,92.726,92.726,92.726,92.726,1.0
2013-12-31,92.944,92.944,92.944,92.944,1.0
2014-01-01,93.045,93.045,93.045,93.045,1.0
2014-01-02,91.549,91.549,91.549,91.549,1.0
2014-01-03,91.461,91.461,91.461,91.461,1.0
2014-01-06,91.2,91.2,91.2,91.2,1.0
2014-01-07,90.44,90.44,90.44,90.44,1.0
2014-01-08,90.606,90.606,90.606,90.606,1.0
2014-01-09,90.345,90.345,90.345,90.345,1.0
2014-01-10,90.294,90.294,90.294,90.294,1.0
2014-01-13,91.59,91.59,91.59,91.59,1.0
2014-01-14,91.377,91.377,91.377,91.377,1.0
2014-01-15,92.185,92.185,92.185,92.185,1.0
2014-01-16,91.982,91.982,91.982,91.982,1.0
2014-01-17,91.05,91.05,91.05,91.05,1.0
2014-01-20,91.729,91.729,91.729,91.729,1.0
2014-01-21,92.087,92.087,92.087,92.087,1.0
2014-01-22,92.423,92.423,92.423,92.423,1.0
2014-01-23,92.447,92.447,92.447,92.447,1.0
2014-01-24,91.041,91.041,91.041,91.041,1.0
2014-01-27,88.782,88.782,88.782,88.782,1.0
2014-01-28,88.903,88.903,88.903,88.903,1.0
2014-01-29,88.765,88.765,88.765,88.765,1.0
2014-01-30,88.04,88.04,88.04,88.04,1.0
2014-01-31,88.777,88.777,88.777,88.777,1.0
2014-02-03,87.514,87.514,87.514,87.514,1.0
2014-02-04,87.809,87.809,87.809,87.809,1.0
2014-02-05,88.022,88.022,88.022,88.022,1.0
2014-02-06,87.865,87.865,87.865,87.865,1.0
2014-02-07,88.354,88.354,88.354,88.354,1.0
2014-02-10,88.133,88.133,88.133,88.133,1.0
2014-02-11,88.518,88.518,88.518,88.518,1.0
2014-02-12,89.012,89.012,89.012,89.012,1.0
2014-02-13,87.659,87.659,87.659,87.659,1.0
2014-02-14,88.162,88.162,88.162,88.162,1.0
2014-02-17,88.33,88.33,88.33,88.33,1.0
2014-02-18,88.912,88.912,88.912,88.912,1.0
2014-02-19,89.094,89.094,89.094,89.094,1.0
2014-02-20,88.185,88.185,88.185,88.185,1.0
2014-02-21,89.348,89.348,89.348,89.348,1.0
2014-02-24,89.634,89.634,89.634,89.634,1.0
2014-02-25,89.907,89.907,89.907,89.907,1.0
2014-02-26,90.307,90.307,90.307,90.307,1.0
2014-02-28,91.2,91.2,91.2,91.2,1.0
2014-03-03,90.449,90.449,90.449,90.449,1.0
2014-03-04,91.462,91.462,91.462,91.462,1.0
2014-03-05,92.325,92.325,92.325,92.325,1.0
2014-03-06,93.5,93.5,93.5,93.5,1.0
2014-03-07,95.223,95.223,95.223,95.223,1.0
2014-03-10,95.426,95.426,95.426,95.426,1.0
2014-03-11,94.834,94.834,94.834,94.834,1.0
2014-03-12,94.82,94.82,94.82,94.82,1.0
2014-03-13,94.719,94.719,94.719,94.719,1.0
2014-03-14,95.11,95.11,95.11,95.11,1.0
2014-03-18,95.383,95.383,95.383,95.383,1.0
2014-03-19,95.58,95.58,95.58,95.58,1.0
2014-03-20,95.014,95.014,95.014,95.014,1.0
2014-03-21,95.215,95.215,95.215,95.215,1.0
2014-03-24,96.297,96.297,96.297,96.297,1.0
2014-03-25,96.454,96.454,96.454,96.454,1.0
2014-03-26,96.751,96.751,96.751,96.751,1.0
2014-03-27,97.243,97.243,97.243,97.243,1.0
2014-03-28,98.183,98.183,98.183,98.183,1.0
2014-03-31,98.611,98.611,98.611,98.611,1.0
2014-04-01,98.759,98.759,98.759,98.759,1.0
2014-04-02,100.01,100.01,100.01,100.01,1.0
2014-04-03,99.572,99.572,99.572,99.572,1.0
2014-04-04,99.471,99.471,99.471,99.471,1.0
2014-04-07,99.287,99.287,99.287,99.287,1.0
2014-04-09,101.294,101.294,101.294,101.294,1.0
2014-04-10,101.897,101.897,101.897,101.897,1.0
2014-04-11,102.015,102.015,102.015,102.015,1.0
2014-04-15,101.299,101.299,101.299,101.299,1.0
2014-04-16,100.45,100.45,100.45,100.45,1.0
2014-04-17,102.261,102.261,102.261,102.261,1.0
2014-04-21,103.019,103.019,103.019,103.019,1.0
2014-04-22,102.992,102.992,102.992,102.992,1.0
2014-04-23,103.061,103.061,103.061,103.061,1.0
2014-04-25,102.409,102.409,102.409,102.409,1.0
2014-04-28,102.668,102.668,102.668,102.668,1.0
2014-04-29,102.192,102.192,102.192,102.192,1.0
2014-04-30,101.386,101.386,101.386,101.386,1.0
2014-05-02,101.683,101.683,101.683,101.683,1.0
2014-05-05,101.769,101.769,101.769,101.769,1.0
2014-05-06,102.151,102.151,102.151,102.151,1.0
2014-05-07,101.354,101.354,101.354,101.354,1.0
2014-05-08,101.496,101.496,101.496,101.496,1.0
2014-05-09,104.235,104.235,104.235,104.235,1.0
2014-05-12,106.342,106.342,106.342,106.342,1.0
2014-05-13,108.434,108.434,108.434,108.434,1.0
2014-05-14,109.004,109.004,109.004,109.004,1.0
2014-05-15,108.919,108.919,108.919,108.919,1.0
2014-05-16,110.586,110.586,110.586,110.586,1.0
2014-05-19,113.143,113.143,113.143,113.143,1.0
2014-05-20,113.267,113.267,113.267,113.267,1.0
2014-05-21,113.421,113.421,113.421,113.421,1.0
2014-05-22,114.165,114.165,114.165,114.165,1.0
2014-05-23,115.951,115.951,115.951,115.951,1.0
2014-05-26,115.349,115.349,115.349,115.349,1.0
2014-05-27,114.279,114.279,114.279,114.279,1.0
2014-05-28,114.364,114.364,114.364,114.364,1.0
2014-05-29,112.877,112.877,112.877,112.877,1.0
2014-05-30,112.391,112.391,112.391,112.391,1.0
2014-06-02,115.162,115.162,115.162,115.162,1.0
2014-06-03,115.942,115.942,115.942,115.942,1.0
2014-06-04,116.449,116.449,116.449,116.449,1.0
2014-06-05,118.314,118.314,118.314,118.314,1.0
2014-06-06,120.36,120.36,120.36,120.36,1.0
2014-06-09,121.32,121.32,121.32,121.32,1.0
2014-06-10,121.376,121.376,121.376,121.376,1.0
2014-06-11,121.109,121.109,121.109,121.109,1.0
2014-06-12,121.609,121.609,121.609,121.609,1.0
2014-06-13,119.325,119.325,119.325,119.325,1.0
2014-06-16,119.471,119.471,119.471,119.471,1.0
2014-06-17,121.464,121.464,121.464,121.464,1.0
2014-06-18,120.438,120.438,120.438,120.438,1.0
2014-06-19,119.929,119.929,119.929,119.929,1.0
2014-06-20,119.253,119.253,119.253,119.253,1.0
2014-06-23,119.007,119.007,119.007,119.007,1.0
2014-06-24,121.218,121.218,121.218,121.218,1.0
2014-06-25,120.514,120.514,120.514,120.514,1.0
2014-06-26,119.276,119.276,119.276,119.276,1.0
2014-06-27,120.046,120.046,120.046,120.046,1.0
2014-06-30,121.967,121.967,121.967,121.967,1.0
2014-07-01,122.348,122.348,122.348,122.348,1.0
2014-07-02,123.531,123.531,123.531,123.531,1.0
2014-07-03,123.354,123.354,123.354,123.354,1.0
2014-07-04,123.917,123.917,123.917,123.917,1.0
2014-07-07,124.212,124.212,124.212,124.212,1.0
2014-07-08,120.993,120.993,120.993,120.993,1.0
2014-07-09,119.807,119.807,119.807,119.807,1.0
2014-07-10,119.566,119.566,119.566,119.566,1.0
2014-07-11,117.025,117.025,117.025,117.025,1.0
2014-07-14,116.963,116.963,116.963,116.963,1.0
2014-07-15,119.024,119.024,119.024,119.024,1.0
2014-07-16,120.81,120.81,120.81,120.81,1.0
2014-07-17,121.525,121.525,121.525,121.525,1.0
2014-07-18,121.784,121.784,121.784,121.784,1.0
2014-07-21,121.713,121.713,121.713,121.713,1.0
2014-07-22,122.565,122.565,122.565,122.565,1.0
2014-07-23,123.239,123.239,123.239,123.239,1.0
2014-07-24,123.478,123.478,123.478,123.478,1.0
2014-07-25,121.851,121.851,121.851,121.851,1.0
2014-07-28,120.957,120.957,120.957,120.957,1.0
2014-07-30,121.556,121.556,121.556,121.556,1.0
2014-07-31,120.989,120.989,120.989,120.989,1.0
2014-08-01,119.941,119.941,119.941,119.941,1.0
2014-08-04,121.524,121.524,121.524,121.524,1.0
2014-08-05,122.122,122.122,122.122,122.122,1.0
2014-08-06,120.979,120.979,120.979,120.979,1.0
2014-08-07,120.382,120.382,120.382,120.382,1.0
2014-08-08,118.774,118.774,118.774,118.774,1.0
2014-08-11,119.981,119.981,119.981,119.981,1.0
2014-08-12,121.135,121.135,121.135,121.135,1.0
2014-08-13,120.53,120.53,120.53,120.53,1.0
2014-08-14,121.455,121.455,121.455,121.455,1.0
2014-08-18,123.457,123.457,123.457,123.457,1.0
2014-08-19,124.215,124.215,124.215,124.215,1.0
2014-08-20,123.779,123.779,123.779,123.779,1.0
2014-08-21,124.286,124.286,124.286,124.286,1.0
2014-08-22,124.585,124.585,124.585,124.585,1.0
2014-08-25,124.151,124.151,124.151,124.151,1.0
2014-08-26,123.732,123.732,123.732,123.732,1.0
2014-08-27,124.943,124.943,124.943,124.943,1.0
2014-08-28,125.303,125.303,125.303,125.303,1.0
2014-09-01,126.74,126.74,126.74,126.74,1.0
2014-09-02,127.284,127.284,127.284,127.284,1.0
2014-09-03,127.933,127.933,127.933,127.933,1.0
2014-09-04,127.247,127.247,127.247,127.247,1.0
2014-09-05,127.713,127.713,127.713,127.713,1.0
2014-09-08,129.537,129.537,129.537,129.537,1.0
2014-09-09,129.636,129.636,129.636,129.636,1.0
2014-09-10,129.12,129.12,129.12,129.12,1.0
2014-09-11,129.733,129.733,129.733,129.733,1.0
2014-09-12,130.376,130.376,130.376,130.376,1.0
2014-09-15,129.625,129.625,129.625,129.625,1.0
2014-09-16,126.546,126.546,126.546,126.546,1.0
2014-09-17,127.557,127.557,127.557,127.557,1.0
2014-09-18,129.828,129.828,129.828,129.828,1.0
2014-09-19,129.326,129.326,129.326,129.326,1.0
2014-09-22,130.062,130.062,130.062,130.062,1.0
2014-09-23,127.328,127.328,127.328,127.328,1.0
2014-09-24,126.274,126.274,126.274,126.274,1.0
2014-09-25,124.036,124.036,124.036,124.036,1.0
2014-09-26,125.361,125.361,125.361,125.361,1.0
2014-09-29,125.546,125.546,125.546,125.546,1.0
2014-09-30,125.714,125.714,125.714,125.714,1.0
2014-10-01,125.406,125.406,125.406,125.406,1.0
2014-10-07,124.055,124.055,124.055,124.055,1.0
2014-10-08,124.029,124.029,124.029,124.029,1.0
2014-10-09,126.132,126.132,126.132,126.132,1.0
2014-10-10,124.638,124.638,124.638,124.638,1.0
2014-10-13,125.195,125.195,125.195,125.195,1.0
2014-10-14,124.889,124.889,124.889,124.889,1.0
2014-10-16,122.693,122.693,122.693,122.693,1.0
2014-10-17,123.516,123.516,123.516,123.516,1.0
2014-10-20,125.088,125.088,125.088,125.088,1.0
2014-10-21,125.702,125.702,125.702,125.702,1.0
2014-10-22,126.607,126.607,126.607,126.607,1.0
2014-10-27,126.423,126.423,126.423,126.423,1.0
2014-10-28,127.176,127.176,127.176,127.176,1.0
2014-10-29,128.033,128.033,128.033,128.033,1.0
2014-10-30,128.896,128.896,128.896,128.896,1.0
2014-10-31,131.365,131.365,131.365,131.365,1.0
2014-11-03,132.044,132.044,132.044,132.044,1.0
2014-11-05,132.409,132.409,132.409,132.409,1.0
2014-11-07,132.419,132.419,132.419,132.419,1.0
2014-11-10,132.25,132.25,132.25,132.25,1.0
2014-11-11,132.577,132.577,132.577,132.577,1.0
2014-11-12,132.784,132.784,132.784,132.784,1.0
2014-11-13,131.934,131.934,131.934,131.934,1.0
2014-11-14,133.033,133.033,133.033,133.033,1.0
2014-11-17,134.24,134.24,134.24,134.24,1.0
2014-11-18,134.419,134.419,134.419,134.419,1.0
2014-11-19,133.33,133.33,133.33,133.33,1.0
2014-11-20,133.876,133.876,133.876,133.876,1.0
2014-11-21,135.028,135.028,135.028,135.028,1.0
2014-11-24,136.155,136.155,136.155,136.155,1.0
2014-11-25,134.657,134.657,134.657,134.657,1.0
2014-11-26,134.909,134.909,134.909,134.909,1.0
2014-11-27,135.17,135.17,135.17,135.17,1.0
2014-11-28,137.097,137.097,137.097,137.097,1.0
2014-12-01,136.276,136.276,136.276,136.276,1.0
2014-12-02,136.424,136.424,136.424,136.424,1.0
2014-12-03,137.203,137.203,137.203,137.203,1.0
2014-12-04,137.837,137.837,137.837,137.837,1.0
2014-12-05,137.44,137.44,137.44,137.44,1.0
2014-12-08,135.371,135.371,135.371,135.371,1.0
2014-12-09,133.19,133.19,133.19,133.19,1.0
2014-12-10,133.939,133.939,133.939,133.939,1.0
2014-12-11,132.968,132.968,132.968,132.968,1.0
2014-12-12,131.991,131.991,131.991,131.991,1.0
2014-12-15,131.123,131.123,131.123,131.123,1.0
2014-12-16,128.415,128.415,128.415,128.415,1.0
2014-12-17,128.516,128.516,128.516,128.516,1.0
2014-12-18,131.292,131.292,131.292,131.292,1.0
2014-12-19,132.34,132.34,132.34,132.34,1.0
2014-12-22,133.247,133.247,133.247,133.247,1.0
2014-12-23,132.312,132.312,132.312,132.312,1.0
2014-12-24,131.431,131.431,131.431,131.431,1.0
2014-12-26,131.728,131.728,131.728,131.728,1.0
2014-12-29,132.374,132.374,132.374,132.374,1.0
2014-12-30,132.609,132.609,132.609,132.609,1.0
2014-12-31,133.401,133.401,133.401,133.401,1.0
2015-01-01,133.653,133.653,133.653,133.653,1.0
2015-01-02,135.052,135.052,135.052,135.052,1.0
2015-01-05,134.931,134.931,134.931,134.931,1.0
2015-01-06,130.634,130.634,130.634,130.634,1.0
2015-01-07,130.921,130.921,130.921,130.921,1.0
2015-01-08,133.083,133.083,133.083,133.083,1.0
2015-01-09,133.908,133.908,133.908,133.908,1.0
2015-01-12,134.242,134.242,134.242,134.242,1.0
2015-01-13,133.857,133.857,133.857,133.857,1.0
2015-01-14,133.01,133.01,133.01,133.01,1.0
2015-01-15,136.087,136.087,136.087,136.087,1.0
2015-01-16,136.004,136.004,136.004,136.004,1.0
2015-01-19,136.722,136.722,136.722,136.722,1.0
2015-01-20,138.307,138.307,138.307,138.307,1.0
2015-01-21,139.091,139.091,139.091,139.091,1.0
2015-01-22,139.441,139.441,139.441,139.441,1.0
2015-01-23,140.575,140.575,140.575,140.575,1.0
2015-01-27,141.867,141.867,141.867,141.867,1.0
2015-01-28,141.919,141.919,141.919,141.919,1.0
2015-01-29,142.06,142.06,142.06,142.06,1.0
2015-01-30,139.446,139.446,139.446,139.446,1.0
2015-02-02,138.955,138.955,138.955,138.955,1.0
2015-02-03,137.921,137.921,137.921,137.921,1.0
2015-02-04,137.212,137.212,137.212,137.212,1.0
2015-02-05,136.441,136.441,136.441,136.441,1.0
2015-02-06,135.145,135.145,135.145,135.145,1.0
2015-02-09,132.665,132.665,132.665,132.665,1.0
2015-02-10,133.155,133.155,133.155,133.155,1.0
2015-02-11,134.572,134.572,134.572,134.572,1.0
2015-02-12,135.74,135.74,135.74,135.74,1.0
2015-02-13,137.281,137.281,137.281,137.281,1.0
2015-02-16,137.259,137.259,137.259,137.259,1.0
2015-02-18,137.776,137.776,137.776,137.776,1.0
2015-02-19,138.57,138.57,138.57,138.57,1.0
2015-02-20,138.627,138.627,138.627,138.627,1.0
2015-02-23,137.322,137.322,137.322,137.322,1.0
2015-02-24,136.884,136.884,136.884,136.884,1.0
2015-02-25,136.617,136.617,136.617,136.617,1.0
2015-02-26,134.917,134.917,134.917,134.917,1.0
2015-02-27,137.756,137.756,137.756,137.756,1.0
2015-03-02,140.277,140.277,140.277,140.277,1.0
2015-03-03,141.486,141.486,141.486,141.486,1.0
2015-03-04,139.768,139.768,139.768,139.768,1.0
2015-03-05,139.997,139.997,139.997,139.997,1.0
2015-03-09,136.935,136.935,136.935,136.935,1.0
2015-03-10,136.539,136.539,136.539,136.539,1.0
2015-03-11,136.172,136.172,136.172,136.172,1.0
2015-03-12,137.504,137.504,137.504,137.504,1.0
2015-03-13,135.503,135.503,135.503,135.503,1.0
2015-03-16,135.635,135.635,135.635,135.635,1.0
2015-03-17,136.811,136.811,136.811,136.811,1.0
2015-03-18,136.885,136.885,136.885,136.885,1.0
2015-03-19,135.715,135.715,135.715,135.715,1.0
2015-03-20,133.828,133.828,133.828,133.828,1.0
2015-03-23,132.891,132.891,132.891,132.891,1.0
2015-03-24,132.649,132.649,132.649,132.649,1.0
2015-03-25,132.416,132.416,132.416,132.416,1.0
2015-03-26,129.633,129.633,129.633,129.633,1.0
2015-03-27,130.254,130.254,130.254,130.254,1.0
2015-03-30,133.013,133.013,133.013,133.013,1.0
2015-03-31,133.34,133.34,133.34,133.34,1.0
2015-04-01,134.848,134.848,134.848,134.848,1.0
2015-04-06,135.64,135.64,135.64,135.64,1.0
2015-04-07,135.86,135.86,135.86,135.86,1.0
2015-04-08,137.157,137.157,137.157,137.157,1.0
2015-04-09,138.43,138.43,138.43,138.43,1.0
2015-04-10,138.901,138.901,138.901,138.901,1.0
2015-04-13,139.662,139.662,139.662,139.662,1.0
2015-04-15,139.259,139.259,139.259,139.259,1.0
2015-04-16,138.842,138.842,138.842,138.842,1.0
2015-04-17,137.819,137.819,137.819,137.819,1.0
2015-04-20,135.356,135.356,135.356,135.356,1.0
2015-04-21,134.932,134.932,134.932,134.932,1.0
2015-04-22,135.086,135.086,135.086,135.086,1.0
2015-04-23,134.465,134.465,134.465,134.465,1.0
2015-04-24,131.961,131.961,131.961,131.961,1.0
2015-04-27,129.971,129.971,129.971,129.971,1.0
2015-04-28,132.249,132.249,132.249,132.249,1.0
2015-04-29,131.512,131.512,131.512,131.512,1.0
2015-04-30,131.002,131.002,131.002,131.002,1.0
2015-05-04,133.33,133.33,133.33,133.33,1.0
2015-05-05,133.577,133.577,133.577,133.577,1.0
2015-05-06,129.449,129.449,129.449,129.449,1.0
2015-05-07,127.606,127.606,127.606,127.606,1.0
2015-05-08,129.632,129.632,129.632,129.632,1.0
2015-05-11,132.909,132.909,132.909,132.909,1.0
2015-05-12,129.785,129.785,129.785,129.785,1.0
2015-05-13,131.708,131.708,131.708,131.708,1.0
2015-05-14,132.1,132.1,132.1,132.1,1.0
2015-05-15,132.325,132.325,132.325,132.325,1.0
2015-05-18,133.755,133.755,133.755,133.755,1.0
2015-05-19,133.649,133.649,133.649,133.649,1.0
2015-05-20,134.217,134.217,134.217,134.217,1.0
2015-05-21,133.676,133.676,133.676,133.676,1.0
2015-05-22,133.514,133.514,133.514,133.514,1.0
2015-05-25,132.67,132.67,132.67,132.67,1.0
2015-05-26,132.156,132.156,132.156,132.156,1.0
2015-05-27,132.378,132.378,132.378,132.378,1.0
2015-05-28,132.323,132.323,132.323,132.323,1.0
2015-05-29,133.989,133.989,133.989,133.989,1.0
2015-06-01,134.528,134.528,134.528,134.528,1.0
2015-06-02,131.55,131.55,131.55,131.55,1.0
2015-06-03,129.818,129.818,129.818,129.818,1.0
2015-06-04,130.256,130.256,130.256,130.256,1.0
2015-06-05,130.146,130.146,130.146,130.146,1.0
2015-06-08,128.779,128.779,128.779,128.779,1.0
2015-06-09,128.522,128.522,128.522,128.522,1.0
2015-06-10,130.017,130.017,130.017,130.017,1.0
2015-06-11,127.674,127.674,127.674,127.674,1.0
2015-06-12,127.849,127.849,127.849,127.849,1.0
2015-06-15,128.107,128.107,128.107,128.107,1.0
2015-06-16,128.846,128.846,128.846,128.846,1.0
2015-06-17,129.799,129.799,129.799,129.799,1.0
2015-06-18,131.226,131.226,131.226,131.226,1.0
2015-06-19,132.148,132.148,132.148,132.148,1.0
2015-06-22,134.24,134.24,134.24,134.24,1.0
2015-06-23,135.035,135.035,135.035,135.035,1.0
2015-06-24,134.115,134.115,134.115,134.115,1.0
2015-06-25,134.442,134.442,134.442,134.442,1.0
2015-06-26,134.129,134.129,134.129,134.129,1.0
2015-06-29,132.893,132.893,132.893,132.893,1.0
2015-06-30,133.666,133.666,133.666,133.666,1.0
2015-07-01,135.26,135.26,135.26,135.26,1.0
2015-07-02,135.304,135.304,135.304,135.304,1.0
2015-07-03,135.63,135.63,135.63,135.63,1.0
2015-07-06,136.621,136.621,136.621,136.621,1.0
2015-07-07,136.746,136.746,136.746,136.746,1.0
2015-07-08,134.716,134.716,134.716,134.716,1.0
2015-07-09,134.356,134.356,134.356,134.356,1.0
2015-07-10,135.328,135.328,135.328,135.328,1.0
2015-07-13,136.792,136.792,136.792,136.792,1.0
2015-07-14,136.687,136.687,136.687,136.687,1.0
2015-07-15,137.701,137.701,137.701,137.701,1.0
2015-07-16,138.678,138.678,138.678,138.678,1.0
2015-07-17,138.848,138.848,138.848,138.848,1.0
2015-07-20,138.505,138.505,138.505,138.505,1.0
2015-07-21,138.021,138.021,138.021,138.021,1.0
2015-07-22,139.572,139.572,139.572,139.572,1.0
2015-07-23,139.458,139.458,139.458,139.458,1.0
2015-07-24,137.728,137.728,137.728,137.728,1.0
2015-07-27,135.226,135.226,135.226,135.226,1.0
2015-07-28,135.054,135.054,135.054,135.054,1.0
2015-07-29,135.629,135.629,135.629,135.629,1.0
2015-07-30,136.988,136.988,136.988,136.988,1.0
2015-07-31,139.047,139.047,139.047,139.047,1.0
2015-08-03,140.212,140.212,140.212,140.212,1.0
2015-08-04,140.248,140.248,140.248,140.248,1.0
2015-08-05,140.99,140.99,140.99,140.99,1.0
2015-08-06,141.18,141.18,141.18,141.18,1.0
2015-08-07,140.929,140.929,140.929,140.929,1.0
2015-08-10,140.592,140.592,140.592,140.592,1.0
2015-08-11,138.737,138.737,138.737,138.737,1.0
2015-08-12,135.719,135.719,135.719,135.719,1.0
2015-08-13,135.953,135.953,135.953,135.953,1.0
2015-08-14,138.835,138.835,138.835,138.835,1.0
2015-08-17,139.111,139.111,139.111,139.111,1.0
2015-08-18,139.488,139.488,139.488,139.488,1.0
2015-08-19,139.716,139.716,139.716,139.716,1.0
2015-08-20,137.027,137.027,137.027,137.027,1.0
2015-08-21,136.209,136.209,136.209,136.209,1.0
2015-08-24,126.785,126.785,126.785,126.785,1.0
2015-08-25,129.018,129.018,129.018,129.018,1.0
2015-08-26,127.677,127.677,127.677,127.677,1.0
2015-08-27,130.805,130.805,130.805,130.805,1.0
2015-08-28,131.509,131.509,131.509,131.509,1.0
2015-08-31,130.689,130.689,130.689,130.689,1.0
2015-09-01,127.312,127.312,127.312,127.312,1.0
2015-09-02,125.927,125.927,125.927,125.927,1.0
2015-09-03,127.848,127.848,127.848,127.848,1.0
2015-09-04,125.285,125.285,125.285,125.285,1.0
2015-09-07,123.375,123.375,123.375,123.375,1.0
2015-09-08,125.884,125.884,125.884,125.884,1.0
2015-09-09,127.808,127.808,127.808,127.808,1.0
2015-09-10,127.624,127.624,127.624,127.624,1.0
2015-09-11,127.786,127.786,127.786,127.786,1.0
2015-09-14,129.603,129.603,129.603,129.603,1.0
2015-09-15,128.361,128.361,128.361,128.361,1.0
2015-09-16,129.13,129.13,129.13,129.13,1.0
2015-09-18,130.504,130.504,130.504,130.504,1.0
2015-09-21,130.782,130.782,130.782,130.782,1.0
2015-09-22,128.04,128.04,128.04,128.04,1.0
2015-09-23,128.866,128.866,128.866,128.866,1.0
2015-09-24,128.937,128.937,128.937,128.937,1.0
2015-09-28,127.488,127.488,127.488,127.488,1.0
2015-09-29,127.996,127.996,127.996,127.996,1.0
2015-09-30,129.267,129.267,129.267,129.267,1.0
2015-10-01,129.031,129.031,129.031,129.031,1.0
2015-10-05,131.851,131.851,131.851,131.851,1.0
2015-10-06,132.285,132.285,132.285,132.285,1.0
2015-10-07,133.061,133.061,133.061,133.061,1.0
2015-10-08,132.513,132.513,132.513,132.513,1.0
2015-10-09,133.639,133.639,133.639,133.639,1.0
2015-10-12,133.243,133.243,133.243,133.243,1.0
2015-10-13,133.438,133.438,133.438,133.438,1.0
2015-10-14,133.284,133.284,133.284,133.284,1.0
2015-10-15,134.436,134.436,134.436,134.436,1.0
2015-10-16,135.641,135.641,135.641,135.641,1.0
2015-10-19,136.399,136.399,136.399,136.399,1.0
2015-10-20,136.562,136.562,136.562,136.562,1.0
2015-10-21,136.74,136.74,136.74,136.74,1.0
2015-10-23,136.942,136.942,136.942,136.942,1.0
2015-10-26,136.252,136.252,136.252,136.252,1.0
2015-10-27,136.051,136.051,136.051,136.051,1.0
2015-10-28,135.13,135.13,135.13,135.13,1.0
2015-10-29,133.992,133.992,133.992,133.992,1.0
2015-10-30,133.257,133.257,133.257,133.257,1.0
2015-11-02,133.267,133.267,133.267,133.267,1.0
2015-11-03,133.493,133.493,133.493,133.493,1.0
2015-11-04,133.226,133.226,133.226,133.226,1.0
2015-11-05,131.954,131.954,131.954,131.954,1.0
2015-11-06,132.127,132.127,132.127,132.127,1.0
2015-11-09,132.318,132.318,132.318,132.318,1.0
2015-11-10,130.585,130.585,130.585,130.585,1.0
2015-11-13,130.812,130.812,130.812,130.812,1.0
2015-11-16,131.228,131.228,131.228,131.228,1.0
2015-11-17,131.095,131.095,131.095,131.095,1.0
2015-11-18,129.172,129.172,129.172,129.172,1.0
2015-11-19,130.957,130.957,130.957,130.957,1.0
2015-11-20,131.783,131.783,131.783,131.783,1.0
2015-11-23,131.913,131.913,131.913,131.913,1.0
2015-11-24,131.644,131.644,131.644,131.644,1.0
2015-11-26,132.463,132.463,132.463,132.463,1.0
2015-11-27,133.497,133.497,133.497,133.497,1.0
2015-11-30,133.708,133.708,133.708,133.708,1.0
2015-12-01,133.784,133.784,133.784,133.784,1.0
2015-12-02,133.369,133.369,133.369,133.369,1.0
2015-12-03,132.205,132.205,132.205,132.205,1.0
2015-12-04,131.21,131.21,131.21,131.21,1.0
2015-12-07,130.646,130.646,130.646,130.646,1.0
2015-12-08,129.531,129.531,129.531,129.531,1.0
2015-12-09,127.585,127.585,127.585,127.585,1.0
2015-12-10,128.885,128.885,128.885,128.885,1.0
2015-12-11,127.791,127.791,127.791,127.791,1.0
2015-12-14,128.352,128.352,128.352,128.352,1.0
2015-12-15,128.959,128.959,128.959,128.959,1.0
2015-12-16,129.962,129.962,129.962,129.962,1.0
2015-12-17,131.764,131.764,131.764,131.764,1.0
2015-12-18,130.675,130.675,130.675,130.675,1.0
2015-12-21,132.001,132.001,132.001,132.001,1.0
2015-12-22,131.529,131.529,131.529,131.529,1.0
2015-12-23,132.538,132.538,132.538,132.538,1.0
2015-12-24,132.812,132.812,132.812,132.812,1.0
2015-12-28,133.562,133.562,133.562,133.562,1.0
2015-12-29,133.726,133.726,133.726,133.726,1.0
2015-12-30,133.036,133.036,133.036,133.036,1.0
2015-12-31,133.617,133.617,133.617,133.617,1.0
2016-01-01,134.513,134.513,134.513,134.513,1.0
2016-01-04,131.605,131.605,131.605,131.605,1.0
2016-01-05,132.132,132.132,132.132,132.132,1.0
2016-01-06,131.789,131.789,131.789,131.789,1.0
2016-01-07,127.984,127.984,127.984,127.984,1.0
2016-01-08,128.973,128.973,128.973,128.973,1.0
2016-01-11,128.465,128.465,128.465,128.465,1.0
2016-01-12,127.385,127.385,127.385,127.385,1.0
2016-01-13,127.567,127.567,127.567,127.567,1.0
2016-01-14,126.712,126.712,126.712,126.712,1.0
2016-01-15,124.347,124.347,124.347,124.347,1.0
2016-01-18,121.778,121.778,121.778,121.778,1.0
2016-01-19,123.225,123.225,123.225,123.225,1.0
2016-01-20,120.73,120.73,120.73,120.73,1.0
2016-01-21,120.335,120.335,120.335,120.335,1.0
2016-01-22,122.8,122.8,122.8,122.8,1.0
2016-01-25,123.113,123.113,123.113,123.113,1.0
2016-01-27,123.574,123.574,123.574,123.574,1.0
2016-01-28,123.136,123.136,123.136,123.136,1.0
2016-01-29,124.366,124.366,124.366,124.366,1.0
2016-02-01,123.637,123.637,123.637,123.637,1.0
2016-02-02,121.668,121.668,121.668,121.668,1.0
2016-02-03,118.821,118.821,118.821,118.821,1.0
2016-02-04,119.093,119.093,119.093,119.093,1.0
2016-02-05,120.381,120.381,120.381,120.381,1.0
2016-02-08,119.45,119.45,119.45,119.45,1.0
2016-02-09,117.762,117.762,117.762,117.762,1.0
2016-02-10,116.365,116.365,116.365,116.365,1.0
2016-02-11,112.072,112.072,112.072,112.072,1.0
2016-02-12,111.591,111.591,111.591,111.591,1.0
2016-02-15,116.115,116.115,116.115,116.115,1.0
2016-02-16,113.713,113.713,113.713,113.713,1.0
2016-02-17,114.897,114.897,114.897,114.897,1.0
2016-02-18,115.632,115.632,115.632,115.632,1.0
2016-02-19,115.758,115.758,115.758,115.758,1.0
2016-02-22,115.941,115.941,115.941,115.941,1.0
2016-02-23,114.172,114.172,114.172,114.172,1.0
2016-02-24,113.208,113.208,113.208,113.208,1.0
2016-02-25,111.582,111.582,111.582,111.582,1.0
2016-02-26,112.545,112.545,112.545,112.545,1.0
2016-02-29,111.925,111.925,111.925,111.925,1.0
2016-03-01,115.47,115.47,115.47,115.47,1.0
2016-03-02,118.314,118.314,118.314,118.314,1.0
2016-03-03,120.064,120.064,120.064,120.064,1.0
2016-03-04,120.929,120.929,120.929,120.929,1.0
2016-03-08,120.753,120.753,120.753,120.753,1.0
2016-03-09,121.407,121.407,121.407,121.407,1.0
2016-03-10,120.654,120.654,120.654,120.654,1.0
2016-03-11,120.82,120.82,120.82,120.82,1.0
2016-03-14,121.715,121.715,121.715,121.715,1.0
2016-03-15,120.836,120.836,120.836,120.836,1.0
2016-03-16,121.729,121.729,121.729,121.729,1.0
2016-03-17,122.313,122.313,122.313,122.313,1.0
2016-03-18,123.856,123.856,123.856,123.856,1.0
2016-03-21,126.051,126.051,126.051,126.051,1.0
2016-03-22,126.625,126.625,126.625,126.625,1.0
2016-03-23,126.807,126.807,126.807,126.807,1.0
2016-03-28,124.292,124.292,124.292,124.292,1.0
2016-03-29,124.467,124.467,124.467,124.467,1.0
2016-03-30,127.286,127.286,127.286,127.286,1.0
2016-03-31,127.238,127.238,127.238,127.238,1.0
2016-04-01,127.442,127.442,127.442,127.442,1.0
2016-04-04,127.873,127.873,127.873,127.873,1.0
2016-04-05,125.146,125.146,125.146,125.146,1.0
2016-04-06,125.563,125.563,125.563,125.563,1.0
2016-04-07,124.585,124.585,124.585,124.585,1.0
2016-04-08,125.033,125.033,125.033,125.033,1.0
2016-04-11,126.693,126.693,126.693,126.693,1.0
2016-04-12,127.621,127.621,127.621,127.621,1.0
2016-04-13,129.749,129.749,129.749,129.749,1.0
2016-04-18,130.673,130.673,130.673,130.673,1.0
2016-04-20,131.121,131.121,131.121,131.121,1.0
2016-04-21,131.718,131.718,131.718,131.718,1.0
2016-04-22,132.017,132.017,132.017,132.017,1.0
2016-04-25,131.093,131.093,131.093,131.093,1.0
2016-04-26,132.777,132.777,132.777,132.777,1.0
2016-04-27,132.371,132.371,132.371,132.371,1.0
2016-04-28,130.464,130.464,130.464,130.464,1.0
2016-04-29,130.476,130.476,130.476,130.476,1.0
2016-05-02,129.856,129.856,129.856,129.856,1.0
2016-05-03,129.259,129.259,129.259,129.259,1.0
2016-05-04,127.926,127.926,127.926,127.926,1.0
2016-05-05,128.245,128.245,128.245,128.245,1.0
2016-05-06,128.029,128.029,128.029,128.029,1.0
2016-05-09,129.933,129.933,129.933,129.933,1.0
2016-05-10,130.272,130.272,130.272,130.272,1.0
2016-05-11,129.472,129.472,129.472,129.472,1.0
2016-05-12,130.596,130.596,130.596,130.596,1.0
2016-05-13,130.221,130.221,130.221,130.221,1.0
2016-05-16,129.806,129.806,129.806,129.806,1.0
2016-05-17,129.994,129.994,129.994,129.994,1.0
2016-05-18,130.229,130.229,130.229,130.229,1.0
2016-05-19,128.396,128.396,128.396,128.396,1.0
2016-05-20,127.412,127.412,127.412,127.412,1.0
2016-05-23,126.884,126.884,126.884,126.884,1.0
2016-05-24,126.495,126.495,126.495,126.495,1.0
2016-05-25,129.235,129.235,129.235,129.235,1.0
2016-05-26,131.771,131.771,131.771,131.771,1.0
2016-05-27,133.363,133.363,133.363,133.363,1.0
2016-05-30,134.201,134.201,134.201,134.201,1.0
2016-05-31,134.815,134.815,134.815,134.815,1.0
2016-06-01,134.508,134.508,134.508,134.508,1.0
2016-06-02,135.431,135.431,135.431,135.431,1.0
2016-06-03,135.567,135.567,135.567,135.567,1.0
2016-06-06,135.655,135.655,135.655,135.655,1.0
2016-06-07,137.133,137.133,137.133,137.133,1.0
2016-06-08,137.497,137.497,137.497,137.497,1.0
2016-06-09,136.689,136.689,136.689,136.689,1.0
2016-06-10,136.42,136.42,136.42,136.42,1.0
2016-06-13,135.018,135.018,135.018,135.018,1.0
2016-06-14,135.583,135.583,135.583,135.583,1.0
2016-06-15,137.496,137.496,137.496,137.496,1.0
2016-06-16,136.678,136.678,136.678,136.678,1.0
2016-06-17,136.995,136.995,136.995,136.995,1.0
2016-06-20,137.845,137.845,137.845,137.845,1.0
2016-06-21,137.54,137.54,137.54,137.54,1.0
2016-06-22,137.197,137.197,137.197,137.197,1.0
2016-06-23,138.011,138.011,138.011,138.011,1.0
2016-06-24,134.686,134.686,134.686,134.686,1.0
2016-06-27,135.571,135.571,135.571,135.571,1.0
2016-06-28,136.13,136.13,136.13,136.13,1.0
2016-06-29,137.838,137.838,137.838,137.838,1.0
2016-06-30,139.276,139.276,139.276,139.276,1.0
2016-07-01,140.229,140.229,140.229,140.229,1.0
2016-07-04,141.807,141.807,141.807,141.807,1.0
2016-07-05,141.212,141.212,141.212,141.212,1.0
2016-07-07,141.183,141.183,141.183,141.183,1.0
2016-07-08,140.863,140.863,140.863,140.863,1.0
2016-07-11,143.373,143.373,143.373,143.373,1.0
2016-07-12,144.323,144.323,144.323,144.323,1.0
2016-07-13,143.898,143.898,143.898,143.898,1.0
2016-07-14,144.912,144.912,144.912,144.912,1.0
2016-07-15,144.572,144.572,144.572,144.572,1.0
2016-07-18,144.035,144.035,144.035,144.035,1.0
2016-07-19,144.496,144.496,144.496,144.496,1.0
2016-07-20,145.397,145.397,145.397,145.397,1.0
2016-07-21,144.13,144.13,144.13,144.13,1.0
2016-07-22,145.059,145.059,145.059,145.059,1.0
2016-07-25,146.66,146.66,146.66,146.66,1.0
2016-07-26,145.874,145.874,145.874,145.874,1.0
2016-07-27,146.024,146.024,146.024,146.024,1.0
2016-07-28,146.642,146.642,146.642,146.642,1.0
2016-07-29,146.188,146.188,146.188,146.188,1.0
2016-08-01,145.374,145.374,145.374,145.374,1.0
2016-08-02,145.007,145.007,145.007,145.007,1.0
2016-08-03,143.523,143.523,143.523,143.523,1.0
2016-08-04,143.927,143.927,143.927,143.927,1.0
2016-08-05,146.188,146.188,146.188,146.188,1.0
2016-08-08,147.221,147.221,147.221,147.221,1.0
2016-08-09,146.95,146.95,146.95,146.95,1.0
2016-08-10,145.378,145.378,145.378,145.378,1.0
2016-08-11,145.211,145.211,145.211,145.211,1.0
2016-08-12,146.657,146.657,146.657,146.657,1.0
2016-08-16,146.987,146.987,146.987,146.987,1.0
2016-08-17,146.936,146.936,146.936,146.936,1.0
2016-08-18,148.036,148.036,148.036,148.036,1.0
2016-08-19,148.82,148.82,148.82,148.82,1.0
2016-08-22,148.127,148.127,148.127,148.127,1.0
2016-08-23,148.058,148.058,148.058,148.058,1.0
2016-08-24,148.6,148.6,148.6,148.6,1.0
2016-08-25,147.461,147.461,147.461,147.461,1.0
2016-08-26,146.826,146.826,146.826,146.826,1.0
2016-08-29,147.503,147.503,147.503,147.503,1.0
2016-08-30,149.442,149.442,149.442,149.442,1.0
2016-08-31,149.962,149.962,149.962,149.962,1.0
2016-09-01,149.091,149.091,149.091,149.091,1.0
2016-09-02,149.965,149.965,149.965,149.965,1.0
2016-09-06,152.271,152.271,152.271,152.271,1.0
2016-09-07,152.271,152.271,152.271,152.271,1.0
2016-09-08,153.114,153.114,153.114,153.114,1.0
2016-09-09,151.816,151.816,151.816,151.816,1.0
2016-09-12,148.651,148.651,148.651,148.651,1.0
2016-09-14,149.272,149.272,149.272,149.272,1.0
2016-09-15,149.379,149.379,149.379,149.379,1.0
2016-09-16,150.372,150.372,150.372,150.372,1.0
2016-09-19,150.801,150.801,150.801,150.801,1.0
2016-09-20,150.377,150.377,150.377,150.377,1.0
2016-09-21,150.329,150.329,150.329,150.329,1.0
2016-09-22,152.214,152.214,152.214,152.214,1.0
2016-09-23,151.521,151.521,151.521,151.521,1.0
2016-09-26,149.988,149.988,149.988,149.988,1.0
2016-09-27,149.338,149.338,149.338,149.338,1.0
2016-09-28,150.383,150.383,150.383,150.383,1.0
2016-09-29,147.021,147.021,147.021,147.021,1.0
2016-09-30,148.342,148.342,148.342,148.342,1.0
2016-10-03,150.673,150.673,150.673,150.673,1.0
2016-10-04,151.459,151.459,151.459,151.459,1.0
2016-10-05,151.634,151.634,151.634,151.634,1.0
2016-10-06,150.893,150.893,150.893,150.893,1.0
2016-10-07,151.103,151.103,151.103,151.103,1.0
2016-10-10,151.439,151.439,151.439,151.439,1.0
2016-10-13,148.929,148.929,148.929,148.929,1.0
2016-10-14,149.593,149.593,149.593,149.593,1.0
2016-10-17,149.075,149.075,149.075,149.075,1.0
2016-10-18,151.784,151.784,151.784,151.784,1.0
2016-10-19,152.476,152.476,152.476,152.476,1.0
2016-10-20,153.583,153.583,153.583,153.583,1.0
2016-10-21,153.66,153.66,153.66,153.66,1.0
2016-10-24,154.148,154.148,154.148,154.148,1.0
2016-10-25,154.114,154.114,154.114,154.114,1.0
2016-10-26,152.212,152.212,152.212,152.212,1.0
2016-10-27,152.015,152.015,152.015,152.015,1.0
2016-10-28,152.462,152.462,152.462,152.462,1.0
2016-11-01,152.541,152.541,152.541,152.541,1.0
2016-11-02,150.128,150.128,150.128,150.128,1.0
2016-11-03,148.88,148.88,148.88,148.88,1.0
2016-11-04,147.702,147.702,147.702,147.702,1.0
2016-11-07,149.381,149.381,149.381,149.381,1.0
2016-11-08,150.026,150.026,150.026,150.026,1.0
2016-11-09,148.069,148.069,148.069,148.069,1.0
2016-11-10,151.473,151.473,151.473,151.473,1.0
2016-11-11,147.507,147.507,147.507,147.507,1.0
2016-11-15,144.484,144.484,144.484,144.484,1.0
2016-11-16,143.922,143.922,143.922,143.922,1.0
2016-11-17,143.586,143.586,143.586,143.586,1.0
2016-11-18,143.219,143.219,143.219,143.219,1.0
2016-11-21,139.856,139.856,139.856,139.856,1.0
2016-11-22,140.984,140.984,140.984,140.984,1.0
2016-11-23,141.862,141.862,141.862,141.862,1.0
2016-11-24,141.138,141.138,141.138,141.138,1.0
2016-11-25,143.114,143.114,143.114,143.114,1.0
2016-11-28,143.689,143.689,143.689,143.689,1.0
2016-11-29,144.083,144.083,144.083,144.083,1.0
2016-11-30,145.644,145.644,145.644,145.644,1.0
2016-12-01,145.047,145.047,145.047,145.047,1.0
2016-12-02,143.163,143.163,143.163,143.163,1.0
2016-12-05,143.868,143.868,143.868,143.868,1.0
2016-12-06,144.209,144.209,144.209,144.209,1.0
2016-12-07,143.429,143.429,143.429,143.429,1.0
2016-12-08,145.641,145.641,145.641,145.641,1.0
2016-12-09,146.271,146.271,146.271,146.271,1.0
2016-12-12,144.886,144.886,144.886,144.886,1.0
2016-12-13,145.682,145.682,145.682,145.682,1.0
2016-12-14,144.834,144.834,144.834,144.834,1.0
2016-12-15,144.695,144.695,144.695,144.695,1.0
2016-12-16,144.4,144.4,144.4,144.4,1.0
2016-12-19,143.877,143.877,143.877,143.877,1.0
2016-12-20,143.031,143.031,143.031,143.031,1.0
2016-12-21,142.964,142.964,142.964,142.964,1.0
2016-12-22,141.098,141.098,141.098,141.098,1.0
2016-12-23,141.163,141.163,141.163,141.163,1.0
2016-12-26,138.817,138.817,138.817,138.817,1.0
2016-12-27,141.079,141.079,141.079,141.079,1.0
2016-12-28,141.085,141.085,141.085,141.085,1.0
2016-12-29,141.869,141.869,141.869,141.869,1.0
2016-12-30,143.316,143.316,143.316,143.316,1.0
2017-01-02,143.831,143.831,143.831,143.831,1.0
2017-01-03,144.325,144.325,144.325,144.325,1.0
2017-01-04,144.38,144.38,144.38,144.38,1.0
2017-01-05,146.312,146.312,146.312,146.312,1.0
2017-01-06,145.72,145.72,145.72,145.72,1.0
2017-01-09,145.563,145.563,145.563,145.563,1.0
2017-01-10,146.52,146.52,146.52,146.52,1.0
2017-01-11,148.081,148.081,148.081,148.081,1.0
2017-01-12,149.085,149.085,149.085,149.085,1.0
2017-01-13,148.856,148.856,148.856,148.856,1.0
2017-01-16,149.53,149.53,149.53,149.53,1.0
2017-01-17,148.863,148.863,148.863,148.863,1.0
2017-01-18,149.219,149.219,149.219,149.219,1.0
2017-01-19,149.834,149.834,149.834,149.834,1.0
2017-01-20,147.475,147.475,147.475,147.475,1.0
2017-01-23,148.003,148.003,148.003,148.003,1.0
2017-01-24,149.591,149.591,149.591,149.591,1.0
2017-01-25,151.335,151.335,151.335,151.335,1.0
2017-01-27,152.269,152.269,152.269,152.269,1.0
2017-01-30,151.959,151.959,151.959,151.959,1.0
2017-01-31,150.434,150.434,150.434,150.434,1.0
2017-02-01,153.578,153.578,153.578,153.578,1.0
2017-02-02,154.534,154.534,154.534,154.534,1.0
2017-02-03,154.884,154.884,154.884,154.884,1.0
2017-02-06,155.952,155.952,155.952,155.952,1.0
2017-02-07,155.56,155.56,155.56,155.56,1.0
2017-02-08,155.897,155.897,155.897,155.897,1.0
2017-02-09,155.824,155.824,155.824,155.824,1.0
2017-02-10,155.658,155.658,155.658,155.658,1.0
2017-02-13,155.371,155.371,155.371,155.371,1.0
2017-02-14,155.099,155.099,155.099,155.099,1.0
2017-02-15,153.339,153.339,153.339,153.339,1.0
2017-02-16,154.874,154.874,154.874,154.874,1.0
2017-02-17,156.056,156.056,156.056,156.056,1.0
2017-02-20,157.414,157.414,157.414,157.414,1.0
2017-02-21,157.768,157.768,157.768,157.768,1.0
2017-02-22,158.128,158.128,158.128,158.128,1.0
2017-02-23,158.081,158.081,158.081,158.081,1.0
2017-02-27,157.528,157.528,157.528,157.528,1.0
2017-02-28,157.447,157.447,157.447,157.447,1.0
2017-03-01,158.439,158.439,158.439,158.439,1.0
2017-03-02,157.361,157.361,157.361,157.361,1.0
2017-03-03,157.597,157.597,157.597,157.597,1.0
2017-03-06,158.627,158.627,158.627,158.627,1.0
2017-03-07,158.368,158.368,158.368,158.368,1.0
2017-03-08,157.729,157.729,157.729,157.729,1.0
2017-03-09,157.585,157.585,157.585,157.585,1.0
2017-03-10,157.405,157.405,157.405,157.405,1.0
2017-03-14,159.736,159.736,159.736,159.736,1.0
2017-03-15,160.086,160.086,160.086,160.086,1.0
2017-03-16,161.64,161.64,161.64,161.64,1.0
2017-03-17,161.488,161.488,161.488,161.488,1.0
2017-03-20,160.917,160.917,160.917,160.917,1.0
2017-03-21,160.422,160.422,160.422,160.422,1.0
2017-03-22,158.838,158.838,158.838,158.838,1.0
2017-03-23,159.707,159.707,159.707,159.707,1.0
2017-03-24,160.515,160.515,160.515,160.515,1.0
2017-03-27,159.348,159.348,159.348,159.348,1.0
2017-03-28,160.4,160.4,160.4,160.4,1.0
2017-03-29,161.66,161.66,161.66,161.66,1.0
2017-03-30,162.444,162.444,162.444,162.444,1.0
2017-03-31,162.916,162.916,162.916,162.916,1.0
2017-04-03,164.338,164.338,164.338,164.338,1.0
2017-04-05,165.752,165.752,165.752,165.752,1.0
2017-04-06,165.63,165.63,165.63,165.63,1.0
2017-04-07,164.373,164.373,164.373,164.373,1.0
2017-04-10,164.591,164.591,164.591,164.591,1.0
2017-04-11,165.708,165.708,165.708,165.708,1.0
2017-04-12,164.968,164.968,164.968,164.968,1.0
2017-04-13,163.812,163.812,163.812,163.812,1.0
2017-04-17,163.915,163.915,163.915,163.915,1.0
2017-04-18,163.302,163.302,163.302,163.302,1.0
2017-04-19,163.393,163.393,163.393,163.393,1.0
2017-04-20,163.866,163.866,163.866,163.866,1.0
2017-04-21,163.999,163.999,163.999,163.999,1.0
2017-04-24,165.951,165.951,165.951,165.951,1.0
2017-04-25,166.982,166.982,166.982,166.982,1.0
2017-04-26,167.302,167.302,167.302,167.302,1.0
2017-04-27,166.924,166.924,166.924,166.924,1.0
2017-04-28,167.308,167.308,167.308,167.308,1.0
2017-05-02,166.89,166.89,166.89,166.89,1.0
2017-05-03,166.662,166.662,166.662,166.662,1.0
2017-05-04,168.214,168.214,168.214,168.214,1.0
2017-05-05,166.512,166.512,166.512,166.512,1.0
2017-05-08,167.291,167.291,167.291,167.291,1.0
2017-05-09,167.672,167.672,167.672,167.672,1.0
2017-05-10,168.678,168.678,168.678,168.678,1.0
2017-05-11,169.212,169.212,169.212,169.212,1.0
2017-05-12,168.873,168.873,168.873,168.873,1.0
2017-05-15,169.916,169.916,169.916,169.916,1.0
2017-05-16,170.761,170.761,170.761,170.761,1.0
2017-05-17,171.735,171.735,171.735,171.735,1.0
2017-05-18,169.869,169.869,169.869,169.869,1.0
2017-05-19,170.21,170.21,170.21,170.21,1.0
2017-05-22,169.835,169.835,169.835,169.835,1.0
2017-05-23,167.565,167.565,167.565,167.565,1.0
2017-05-24,165.952,165.952,165.952,165.952,1.0
2017-05-25,168.925,168.925,168.925,168.925,1.0
2017-05-26,170.806,170.806,170.806,170.806,1.0
2017-05-29,170.27,170.27,170.27,170.27,1.0
2017-05-30,171.228,171.228,171.228,171.228,1.0
2017-05-31,171.432,171.432,171.432,171.432,1.0
2017-06-01,171.026,171.026,171.026,171.026,1.0
2017-06-02,171.143,171.143,171.143,171.143,1.0
2017-06-05,171.644,171.644,171.644,171.644,1.0
2017-06-06,170.896,170.896,170.896,170.896,1.0
2017-06-07,171.871,171.871,171.871,171.871,1.0
2017-06-08,171.736,171.736,171.736,171.736,1.0
2017-06-09,172.733,172.733,172.733,172.733,1.0
2017-06-12,171.449,171.449,171.449,171.449,1.0
2017-06-13,171.51,171.51,171.51,171.51,1.0
2017-06-14,171.776,171.776,171.776,171.776,1.0
2017-06-15,171.549,171.549,171.549,171.549,1.0
2017-06-16,171.848,171.848,171.848,171.848,1.0
2017-06-19,173.209,173.209,173.209,173.209,1.0
2017-06-20,173.24,173.24,173.24,173.24,1.0
2017-06-21,172.855,172.855,172.855,172.855,1.0
2017-06-22,172.528,172.528,172.528,172.528,1.0
2017-06-23,171.179,171.179,171.179,171.179,1.0
2017-06-27,169.774,169.774,169.774,169.774,1.0
2017-06-28,169.397,169.397,169.397,169.397,1.0
2017-06-29,170.239,170.239,170.239,170.239,1.0
2017-06-30,170.573,170.573,170.573,170.573,1.0
2017-07-03,172.486,172.486,172.486,172.486,1.0
2017-07-04,172.192,172.192,172.192,172.192,1.0
2017-07-05,172.642,172.642,172.642,172.642,1.0
2017-07-06,173.417,173.417,173.417,173.417,1.0
2017-07-07,173.43,173.43,173.43,173.43,1.0
2017-07-10,174.987,174.987,174.987,174.987,1.0
2017-07-11,174.897,174.897,174.897,174.897,1.0
2017-07-12,175.784,175.784,175.784,175.784,1.0
2017-07-13,177.456,177.456,177.456,177.456,1.0
2017-07-14,177.76,177.76,177.76,177.76,1.0
2017-07-17,178.036,178.036,178.036,178.036,1.0
2017-07-18,175.829,175.829,175.829,175.829,1.0
2017-07-19,177.165,177.165,177.165,177.165,1.0
2017-07-20,176.818,176.818,176.818,176.818,1.0
2017-07-21,177.146,177.146,177.146,177.146,1.0
2017-07-24,178.035,178.035,178.035,178.035,1.0
2017-07-25,178.582,178.582,178.582,178.582,1.0
2017-07-26,179.759,179.759,179.759,179.759,1.0
2017-07-27,179.001,179.001,179.001,179.001,1.0
2017-07-28,178.325,178.325,178.325,178.325,1.0
2017-07-31,180.122,180.122,180.122,180.122,1.0
2017-08-01,180.553,180.553,180.553,180.553,1.0
2017-08-02,179.754,179.754,179.754,179.754,1.0
2017-08-03,177.962,177.962,177.962,177.962,1.0
2017-08-04,179.002,179.002,179.002,179.002,1.0
2017-08-07,179.492,179.492,179.492,179.492,1.0
2017-08-08,178.067,178.067,178.067,178.067,1.0
2017-08-09,176.659,176.659,176.659,176.659,1.0
2017-08-10,174.125,174.125,174.125,174.125,1.0
2017-08-11,171.643,171.643,171.643,171.643,1.0
2017-08-14,173.937,173.937,173.937,173.937,1.0
2017-08-16,175.555,175.555,175.555,175.555,1.0
2017-08-17,176.476,176.476,176.476,176.476,1.0
2017-08-18,174.924,174.924,174.924,174.924,1.0
2017-08-21,173.207,173.207,173.207,173.207,1.0
2017-08-22,173.166,173.166,173.166,173.166,1.0
2017-08-23,175.167,175.167,175.167,175.167,1.0
2017-08-24,175.602,175.602,175.602,175.602,1.0
2017-08-28,176.408,176.408,176.408,176.408,1.0
2017-08-29,174.555,174.555,174.555,174.555,1.0
2017-08-30,176.005,176.005,176.005,176.005,1.0
2017-08-31,176.37,176.37,176.37,176.37,1.0
2017-09-01,177.062,177.062,177.062,177.062,1.0
2017-09-04,176.063,176.063,176.063,176.063,1.0
2017-09-05,176.82,176.82,176.82,176.82,1.0
2017-09-06,176.216,176.216,176.216,176.216,1.0
2017-09-07,176.413,176.413,176.413,176.413,1.0
2017-09-08,176.6,176.6,176.6,176.6,1.0
2017-09-11,178.203,178.203,178.203,178.203,1.0
2017-09-12,179.946,179.946,179.946,179.946,1.0
2017-09-13,179.555,179.555,179.555,179.555,1.0
2017-09-14,179.709,179.709,179.709,179.709,1.0
2017-09-15,179.633,179.633,179.633,179.633,1.0
2017-09-18,180.685,180.685,180.685,180.685,1.0
2017-09-19,180.717,180.717,180.717,180.717,1.0
2017-09-20,180.649,180.649,180.649,180.649,1.0
2017-09-21,179.849,179.849,179.849,179.849,1.0
2017-09-22,176.215,176.215,176.215,176.215,1.0
2017-09-25,174.699,174.699,174.699,174.699,1.0
2017-09-26,175.43,175.43,175.43,175.43,1.0
2017-09-27,172.414,172.414,172.414,172.414,1.0
2017-09-28,173.062,173.062,173.062,173.062,1.0
2017-09-29,174.372,174.372,174.372,174.372,1.0
2017-10-03,175.162,175.162,175.162,175.162,1.0
2017-10-04,176.067,176.067,176.067,176.067,1.0
2017-10-05,176.44,176.44,176.44,176.44,1.0
2017-10-06,178.177,178.177,178.177,178.177,1.0
2017-10-09,178.376,178.376,178.376,178.376,1.0
2017-10-10,179.091,179.091,179.091,179.091,1.0
2017-10-11,177.638,177.638,177.638,177.638,1.0
2017-10-12,179.445,179.445,179.445,179.445,1.0
2017-10-13,180.061,180.061,180.061,180.061,1.0
2017-10-16,181.359,181.359,181.359,181.359,1.0
2017-10-17,181.834,181.834,181.834,181.834,1.0
2017-10-18,181.029,181.029,181.029,181.029,1.0
2017-10-23,180.741,180.741,180.741,180.741,1.0
2017-10-24,181.897,181.897,181.897,181.897,1.0
2017-10-25,187.85,187.85,187.85,187.85,1.0
2017-10-26,188.934,188.934,188.934,188.934,1.0
2017-10-27,188.807,188.807,188.807,188.807,1.0
2017-10-30,189.739,189.739,189.739,189.739,1.0
2017-10-31,189.006,189.006,189.006,189.006,1.0
2017-11-01,191.485,191.485,191.485,191.485,1.0
2017-11-02,191.281,191.281,191.281,191.281,1.0
2017-11-03,192.232,192.232,192.232,192.232,1.0
2017-11-06,193.084,193.084,193.084,193.084,1.0
2017-11-07,190.32,190.32,190.32,190.32,1.0
2017-11-08,189.021,189.021,189.021,189.021,1.0
2017-11-09,189.239,189.239,189.239,189.239,1.0
2017-11-10,190.396,190.396,190.396,190.396,1.0
2017-11-13,188.615,188.615,188.615,188.615,1.0
2017-11-14,187.835,187.835,187.835,187.835,1.0
2017-11-15,186.469,186.469,186.469,186.469,1.0
2017-11-16,188.751,188.751,188.751,188.751,1.0
2017-11-17,190.265,190.265,190.265,190.265,1.0
2017-11-20,190.864,190.864,190.864,190.864,1.0
2017-11-21,191.206,191.206,191.206,191.206,1.0
2017-11-22,191.937,191.937,191.937,191.937,1.0
2017-11-23,192.375,192.375,192.375,192.375,1.0
2017-11-24,192.744,192.744,192.744,192.744,1.0
2017-11-27,193.247,193.247,193.247,193.247,1.0
2017-11-28,192.38,192.38,192.38,192.38,1.0
2017-11-29,192.331,192.331,192.331,192.331,1.0
2017-11-30,190.31,190.31,190.31,190.31,1.0
2017-12-01,188.229,188.229,188.229,188.229,1.0
2017-12-04,188.031,188.031,188.031,188.031,1.0
2017-12-05,187.771,187.771,187.771,187.771,1.0
2017-12-06,185.814,185.814,185.814,185.814,1.0
2017-12-07,188.182,188.182,188.182,188.182,1.0
2017-12-08,189.948,189.948,189.948,189.948,1.0
2017-12-11,190.762,190.762,190.762,190.762,1.0
2017-12-12,189.738,189.738,189.738,189.738,1.0
2017-12-13,188.341,188.341,188.341,188.341,1.0
2017-12-14,189.13,189.13,189.13,189.13,1.0
2017-12-15,190.371,190.371,190.371,190.371,1.0
2017-12-18,191.661,191.661,191.661,191.661,1.0
2017-12-19,193.303,193.303,193.303,193.303,1.0
2017-12-20,193.573,193.573,193.573,193.573,1.0
2017-12-21,193.975,193.975,193.975,193.975,1.0
2017-12-22,195.187,195.187,195.187,195.187,1.0
2017-12-26,196.047,196.047,196.047,196.047,1.0
2017-12-27,194.957,194.957,194.957,194.957,1.0
2017-12-28,194.967,194.967,194.967,194.967,1.0
2017-12-29,195.34,195.34,195.34,195.34,1.0
2018-01-01,194.191,194.191,194.191,194.191,1.0
2018-01-02,194.281,194.281,194.281,194.281,1.0
2018-01-03,194.633,194.633,194.633,194.633,1.0
2018-01-04,196.579,196.579,196.579,196.579,1.0
2018-01-05,196.811,196.811,196.811,196.811,1.0
2018-01-08,197.96,197.96,197.96,197.96,1.0
2018-01-09,198.269,198.269,198.269,198.269,1.0
2018-01-10,197.957,197.957,197.957,197.957,1.0
2018-01-11,198.052,198.052,198.052,198.052,1.0
2018-01-12,198.306,198.306,198.306,198.306,1.0
2018-01-15,199.126,199.126,199.126,199.126,1.0
2018-01-16,197.421,197.421,197.421,197.421,1.0
2018-01-17,199.471,199.471,199.471,199.471,1.0
2018-01-18,199.22,199.22,199.22,199.22,1.0
2018-01-19,200.315,200.315,200.315,200.315,1.0
2018-01-22,200.781,200.781,200.781,200.781,1.0
2018-01-23,203.798,203.798,203.798,203.798,1.0
2018-01-24,203.795,203.795,203.795,203.795,1.0
2018-01-25,203.308,203.308,203.308,203.308,1.0
2018-01-29,202.926,202.926,202.926,202.926,1.0
2018-01-30,201.823,201.823,201.823,201.823,1.0
2018-01-31,200.794,200.794,200.794,200.794,1.0
2018-02-01,200.47,200.47,200.47,200.47,1.0
2018-02-02,195.794,195.794,195.794,195.794,1.0
2018-02-05,194.116,194.116,194.116,194.116,1.0
2018-02-06,191.072,191.072,191.072,191.072,1.0
2018-02-07,191.823,191.823,191.823,191.823,1.0
2018-02-08,194.048,194.048,194.048,194.048,1.0
2018-02-09,192.482,192.482,192.482,192.482,1.0
2018-02-12,194.023,194.023,194.023,194.023,1.0
2018-02-14,192.849,192.849,192.849,192.849,1.0
2018-02-15,193.858,193.858,193.858,193.858,1.0
2018-02-16,191.807,191.807,191.807,191.807,1.0
2018-02-19,190.108,190.108,190.108,190.108,1.0
2018-02-20,190.117,190.117,190.117,190.117,1.0
2018-02-21,190.624,190.624,190.624,190.624,1.0
2018-02-22,190.063,190.063,190.063,190.063,1.0
2018-02-23,192.08,192.08,192.08,192.08,1.0
2018-02-26,193.475,193.475,193.475,193.475,1.0
2018-02-27,192.377,192.377,192.377,192.377,1.0
2018-02-28,191.505,191.505,191.505,191.505,1.0
2018-03-01,190.509,190.509,190.509,190.509,1.0
2018-03-05,188.418,188.418,188.418,188.418,1.0
2018-03-06,186.307,186.307,186.307,186.307,1.0
2018-03-07,184.095,184.095,184.095,184.095,1.0
2018-03-08,185.825,185.825,185.825,185.825,1.0
2018-03-09,185.048,185.048,185.048,185.048,1.0
2018-03-12,188.194,188.194,188.194,188.194,1.0
2018-03-13,188.872,188.872,188.872,188.872,1.0
2018-03-14,188.394,188.394,188.394,188.394,1.0
2018-03-15,187.457,187.457,187.457,187.457,1.0
2018-03-16,184.806,184.806,184.806,184.806,1.0
2018-03-19,183.532,183.532,183.532,183.532,1.0
2018-03-20,183.698,183.698,183.698,183.698,1.0
2018-03-21,184.134,184.134,184.134,184.134,1.0
2018-03-22,183.459,183.459,183.459,183.459,1.0
2018-03-23,181.168,181.168,181.168,181.168,1.0
2018-03-26,183.57,183.57,183.57,183.57,1.0
2018-03-27,184.963,184.963,184.963,184.963,1.0
2018-03-28,183.742,183.742,183.742,183.742,1.0
2018-04-02,185.34,185.34,185.34,185.34,1.0
2018-04-03,186.386,186.386,186.386,186.386,1.0
2018-04-04,183.728,183.728,183.728,183.728,1.0
2018-04-05,187.261,187.261,187.261,187.261,1.0
2018-04-06,187.505,187.505,187.505,187.505,1.0
2018-04-09,188.133,188.133,188.133,188.133,1.0
2018-04-10,189.029,189.029,189.029,189.029,1.0
2018-04-11,189.071,189.071,189.071,189.071,1.0
2018-04-12,188.854,188.854,188.854,188.854,1.0
2018-04-13,189.167,189.167,189.167,189.167,1.0
2018-04-16,189.699,189.699,189.699,189.699,1.0
2018-04-17,190.265,190.265,190.265,190.265,1.0
2018-04-18,190.017,190.017,190.017,190.017,1.0
2018-04-19,191.126,191.126,191.126,191.126,1.0
2018-04-20,190.458,190.458,190.458,190.458,1.0
2018-04-23,190.42,190.42,190.42,190.42,1.0
2018-04-24,190.482,190.482,190.482,190.482,1.0
2018-04-25,188.979,188.979,188.979,188.979,1.0
2018-04-26,189.215,189.215,189.215,189.215,1.0
2018-04-27,191.159,191.159,191.159,191.159,1.0
2018-04-30,192.09,192.09,192.09,192.09,1.0
2018-05-02,191.114,191.114,191.114,191.114,1.0
2018-05-03,190.818,190.818,190.818,190.818,1.0
2018-05-04,189.703,189.703,189.703,189.703,1.0
2018-05-07,191.55,191.55,191.55,191.55,1.0
2018-05-08,191.921,191.921,191.921,191.921,1.0
2018-05-09,191.846,191.846,191.846,191.846,1.0
2018-05-10,191.354,191.354,191.354,191.354,1.0
2018-05-11,192.753,192.753,192.753,192.753,1.0
2018-05-14,192.952,192.952,192.952,192.952,1.0
2018-05-15,192.384,192.384,192.384,192.384,1.0
2018-05-16,190.735,190.735,190.735,190.735,1.0
2018-05-17,190.123,190.123,190.123,190.123,1.0
2018-05-18,187.383,187.383,187.383,187.383,1.0
2018-05-21,186.757,186.757,186.757,186.757,1.0
2018-05-22,187.658,187.658,187.658,187.658,1.0
2018-05-23,185.077,185.077,185.077,185.077,1.0
2018-05-24,185.666,185.666,185.666,185.666,1.0
2018-05-25,187.798,187.798,187.798,187.798,1.0
2018-05-28,190.621,190.621,190.621,190.621,1.0
2018-05-29,189.757,189.757,189.757,189.757,1.0
2018-05-30,188.688,188.688,188.688,188.688,1.0
2018-05-31,189.613,189.613,189.613,189.613,1.0
2018-06-01,188.366,188.366,188.366,188.366,1.0
2018-06-04,187.017,187.017,187.017,187.017,1.0
2018-06-05,185.515,185.515,185.515,185.515,1.0
2018-06-06,187.072,187.072,187.072,187.072,1.0
2018-06-07,188.907,188.907,188.907,188.907,1.0
2018-06-08,189.176,189.176,189.176,189.176,1.0
2018-06-11,189.266,189.266,189.266,189.266,1.0
2018-06-12,190.283,190.283,190.283,190.283,1.0
2018-06-13,190.823,190.823,190.823,190.823,1.0
2018-06-14,189.717,189.717,189.717,189.717,1.0
2018-06-15,189.142,189.142,189.142,189.142,1.0
2018-06-18,189.162,189.162,189.162,189.162,1.0
2018-06-19,187.72,187.72,187.72,187.72,1.0
2018-06-20,188.138,188.138,188.138,188.138,1.0
2018-06-21,187.415,187.415,187.415,187.415,1.0
2018-06-22,188.164,188.164,188.164,188.164,1.0
2018-06-25,186.364,186.364,186.364,186.364,1.0
2018-06-26,185.94,185.94,185.94,185.94,1.0
2018-06-27,183.315,183.315,183.315,183.315,1.0
2018-06-28,181.87,181.87,181.87,181.87,1.0
2018-06-29,184.636,184.636,184.636,184.636,1.0
2018-07-02,184.143,184.143,184.143,184.143,1.0
2018-07-03,184.54,184.54,184.54,184.54,1.0
2018-07-04,184.44,184.44,184.44,184.44,1.0
2018-07-05,183.118,183.118,183.118,183.118,1.0
2018-07-06,183.571,183.571,183.571,183.571,1.0
2018-07-09,185.405,185.405,185.405,185.405,1.0
2018-07-10,186.674,186.674,186.674,186.674,1.0
2018-07-11,185.496,185.496,185.496,185.496,1.0
2018-07-12,186.043,186.043,186.043,186.043,1.0
2018-07-13,185.165,185.165,185.165,185.165,1.0
2018-07-16,183.069,183.069,183.069,183.069,1.0
2018-07-17,185.05,185.05,185.05,185.05,1.0
2018-07-18,183.883,183.883,183.883,183.883,1.0
2018-07-19,183.393,183.393,183.393,183.393,1.0
2018-07-20,184.326,184.326,184.326,184.326,1.0
2018-07-23,185.946,185.946,185.946,185.946,1.0
2018-07-24,187.826,187.826,187.826,187.826,1.0
2018-07-25,187.791,187.791,187.791,187.791,1.0
2018-07-26,189.898,189.898,189.898,189.898,1.0
2018-07-27,191.599,191.599,191.599,191.599,1.0
2018-07-30,193.594,193.594,193.594,193.594,1.0
2018-07-31,193.389,193.389,193.389,193.389,1.0
2018-08-01,193.266,193.266,193.266,193.266,1.0
2018-08-02,192.881,192.881,192.881,192.881,1.0
2018-08-03,194.772,194.772,194.772,194.772,1.0
2018-08-06,195.819,195.819,195.819,195.819,1.0
2018-08-07,195.236,195.236,195.236,195.236,1.0
2018-08-08,195.617,195.617,195.617,195.617,1.0
2018-08-09,197.595,197.595,197.595,197.595,1.0
2018-08-10,195.547,195.547,195.547,195.547,1.0
2018-08-13,194.168,194.168,194.168,194.168,1.0
2018-08-14,194.971,194.971,194.971,194.971,1.0
2018-08-16,194.902,194.902,194.902,194.902,1.0
2018-08-17,196.682,196.682,196.682,196.682,1.0
2018-08-20,197.738,197.738,197.738,197.738,1.0
2018-08-21,197.849,197.849,197.849,197.849,1.0
2018-08-23,198.159,198.159,198.159,198.159,1.0
2018-08-24,197.54,197.54,197.54,197.54,1.0
2018-08-27,200.167,200.167,200.167,200.167,1.0
2018-08-28,199.626,199.626,199.626,199.626,1.0
2018-08-29,199.693,199.693,199.693,199.693,1.0
2018-08-30,200.568,200.568,200.568,200.568,1.0
2018-08-31,201.192,201.192,201.192,201.192,1.0
2018-09-03,199.684,199.684,199.684,199.684,1.0
2018-09-04,197.747,197.747,197.747,197.747,1.0
2018-09-05,197.581,197.581,197.581,197.581,1.0
2018-09-06,198.815,198.815,198.815,198.815,1.0
2018-09-07,199.805,199.805,199.805,199.805,1.0
2018-09-10,198.24,198.24,198.24,198.24,1.0
2018-09-11,196.19,196.19,196.19,196.19,1.0
2018-09-12,196.888,196.888,196.888,196.888,1.0
2018-09-14,198.668,198.668,198.668,198.668,1.0
2018-09-17,197.651,197.651,197.651,197.651,1.0
2018-09-18,194.683,194.683,194.683,194.683,1.0
2018-09-19,194.895,194.895,194.895,194.895,1.0
2018-09-21,193.644,193.644,193.644,193.644,1.0
2018-09-24,191.298,191.298,191.298,191.298,1.0
2018-09-25,191.868,191.868,191.868,191.868,1.0
2018-09-26,191.849,191.849,191.849,191.849,1.0
2018-09-27,190.762,190.762,190.762,190.762,1.0
2018-09-28,189.295,189.295,189.295,189.295,1.0
2018-10-01,190.908,190.908,190.908,190.908,1.0
2018-10-03,189.422,189.422,189.422,189.422,1.0
2018-10-04,187.72,187.72,187.72,187.72,1.0
2018-10-05,183.741,183.741,183.741,183.741,1.0
2018-10-08,183.64,183.64,183.64,183.64,1.0
2018-10-09,182.787,182.787,182.787,182.787,1.0
2018-10-10,186.296,186.296,186.296,186.296,1.0
2018-10-11,182.911,182.911,182.911,182.911,1.0
2018-10-12,185.723,185.723,185.723,185.723,1.0
2018-10-15,186.152,186.152,186.152,186.152,1.0
2018-10-16,187.707,187.707,187.707,187.707,1.0
2018-10-17,185.493,185.493,185.493,185.493,1.0
2018-10-19,184.507,184.507,184.507,184.507,1.0
2018-10-22,184.255,184.255,184.255,184.255,1.0
2018-10-23,182.733,182.733,182.733,182.733,1.0
2018-10-24,183.179,183.179,183.179,183.179,1.0
2018-10-25,181.982,181.982,181.982,181.982,1.0
2018-10-26,180.863,180.863,180.863,180.863,1.0
2018-10-29,187.117,187.117,187.117,187.117,1.0
2018-10-30,187.363,187.363,187.363,187.363,1.0
2018-10-31,190.194,190.194,190.194,190.194,1.0
2018-11-01,190.328,190.328,190.328,190.328,1.0
2018-11-02,191.578,191.578,191.578,191.578,1.0
2018-11-05,191.402,191.402,191.402,191.402,1.0
2018-11-06,191.235,191.235,191.235,191.235,1.0
2018-11-09,192.468,192.468,192.468,192.468,1.0
2018-11-12,190.622,190.622,190.622,190.622,1.0
2018-11-13,192.183,192.183,192.183,192.183,1.0
2018-11-14,192.641,192.641,192.641,192.641,1.0
2018-11-15,193.372,193.372,193.372,193.372,1.0
2018-11-16,193.31,193.31,193.31,193.31,1.0
2018-11-19,193.615,193.615,193.615,193.615,1.0
2018-11-20,191.934,191.934,191.934,191.934,1.0
2018-11-21,191.325,191.325,191.325,191.325,1.0
2018-11-22,189.99,189.99,189.99,189.99,1.0
2018-11-26,190.764,190.764,190.764,190.764,1.0
2018-11-27,191.736,191.736,191.736,191.736,1.0
2018-11-28,190.938,190.938,190.938,190.938,1.0
2018-11-29,191.545,191.545,191.545,191.545,1.0
2018-11-30,190.955,190.955,190.955,190.955,1.0
2018-12-03,192.236,192.236,192.236,192.236,1.0
2018-12-04,192.604,192.604,192.604,192.604,1.0
2018-12-05,190.237,190.237,190.237,190.237,1.0
2018-12-06,187.93,187.93,187.93,187.93,1.0
2018-12-07,188.449,188.449,188.449,188.449,1.0
2018-12-10,185.988,185.988,185.988,185.988,1.0
2018-12-11,187.187,187.187,187.187,187.187,1.0
2018-12-12,189.961,189.961,189.961,189.961,1.0
2018-12-13,191.085,191.085,191.085,191.085,1.0
2018-12-14,191.971,191.971,191.971,191.971,1.0
2018-12-17,193.187,193.187,193.187,193.187,1.0
2018-12-18,194.149,194.149,194.149,194.149,1.0
2018-12-19,195.608,195.608,195.608,195.608,1.0
2018-12-20,195.196,195.196,195.196,195.196,1.0
2018-12-21,193.214,193.214,193.214,193.214,1.0
2018-12-24,192.478,192.478,192.478,192.478,1.0
2018-12-26,193.174,193.174,193.174,193.174,1.0
2018-12-27,193.948,193.948,193.948,193.948,1.0
2018-12-28,195.414,195.414,195.414,195.414,1.0
2018-12-31,195.728,195.728,195.728,195.728,1.0
2019-01-01,196.701,196.701,196.701,196.701,1.0
2019-01-02,194.865,194.865,194.865,194.865,1.0
2019-01-03,193.361,193.361,193.361,193.361,1.0
2019-01-04,194.522,194.522,194.522,194.522,1.0
2019-01-07,194.967,194.967,194.967,194.967,1.0
2019-01-08,196.444,196.444,196.444,196.444,1.0
2019-01-09,196.331,196.331,196.331,196.331,1.0
2019-01-10,196.458,196.458,196.458,196.458,1.0
2019-01-11,195.864,195.864,195.864,195.864,1.0
2019-01-14,194.867,194.867,194.867,194.867,1.0
2019-01-15,196.425,196.425,196.425,196.425,1.0
2019-01-16,196.914,196.914,196.914,196.914,1.0
2019-01-17,196.689,196.689,196.689,196.689,1.0
2019-01-18,195.591,195.591,195.591,195.591,1.0
2019-01-21,195.403,195.403,195.403,195.403,1.0
2019-01-22,194.49,194.49,194.49,194.49,1.0
2019-01-23,193.153,193.153,193.153,193.153,1.0
2019-01-24,193.359,193.359,193.359,193.359,1.0
2019-01-25,192.22,192.22,192.22,192.22,1.0
2019-01-28,190.186,190.186,190.186,190.186,1.0
2019-01-29,190.244,190.244,190.244,190.244,1.0
2019-01-30,192.119,192.119,192.119,192.119,1.0
2019-01-31,194.416,194.416,194.416,194.416,1.0
2019-02-01,193.267,193.267,193.267,193.267,1.0
2019-02-04,191.884,191.884,191.884,191.884,1.0
2019-02-05,191.129,191.129,191.129,191.129,1.0
2019-02-06,193.19,193.19,193.19,193.19,1.0
2019-02-07,193.509,193.509,193.509,193.509,1.0
2019-02-08,190.96,190.96,190.96,190.96,1.0
2019-02-11,189.71,189.71,189.71,189.71,1.0
2019-02-12,189.096,189.096,189.096,189.096,1.0
2019-02-13,187.313,187.313,187.313,187.313,1.0
2019-02-14,186.851,186.851,186.851,186.851,1.0
2019-02-15,187.002,187.002,187.002,187.002,1.0
2019-02-18,185.858,185.858,185.858,185.858,1.0
2019-02-19,186.351,186.351,186.351,186.351,1.0
2019-02-20,188.694,188.694,188.694,188.694,1.0
2019-02-21,189.681,189.681,189.681,189.681,1.0
2019-02-22,190.408,190.408,190.408,190.408,1.0
2019-02-25,191.03,191.03,191.03,191.03,1.0
2019-02-26,190.031,190.031,190.031,190.031,1.0
2019-02-27,189.952,189.952,189.952,189.952,1.0
2019-02-28,190.959,190.959,190.959,190.959,1.0
2019-03-01,193.266,193.266,193.266,193.266,1.0
2019-03-05,196.302,196.302,196.302,196.302,1.0
2019-03-06,197.404,197.404,197.404,197.404,1.0
2019-03-07,197.734,197.734,197.734,197.734,1.0
2019-03-08,197.305,197.305,197.305,197.305,1.0
2019-03-11,199.989,199.989,199.989,199.989,1.0
2019-03-12,201.591,201.591,201.591,201.591,1.0
2019-03-13,201.966,201.966,201.966,201.966,1.0
2019-03-14,202.207,202.207,202.207,202.207,1.0
2019-03-15,204.112,204.112,204.112,204.112,1.0
2019-03-18,205.13,205.13,205.13,205.13,1.0
2019-03-19,206.619,206.619,206.619,206.619,1.0
2019-03-20,205.407,205.407,205.407,205.407,1.0
2019-03-22,204.793,204.793,204.793,204.793,1.0
2019-03-25,204.247,204.247,204.247,204.247,1.0
2019-03-26,206.293,206.293,206.293,206.293,1.0
2019-03-27,205.862,205.862,205.862,205.862,1.0
2019-03-28,208.068,208.068,208.068,208.068,1.0
2019-03-29,209.082,209.082,209.082,209.082,1.0
2019-04-01,209.761,209.761,209.761,209.761,1.0
2019-04-02,210.358,210.358,210.358,210.358,1.0
2019-04-03,208.142,208.142,208.142,208.142,1.0
2019-04-04,207.38,207.38,207.38,207.38,1.0
2019-04-05,208.009,208.009,208.009,208.009,1.0
2019-04-08,206.89,206.89,206.89,206.89,1.0
2019-04-09,208.14,208.14,208.14,208.14,1.0
2019-04-10,207.074,207.074,207.074,207.074,1.0
2019-04-11,206.939,206.939,206.939,206.939,1.0
2019-04-12,207.868,207.868,207.868,207.868,1.0
2019-04-15,207.893,207.893,207.893,207.893,1.0
2019-04-16,208.801,208.801,208.801,208.801,1.0
2019-04-18,207.497,207.497,207.497,207.497,1.0
2019-04-22,205.136,205.136,205.136,205.136,1.0
2019-04-23,204.776,204.776,204.776,204.776,1.0
2019-04-24,206.633,206.633,206.633,206.633,1.0
2019-04-25,205.223,205.223,205.223,205.223,1.0
2019-04-26,207.432,207.432,207.432,207.432,1.0
2019-04-30,207.199,207.199,207.199,207.199,1.0
2019-05-02,205.83,205.83,205.83,205.83,1.0
2019-05-03,206.088,206.088,206.088,206.088,1.0
2019-05-06,205.352,205.352,205.352,205.352,1.0
2019-05-07,203.369,203.369,203.369,203.369,1.0
2019-05-08,201.288,201.288,201.288,201.288,1.0
2019-05-09,200.292,200.292,200.292,200.292,1.0
2019-05-10,200.493,200.493,200.493,200.493,1.0
2019-05-13,197.536,197.536,197.536,197.536,1.0
2019-05-14,199.166,199.166,199.166,199.166,1.0
2019-05-15,197.976,197.976,197.976,197.976,1.0
2019-05-16,200.097,200.097,200.097,200.097,1.0
2019-05-17,201.275,201.275,201.275,201.275,1.0
2019-05-20,208.392,208.392,208.392,208.392,1.0
2019-05-21,206.026,206.026,206.026,206.026,1.0
2019-05-22,207.102,207.102,207.102,207.102,1.0
2019-05-23,207.078,207.078,207.078,207.078,1.0
2019-05-24,211.663,211.663,211.663,211.663,1.0
2019-05-27,214.739,214.739,214.739,214.739,1.0
2019-05-28,214.956,214.956,214.956,214.956,1.0
2019-05-29,213.054,213.054,213.054,213.054,1.0
2019-05-30,214.61,214.61,214.61,214.61,1.0
2019-05-31,214.151,214.151,214.151,214.151,1.0
2019-06-03,215.475,215.475,215.475,215.475,1.0
2019-06-04,214.951,214.951,214.951,214.951,1.0
2019-06-06,211.839,211.839,211.839,211.839,1.0
2019-06-07,212.257,212.257,212.257,212.257,1.0
2019-06-10,212.498,212.498,212.498,212.498,1.0
2019-06-11,213.48,213.48,213.48,213.48,1.0
2019-06-12,212.531,212.531,212.531,212.531,1.0
2019-06-13,212.967,212.967,212.967,212.967,1.0
2019-06-14,211.971,211.971,211.971,211.971,1.0
2019-06-17,209.835,209.835,209.835,209.835,1.0
2019-06-18,211.223,211.223,211.223,211.223,1.0
2019-06-19,210.956,210.956,210.956,210.956,1.0
2019-06-20,213.596,213.596,213.596,213.596,1.0
2019-06-21,212.766,212.766,212.766,212.766,1.0
2019-06-24,212.595,212.595,212.595,212.595,1.0
2019-06-25,214.435,214.435,214.435,214.435,1.0
2019-06-26,215.808,215.808,215.808,215.808,1.0
2019-06-27,215.79,215.79,215.79,215.79,1.0
2019-06-28,215.525,215.525,215.525,215.525,1.0
2019-07-01,215.41,215.41,215.41,215.41,1.0
2019-07-02,215.982,215.982,215.982,215.982,1.0
2019-07-03,216.439,216.439,216.439,216.439,1.0
2019-07-04,216.72,216.72,216.72,216.72,1.0
2019-07-05,214.661,214.661,214.661,214.661,1.0
2019-07-08,209.801,209.801,209.801,209.801,1.0
2019-07-09,210.353,210.353,210.353,210.353,1.0
2019-07-10,209.112,209.112,209.112,209.112,1.0
2019-07-11,210.237,210.237,210.237,210.237,1.0
2019-07-12,209.971,209.971,209.971,209.971,1.0
2019-07-15,209.991,209.991,209.991,209.991,1.0
2019-07-16,211.681,211.681,211.681,211.681,1.0
2019-07-17,212.007,212.007,212.007,212.007,1.0
2019-07-18,209.268,209.268,209.268,209.268,1.0
2019-07-19,207.375,207.375,207.375,207.375,1.0
2019-07-22,207.084,207.084,207.084,207.084,1.0
2019-07-23,206.503,206.503,206.503,206.503,1.0
2019-07-24,204.546,204.546,204.546,204.546,1.0
2019-07-25,204.263,204.263,204.263,204.263,1.0
2019-07-26,204.694,204.694,204.694,204.694,1.0
2019-07-29,203.969,203.969,203.969,203.969,1.0
2019-07-30,201.489,201.489,201.489,201.489,1.0
2019-07-31,202.692,202.692,202.692,202.692,1.0
2019-08-01,199.714,199.714,199.714,199.714,1.0
2019-08-02,198.501,198.501,198.501,198.501,1.0
2019-08-05,195.974,195.974,195.974,195.974,1.0
2019-08-06,197.269,197.269,197.269,197.269,1.0
2019-08-07,195.24,195.24,195.24,195.24,1.0
2019-08-08,197.93,197.93,197.93,197.93,1.0
2019-08-09,198.154,198.154,198.154,198.154,1.0
2019-08-13,195.279,195.279,195.279,195.279,1.0
2019-08-14,197.507,197.507,197.507,197.507,1.0
2019-08-16,198.263,198.263,198.263,198.263,1.0
2019-08-19,198.306,198.306,198.306,198.306,1.0
2019-08-20,196.956,196.956,196.956,196.956,1.0
2019-08-21,194.69,194.69,194.69,194.69,1.0
2019-08-22,191.416,191.416,191.416,191.416,1.0
2019-08-23,193.03,193.03,193.03,193.03,1.0
2019-08-26,196.028,196.028,196.028,196.028,1.0
2019-08-27,197.72,197.72,197.72,197.72,1.0
2019-08-28,196.709,196.709,196.709,196.709,1.0
2019-08-29,195.267,195.267,195.267,195.267,1.0
2019-08-30,196.103,196.103,196.103,196.103,1.0
2019-09-03,192.55,192.55,192.55,192.55,1.0
2019-09-04,194.177,194.177,194.177,194.177,1.0
2019-09-05,195.293,195.293,195.293,195.293,1.0
2019-09-06,197.02,197.02,197.02,197.02,1.0
2019-09-09,197.999,197.999,197.999,197.999,1.0
2019-09-11,198.698,198.698,198.698,198.698,1.0
2019-09-12,198.332,198.332,198.332,198.332,1.0
2019-09-13,200.429,200.429,200.429,200.429,1.0
2019-09-16,198.946,198.946,198.946,198.946,1.0
2019-09-17,195.344,195.344,195.344,195.344,1.0
2019-09-18,196.432,196.432,196.432,196.432,1.0
2019-09-19,193.652,193.652,193.652,193.652,1.0
2019-09-20,200.621,200.621,200.621,200.621,1.0
2019-09-23,204.883,204.883,204.883,204.883,1.0
2019-09-24,204.044,204.044,204.044,204.044,1.0
2019-09-25,201.074,201.074,201.074,201.074,1.0
2019-09-26,203.553,203.553,203.553,203.553,1.0
2019-09-27,202.657,202.657,202.657,202.657,1.0
2019-09-30,201.509,201.509,201.509,201.509,1.0
2019-10-01,198.698,198.698,198.698,198.698,1.0
2019-10-03,198.794,198.794,198.794,198.794,1.0
2019-10-04,196.87,196.87,196.87,196.87,1.0
2019-10-07,195.078,195.078,195.078,195.078,1.0
2019-10-09,197.806,197.806,197.806,197.806,1.0
2019-10-10,196.116,196.116,196.116,196.116,1.0
2019-10-11,197.097,197.097,197.097,197.097,1.0
2019-10-14,197.128,197.128,197.128,197.128,1.0
2019-10-15,197.885,197.885,197.885,197.885,1.0
2019-10-16,198.3,198.3,198.3,198.3,1.0
2019-10-17,200.141,200.141,200.141,200.141,1.0
2019-10-18,202.172,202.172,202.172,202.172,1.0
2019-10-22,201.228,201.228,201.228,201.228,1.0
2019-10-23,201.962,201.962,201.962,201.962,1.0
2019-10-24,200.211,200.211,200.211,200.211,1.0
2019-10-25,202.186,202.186,202.186,202.186,1.0
2019-10-29,205.281,205.281,205.281,205.281,1.0
2019-10-30,206.684,206.684,206.684,206.684,1.0
2019-10-31,208.697,208.697,208.697,208.697,1.0
2019-11-01,208.925,208.925,208.925,208.925,1.0
2019-11-04,210.09,210.09,210.09,210.09,1.0
2019-11-05,209.271,209.271,209.271,209.271,1.0
2019-11-06,209.886,209.886,209.886,209.886,1.0
2019-11-07,209.862,209.862,209.862,209.862,1.0
2019-11-08,207.94,207.94,207.94,207.94,1.0
2019-11-11,208.604,208.604,208.604,208.604,1.0
2019-11-13,205.868,205.868,205.868,205.868,1.0
2019-11-14,205.898,205.898,205.898,205.898,1.0
2019-11-15,206.734,206.734,206.734,206.734,1.0
2019-11-18,207.669,207.669,207.669,207.669,1.0
2019-11-19,208.92,208.92,208.92,208.92,1.0
2019-11-20,210.062,210.062,210.062,210.062,1.0
2019-11-21,208.724,208.724,208.724,208.724,1.0
2019-11-22,208.63,208.63,208.63,208.63,1.0
2019-11-25,210.304,210.304,210.304,210.304,1.0
2019-11-26,209.684,209.684,209.684,209.684,1.0
2019-11-27,210.027,210.027,210.027,210.027,1.0
2019-11-28,211.938,211.938,211.938,211.938,1.0
2019-11-29,210.224,210.224,210.224,210.224,1.0
2019-12-02,209.64,209.64,209.64,209.64,1.0
2019-12-03,207.946,207.946,207.946,207.946,1.0
2019-12-04,209.147,209.147,209.147,209.147,1.0
2019-12-05,208.261,208.261,208.261,208.261,1.0
2019-12-06,205.641,205.641,205.641,205.641,1.0
2019-12-09,205.701,205.701,205.701,205.701,1.0
2019-12-10,203.723,203.723,203.723,203.723,1.0
2019-12-11,204.379,204.379,204.379,204.379,1.0
2019-12-12,205.993,205.993,205.993,205.993,1.0
2019-12-13,208.552,208.552,208.552,208.552,1.0
2019-12-16,207.883,207.883,207.883,207.883,1.0
2019-12-17,209.391,209.391,209.391,209.391,1.0
2019-12-18,209.062,209.062,209.062,209.062,1.0
2019-12-19,209.205,209.205,209.205,209.205,1.0
2019-12-20,210.256,210.256,210.256,210.256,1.0
2019-12-23,209.508,209.508,209.508,209.508,1.0
2019-12-24,209.155,209.155,209.155,209.155,1.0
2019-12-26,207.972,207.972,207.972,207.972,1.0
2019-12-27,210.741,210.741,210.741,210.741,1.0
2019-12-30,210.648,210.648,210.648,210.648,1.0
2019-12-31,210.604,210.604,210.604,210.604,1.0
2020-01-01,211.241,211.241,211.241,211.241,1.0
2020-01-02,213.141,213.141,213.141,213.141,1.0
2020-01-03,212.136,212.136,212.136,212.136,1.0
2020-01-06,208.011,208.011,208.011,208.011,1.0
2020-01-07,208.385,208.385,208.385,208.385,1.0
2020-01-08,207.461,207.461,207.461,207.461,1.0
2020-01-09,210.74,210.74,210.74,210.74,1.0
2020-01-10,211.639,211.639,211.639,211.639,1.0
2020-01-13,213.278,213.278,213.278,213.278,1.0
2020-01-14,213.662,213.662,213.662,213.662,1.0
2020-01-15,213.681,213.681,213.681,213.681,1.0
2020-01-16,213.084,213.084,213.084,213.084,1.0
2020-01-17,212.598,212.598,212.598,212.598,1.0
2020-01-20,211.35,211.35,211.35,211.35,1.0
2020-01-21,210.161,210.161,210.161,210.161,1.0
2020-01-22,209.298,209.298,209.298,209.298,1.0
2020-01-23,211.49,211.49,211.49,211.49,1.0
2020-01-24,212.54,212.54,212.54,212.54,1.0
2020-01-27,211.155,211.155,211.155,211.155,1.0
2020-01-28,209.844,209.844,209.844,209.844,1.0
2020-01-29,211.072,211.072,211.072,211.072,1.0
2020-01-30,209.806,209.806,209.806,209.806,1.0
2020-01-31,208.256,208.256,208.256,208.256,1.0
2020-02-03,202.249,202.249,202.249,202.249,1.0
2020-02-04,205.986,205.986,205.986,205.986,1.0
2020-02-05,207.989,207.989,207.989,207.989,1.0
2020-02-06,209.319,209.319,209.319,209.319,1.0
2020-02-07,209.685,209.685,209.685,209.685,1.0
2020-02-10,207.69,207.69,207.69,207.69,1.0
2020-02-11,208.958,208.958,208.958,208.958,1.0
2020-02-12,209.102,209.102,209.102,209.102,1.0
2020-02-13,208.859,208.859,208.859,208.859,1.0
2020-02-14,207.303,207.303,207.303,207.303,1.0
2020-02-17,205.465,205.465,205.465,205.465,1.0
2020-02-18,205.68,205.68,205.68,205.68,1.0
2020-02-19,207.911,207.911,207.911,207.911,1.0
2020-02-20,208.673,208.673,208.673,208.673,1.0
2020-02-24,204.799,204.799,204.799,204.799,1.0
2020-02-25,204.568,204.568,204.568,204.568,1.0
2020-02-26,202.559,202.559,202.559,202.559,1.0
2020-02-27,201.567,201.567,201.567,201.567,1.0
2020-02-28,195.075,195.075,195.075,195.075,1.0
2020-03-02,193.2,193.2,193.2,193.2,1.0
2020-03-03,196.875,196.875,196.875,196.875,1.0
2020-03-04,196.119,196.119,196.119,196.119,1.0
2020-03-05,195.889,195.889,195.889,195.889,1.0
2020-03-06,190.822,190.822,190.822,190.822,1.0
2020-03-09,182.655,182.655,182.655,182.655,1.0
2020-03-11,181.542,181.542,181.542,181.542,1.0
2020-03-12,166.703,166.703,166.703,166.703,1.0
2020-03-13,173.922,173.922,173.922,173.922,1.0
2020-03-16,163.878,163.878,163.878,163.878,1.0
2020-03-17,160.956,160.956,160.956,160.956,1.0
2020-03-18,156.654,156.654,156.654,156.654,1.0
2020-03-19,152.12,152.12,152.12,152.12,1.0
2020-03-20,158.266,158.266,158.266,158.266,1.0
2020-03-23,142.611,142.611,142.611,142.611,1.0
2020-03-24,144.505,144.505,144.505,144.505,1.0
2020-03-25,148.661,148.661,148.661,148.661,1.0
2020-03-26,152.656,152.656,152.656,152.656,1.0
2020-03-27,155.034,155.034,155.034,155.034,1.0
2020-03-30,151.595,151.595,151.595,151.595,1.0
2020-03-31,157.176,157.176,157.176,157.176,1.0
2020-04-01,152.819,152.819,152.819,152.819,1.0
2020-04-03,151.077,151.077,151.077,151.077,1.0
2020-04-07,159.061,159.061,159.061,159.061,1.0
2020-04-08,158.572,158.572,158.572,158.572,1.0
2020-04-09,162.91,162.91,162.91,162.91,1.0
2020-04-13,162.905,162.905,162.905,162.905,1.0
2020-04-15,163.257,163.257,163.257,163.257,1.0
2020-04-16,166.145,166.145,166.145,166.145,1.0
2020-04-17,170.273,170.273,170.273,170.273,1.0
2020-04-20,169.174,169.174,169.174,169.174,1.0
2020-04-21,164.93,164.93,164.93,164.93,1.0
2020-04-22,166.54,166.54,166.54,166.54,1.0
2020-04-23,167.362,167.362,167.362,167.362,1.0
2020-04-24,164.787,164.787,164.787,164.787,1.0
2020-04-27,166.101,166.101,166.101,166.101,1.0
2020-04-28,166.244,166.244,166.244,166.244,1.0
2020-04-29,168.739,168.739,168.739,168.739,1.0
2020-04-30,172.498,172.498,172.498,172.498,1.0
2020-05-04,165.535,165.535,165.535,165.535,1.0
2020-05-05,164.28,164.28,164.28,164.28,1.0
2020-05-06,164.378,164.378,164.378,164.378,1.0
2020-05-07,162.976,162.976,162.976,162.976,1.0
2020-05-08,161.759,161.759,161.759,161.759,1.0
2020-05-11,161.278,161.278,161.278,161.278,1.0
2020-05-12,161.697,161.697,161.697,161.697,1.0
2020-05-13,165.928,165.928,165.928,165.928,1.0
2020-05-14,162.896,162.896,162.896,162.896,1.0
2020-05-15,162.573,162.573,162.573,162.573,1.0
2020-05-18,157.604,157.604,157.604,157.604,1.0
2020-05-19,157.753,157.753,157.753,157.753,1.0
2020-05-20,160.176,160.176,160.176,160.176,1.0
2020-05-21,160.898,160.898,160.898,160.898,1.0
2020-05-22,159.737,159.737,159.737,159.737,1.0
2020-05-26,160.43,160.43,160.43,160.43,1.0
2020-05-27,164.13,164.13,164.13,164.13,1.0
2020-05-28,165.943,165.943,165.943,165.943,1.0
2020-05-29,168.075,168.075,168.075,168.075,1.0
2020-06-01,171.388,171.388,171.388,171.388,1.0
2020-06-02,172.427,172.427,172.427,172.427,1.0
2020-06-03,173.31,173.31,173.31,173.31,1.0
2020-06-04,173.427,173.427,173.427,173.427,1.0
2020-06-05,177.469,177.469,177.469,177.469,1.0
2020-06-08,178.738,178.738,178.738,178.738,1.0
2020-06-09,176.722,176.722,176.722,176.722,1.0
2020-06-10,177.495,177.495,177.495,177.495,1.0
2020-06-11,174.437,174.437,174.437,174.437,1.0
2020-06-12,174.691,174.691,174.691,174.691,1.0
2020-06-15,172.144,172.144,172.144,172.144,1.0
2020-06-16,172.481,172.481,172.481,172.481,1.0
2020-06-17,172.016,172.016,172.016,172.016,1.0
2020-06-18,175.614,175.614,175.614,175.614,1.0
2020-06-19,177.61,177.61,177.61,177.61,1.0
2020-06-22,180.907,180.907,180.907,180.907,1.0
2020-06-23,184.117,184.117,184.117,184.117,1.0
2020-06-24,180.553,180.553,180.553,180.553,1.0
2020-06-25,180.789,180.789,180.789,180.789,1.0
2020-06-26,181.793,181.793,181.793,181.793,1.0
2020-06-29,179.002,179.002,179.002,179.002,1.0
2020-06-30,178.498,178.498,178.498,178.498,1.0
2020-07-01,180.108,180.108,180.108,180.108,1.0
2020-07-02,181.258,181.258,181.258,181.258,1.0
2020-07-03,181.919,181.919,181.919,181.919,1.0
2020-07-06,183.695,183.695,183.695,183.695,1.0
2020-07-07,183.145,183.145,183.145,183.145,1.0
2020-07-08,182.571,182.571,182.571,182.571,1.0
2020-07-09,183.701,183.701,183.701,183.701,1.0
2020-07-10,182.512,182.512,182.512,182.512,1.0
2020-07-13,182.226,182.226,182.226,182.226,1.0
2020-07-14,179.11,179.11,179.11,179.11,1.0
2020-07-15,179.153,179.153,179.153,179.153,1.0
2020-07-16,180.629,180.629,180.629,180.629,1.0
2020-07-17,183.451,183.451,183.451,183.451,1.0
2020-07-20,184.219,184.219,184.219,184.219,1.0
2020-07-21,187.193,187.193,187.193,187.193,1.0
2020-07-22,187.232,187.232,187.232,187.232,1.0
2020-07-23,188.727,188.727,188.727,188.727,1.0
2020-07-24,187.197,187.197,187.197,187.197,1.0
2020-07-27,185.132,185.132,185.132,185.132,1.0
2020-07-28,185.825,185.825,185.825,185.825,1.0
2020-07-29,186.23,186.23,186.23,186.23,1.0
2020-07-30,183.866,183.866,183.866,183.866,1.0
2020-07-31,184.762,184.762,184.762,184.762,1.0
2020-08-03,184.196,184.196,184.196,184.196,1.0
2020-08-04,185.269,185.269,185.269,185.269,1.0
2020-08-05,185.738,185.738,185.738,185.738,1.0
2020-08-06,187.413,187.413,187.413,187.413,1.0
2020-08-07,187.228,187.228,187.228,187.228,1.0
2020-08-10,189.922,189.922,189.922,189.922,1.0
2020-08-11,190.912,190.912,190.912,190.912,1.0
2020-08-12,191.582,191.582,191.582,191.582,1.0
2020-08-13,192.357,192.357,192.357,192.357,1.0
2020-08-14,190.828,190.828,190.828,190.828,1.0
2020-08-17,192.564,192.564,192.564,192.564,1.0
2020-08-18,193.641,193.641,193.641,193.641,1.0
2020-08-19,194.613,194.613,194.613,194.613,1.0
2020-08-20,195.548,195.548,195.548,195.548,1.0
2020-08-21,196.879,196.879,196.879,196.879,1.0
2020-08-24,197.009,197.009,197.009,197.009,1.0
2020-08-25,197.291,197.291,197.291,197.291,1.0
2020-08-26,197.822,197.822,197.822,197.822,1.0
2020-08-27,198.144,198.144,198.144,198.144,1.0
2020-08-28,199.757,199.757,199.757,199.757,1.0
2020-08-31,193.369,193.369,193.369,193.369,1.0
2020-09-01,194.572,194.572,194.572,194.572,1.0
2020-09-02,195.47,195.47,195.47,195.47,1.0
2020-09-03,194.9,194.9,194.9,194.9,1.0
2020-09-04,191.307,191.307,191.307,191.307,1.0
2020-09-07,190.847,190.847,190.847,190.847,1.0
2020-09-08,189.158,189.158,189.158,189.158,1.0
2020-09-09,186.978,186.978,186.978,186.978,1.0
2020-09-10,189.015,189.015,189.015,189.015,1.0
2020-09-11,189.19,189.19,189.19,189.19,1.0
2020-09-14,188.956,188.956,188.956,188.956,1.0
2020-09-15,190.17,190.17,190.17,190.17,1.0
2020-09-16,190.556,190.556,190.556,190.556,1.0
2020-09-17,189.388,189.388,189.388,189.388,1.0
2020-09-18,189.592,189.592,189.592,189.592,1.0
2020-09-21,184.916,184.916,184.916,184.916,1.0
2020-09-22,183.229,183.229,183.229,183.229,1.0
2020-09-23,182.119,182.119,182.119,182.119,1.0
2020-09-24,177.204,177.204,177.204,177.204,1.0
2020-09-25,181.219,181.219,181.219,181.219,1.0
2020-09-28,184.787,184.787,184.787,184.787,1.0
2020-09-29,183.373,183.373,183.373,183.373,1.0
2020-09-30,182.769,182.769,182.769,182.769,1.0
2020-10-01,184.905,184.905,184.905,184.905,1.0
2020-10-05,185.283,185.283,185.283,185.283,1.0
2020-10-06,185.951,185.951,185.951,185.951,1.0
2020-10-07,184.804,184.804,184.804,184.804,1.0
2020-10-08,185.081,185.081,185.081,185.081,1.0
2020-10-09,186.971,186.971,186.971,186.971,1.0
2020-10-12,186.361,186.361,186.361,186.361,1.0
2020-10-13,185.589,185.589,185.589,185.589,1.0
2020-10-14,185.533,185.533,185.533,185.533,1.0
2020-10-15,182.549,182.549,182.549,182.549,1.0
2020-10-16,184.634,184.634,184.634,184.634,1.0
2020-10-19,187.442,187.442,187.442,187.442,1.0
2020-10-20,187.41,187.41,187.41,187.41,1.0
2020-10-21,189.09,189.09,189.09,189.09,1.0
2020-10-22,189.639,189.639,189.639,189.639,1.0
2020-10-23,190.784,190.784,190.784,190.784,1.0
2020-10-26,188.871,188.871,188.871,188.871,1.0
2020-10-27,189.85,189.85,189.85,189.85,1.0
2020-10-28,187.957,187.957,187.957,187.957,1.0
2020-10-29,186.756,186.756,186.756,186.756,1.0
2020-10-30,186.897,186.897,186.897,186.897,1.0
2020-11-02,189.357,189.357,189.357,189.357,1.0
2020-11-03,191.564,191.564,191.564,191.564,1.0
2020-11-04,191.55,191.55,191.55,191.55,1.0
2020-11-05,195.463,195.463,195.463,195.463,1.0
2020-11-06,196.12,196.12,196.12,196.12,1.0
2020-11-09,198.852,198.852,198.852,198.852,1.0
2020-11-10,201.544,201.544,201.544,201.544,1.0
2020-11-11,204.645,204.645,204.645,204.645,1.0
2020-11-12,204.103,204.103,204.103,204.103,1.0
2020-11-13,205.316,205.316,205.316,205.316,1.0
2020-11-17,207.492,207.492,207.492,207.492,1.0
2020-11-18,209.053,209.053,209.053,209.053,1.0
2020-11-19,207.579,207.579,207.579,207.579,1.0
2020-11-20,208.685,208.685,208.685,208.685,1.0
2020-11-23,209.137,209.137,209.137,209.137,1.0
2020-11-24,210.933,210.933,210.933,210.933,1.0
2020-11-25,209.746,209.746,209.746,209.746,1.0
2020-11-26,211.448,211.448,211.448,211.448,1.0
2020-11-27,211.155,211.155,211.155,211.155,1.0
2020-12-01,213.294,213.294,213.294,213.294,1.0
2020-12-02,214.292,214.292,214.292,214.292,1.0
2020-12-03,217.101,217.101,217.101,217.101,1.0
2020-12-04,219.611,219.611,219.611,219.611,1.0
2020-12-07,222.834,222.834,222.834,222.834,1.0
2020-12-08,222.548,222.548,222.548,222.548,1.0
2020-12-09,223.842,223.842,223.842,223.842,1.0
2020-12-10,223.17,223.17,223.17,223.17,1.0
2020-12-11,225.591,225.591,225.591,225.591,1.0
2020-12-14,228.152,228.152,228.152,228.152,1.0
2020-12-15,227.231,227.231,227.231,227.231,1.0
2020-12-16,228.18,228.18,228.18,228.18,1.0
2020-12-17,227.455,227.455,227.455,227.455,1.0
2020-12-18,227.963,227.963,227.963,227.963,1.0
2020-12-21,218.459,218.459,218.459,218.459,1.0
2020-12-22,220.988,220.988,220.988,220.988,1.0
2020-12-23,223.649,223.649,223.649,223.649,1.0
2020-12-24,225.426,225.426,225.426,225.426,1.0
2020-12-28,227.691,227.691,227.691,227.691,1.0
2020-12-29,228.025,228.025,228.025,228.025,1.0
2020-12-30,227.886,227.886,227.886,227.886,1.0
2020-12-31,227.882,227.882,227.882,227.882,1.0
2021-01-01,229.118,229.118,229.118,229.118,1.0
2021-01-04,231.609,231.609,231.609,231.609,1.0
2021-01-05,232.309,232.309,232.309,232.309,1.0
2021-01-06,233.112,233.112,233.112,233.112,1.0
2021-01-07,233.95,233.95,233.95,233.95,1.0
2021-01-08,235.796,235.796,235.796,235.796,1.0
2021-01-11,235.891,235.891,235.891,235.891,1.0
2021-01-12,238.013,238.013,238.013,238.013,1.0
2021-01-13,240.427,240.427,240.427,240.427,1.0
2021-01-14,241.236,241.236,241.236,241.236,1.0
2021-01-15,238.972,238.972,238.972,238.972,1.0
2021-01-18,234.895,234.895,234.895,234.895,1.0
2021-01-19,238.045,238.045,238.045,238.045,1.0
2021-01-20,238.931,238.931,238.931,238.931,1.0
2021-01-21,236.437,236.437,236.437,236.437,1.0
2021-01-22,233.293,233.293,233.293,233.293,1.0
2021-01-25,231.944,231.944,231.944,231.944,1.0
2021-01-27,229.431,229.431,229.431,229.431,1.0
2021-01-28,229.308,229.308,229.308,229.308,1.0
2021-01-29,227.699,227.699,227.699,227.699,1.0
2021-02-01,236.307,236.307,236.307,236.307,1.0
2021-02-02,241.791,241.791,241.791,241.791,1.0
2021-02-03,245.003,245.003,245.003,245.003,1.0
2021-02-04,249.252,249.252,249.252,249.252,1.0
2021-02-05,251.027,251.027,251.027,251.027,1.0
2021-02-08,253.747,253.747,253.747,253.747,1.0
2021-02-09,252.676,252.676,252.676,252.676,1.0
2021-02-10,252.584,252.584,252.584,252.584,1.0
2021-02-11,252.307,252.307,252.307,252.307,1.0
2021-02-12,251.905,251.905,251.905,251.905,1.0
2021-02-15,254.688,254.688,254.688,254.688,1.0
2021-02-16,254.749,254.749,254.749,254.749,1.0
2021-02-17,255.956,255.956,255.956,255.956,1.0
2021-02-18,257.977,257.977,257.977,257.977,1.0
2021-02-19,254.078,254.078,254.078,254.078,1.0
2021-02-22,249.679,249.679,249.679,249.679,1.0
2021-02-23,251.437,251.437,251.437,251.437,1.0
2021-02-24,254.546,254.546,254.546,254.546,1.0
2021-02-25,258.285,258.285,258.285,258.285,1.0
2021-02-26,252.162,252.162,252.162,252.162,1.0
2021-03-01,255.27,255.27,255.27,255.27,1.0
2021-03-02,258.128,258.128,258.128,258.128,1.0
2021-03-03,260.969,260.969,260.969,260.969,1.0
2021-03-04,258.898,258.898,258.898,258.898,1.0
2021-03-05,255.429,255.429,255.429,255.429,1.0
2021-03-08,258.154,258.154,258.154,258.154,1.0
2021-03-09,257.183,257.183,257.183,257.183,1.0
2021-03-10,258.258,258.258,258.258,258.258,1.0
2021-03-12,257.034,257.034,257.034,257.034,1.0
2021-03-15,256.313,256.313,256.313,256.313,1.0
2021-03-16,255.963,255.963,255.963,255.963,1.0
2021-03-17,251.888,251.888,251.888,251.888,1.0
2021-03-18,249.156,249.156,249.156,249.156,1.0
2021-03-19,251.181,251.181,251.181,251.181,1.0
2021-03-22,250.901,250.901,250.901,250.901,1.0
2021-03-23,251.506,251.506,251.506,251.506,1.0
2021-03-24,247.24,247.24,247.24,247.24,1.0
2021-03-25,243.874,243.874,243.874,243.874,1.0
2021-03-26,245.562,245.562,245.562,245.562,1.0
2021-03-30,248.057,248.057,248.057,248.057,1.0
2021-03-31,248.127,248.127,248.127,248.127,1.0
2021-04-01,251.496,251.496,251.496,251.496,1.0
2021-04-05,247.147,247.147,247.147,247.147,1.0
2021-04-06,247.442,247.442,247.442,247.442,1.0
2021-04-07,249.397,249.397,249.397,249.397,1.0
2021-04-08,249.581,249.581,249.581,249.581,1.0
2021-04-09,248.762,248.762,248.762,248.762,1.0
2021-04-12,239.872,239.872,239.872,239.872,1.0
2021-04-13,243.878,243.878,243.878,243.878,1.0
2021-04-15,244.403,244.403,244.403,244.403,1.0
2021-04-16,244.516,244.516,244.516,244.516,1.0
2021-04-19,240.67,240.67,240.67,240.67,1.0
2021-04-20,241.014,241.014,241.014,241.014,1.0
2021-04-22,242.122,242.122,242.122,242.122,1.0
2021-04-23,242.368,242.368,242.368,242.368,1.0
2021-04-26,244.368,244.368,244.368,244.368,1.0
2021-04-27,246.246,246.246,246.246,246.246,1.0
2021-04-28,248.192,248.192,248.192,248.192,1.0
2021-04-29,247.317,247.317,247.317,247.317,1.0
2021-04-30,246.761,246.761,246.761,246.761,1.0
2021-05-03,246.897,246.897,246.897,246.897,1.0
2021-05-04,246.776,246.776,246.776,246.776,1.0
2021-05-05,249.634,249.634,249.634,249.634,1.0
2021-05-06,250.283,250.283,250.283,250.283,1.0
2021-05-07,251.585,251.585,251.585,251.585,1.0
2021-05-10,255.597,255.597,255.597,255.597,1.0
2021-05-11,258.39,258.39,258.39,258.39,1.0
2021-05-12,257.848,257.848,257.848,257.848,1.0
2021-05-14,255.799,255.799,255.799,255.799,1.0
2021-05-17,258.892,258.892,258.892,258.892,1.0
2021-05-18,260.078,260.078,260.078,260.078,1.0
2021-05-19,260.726,260.726,260.726,260.726,1.0
2021-05-20,259.912,259.912,259.912,259.912,1.0
2021-05-21,263.356,263.356,263.356,263.356,1.0
2021-05-24,265.217,265.217,265.217,265.217,1.0
2021-05-25,265.487,265.487,265.487,265.487,1.0
2021-05-26,265.451,265.451,265.451,265.451,1.0
2021-05-27,266.497,266.497,266.497,266.497,1.0
2021-05-28,266.198,266.198,266.198,266.198,1.0
2021-05-31,267.418,267.418,267.418,267.418,1.0
2021-06-01,267.448,267.448,267.448,267.448,1.0
2021-06-02,268.772,268.772,268.772,268.772,1.0
2021-06-03,269.968,269.968,269.968,269.968,1.0
2021-06-04,270.685,270.685,270.685,270.685,1.0
2021-06-07,273.598,273.598,273.598,273.598,1.0
2021-06-08,273.581,273.581,273.581,273.581,1.0
2021-06-09,273.094,273.094,273.094,273.094,1.0
2021-06-10,275.124,275.124,275.124,275.124,1.0
2021-06-11,275.499,275.499,275.499,275.499,1.0
2021-06-14,275.121,275.121,275.121,275.121,1.0
2021-06-15,274.897,274.897,274.897,274.897,1.0
2021-06-16,274.149,274.149,274.149,274.149,1.0
2021-06-17,271.849,271.849,271.849,271.849,1.0
2021-06-18,269.085,269.085,269.085,269.085,1.0
2021-06-21,270.791,270.791,270.791,270.791,1.0
2021-06-22,271.037,271.037,271.037,271.037,1.0
2021-06-23,270.321,270.321,270.321,270.321,1.0
2021-06-24,270.08,270.08,270.08,270.08,1.0
2021-06-25,272.241,272.241,272.241,272.241,1.0
2021-06-28,272.619,272.619,272.619,272.619,1.0
2021-06-29,271.75,271.75,271.75,271.75,1.0
2021-06-30,271.625,271.625,271.625,271.625,1.0
2021-07-01,271.331,271.331,271.331,271.331,1.0
2021-07-02,272.15,272.15,272.15,272.15,1.0
2021-07-05,274.222,274.222,274.222,274.222,1.0
2021-07-06,272.978,272.978,272.978,272.978,1.0
2021-07-07,273.73,273.73,273.73,273.73,1.0
2021-07-08,272.23,272.23,272.23,272.23,1.0
2021-07-09,272.282,272.282,272.282,272.282,1.0
2021-07-12,272.807,272.807,272.807,272.807,1.0
2021-07-13,274.566,274.566,274.566,274.566,1.0
2021-07-14,275.491,275.491,275.491,275.491,1.0
2021-07-15,275.729,275.729,275.729,275.729,1.0
2021-07-16,275.681,275.681,275.681,275.681,1.0
2021-07-19,275.638,275.638,275.638,275.638,1.0
2021-07-20,273.356,273.356,273.356,273.356,1.0
2021-07-22,275.485,275.485,275.485,275.485,1.0
2021-07-23,276.737,276.737,276.737,276.737,1.0
2021-07-26,276.287,276.287,276.287,276.287,1.0
2021-07-27,275.182,275.182,275.182,275.182,1.0
2021-07-28,274.857,274.857,274.857,274.857,1.0
2021-07-29,276.536,276.536,276.536,276.536,1.0
2021-07-30,276.689,276.689,276.689,276.689,1.0
2021-08-02,278.592,278.592,278.592,278.592,1.0
2021-08-03,280.549,280.549,280.549,280.549,1.0
2021-08-04,280.927,280.927,280.927,280.927,1.0
2021-08-05,279.866,279.866,279.866,279.866,1.0
2021-08-06,279.862,279.862,279.862,279.862,1.0
2021-08-09,278.571,278.571,278.571,278.571,1.0
2021-08-10,276.011,276.011,276.011,276.011,1.0
2021-08-11,276.086,276.086,276.086,276.086,1.0
2021-08-12,277.645,277.645,277.645,277.645,1.0
2021-08-13,278.092,278.092,278.092,278.092,1.0
2021-08-16,277.59,277.59,277.59,277.59,1.0
2021-08-17,275.917,275.917,275.917,275.917,1.0
2021-08-18,275.458,275.458,275.458,275.458,1.0
2021-08-20,271.47,271.47,271.47,271.47,1.0
2021-08-23,270.154,270.154,270.154,270.154,1.0
2021-08-24,272.956,272.956,272.956,272.956,1.0
2021-08-25,273.766,273.766,273.766,273.766,1.0
2021-08-26,273.099,273.099,273.099,273.099,1.0
2021-08-27,274.806,274.806,274.806,274.806,1.0
2021-08-30,278.406,278.406,278.406,278.406,1.0
2021-08-31,280.02,280.02,280.02,280.02,1.0
2021-09-01,280.247,280.247,280.247,280.247,1.0
2021-09-02,281.122,281.122,281.122,281.122,1.0
2021-09-03,282.159,282.159,282.159,282.159,1.0
2021-09-06,281.744,281.744,281.744,281.744,1.0
2021-09-07,281.15,281.15,281.15,281.15,1.0
2021-09-08,282.402,282.402,282.402,282.402,1.0
2021-09-09,282.961,282.961,282.961,282.961,1.0
2021-09-13,284.192,284.192,284.192,284.192,1.0
2021-09-14,285.071,285.071,285.071,285.071,1.0
2021-09-15,288.145,288.145,288.145,288.145,1.0
2021-09-16,290.487,290.487,290.487,290.487,1.0
2021-09-17,288.844,288.844,288.844,288.844,1.0
2021-09-20,285.214,285.214,285.214,285.214,1.0
2021-09-21,285.975,285.975,285.975,285.975,1.0
2021-09-22,287.075,287.075,287.075,287.075,1.0
2021-09-23,289.886,289.886,289.886,289.886,1.0
2021-09-24,287.891,287.891,287.891,287.891,1.0
2021-09-27,288.611,288.611,288.611,288.611,1.0
2021-09-28,290.964,290.964,290.964,290.964,1.0
2021-09-29,294.891,294.891,294.891,294.891,1.0
2021-09-30,294.417,294.417,294.417,294.417,1.0
2021-10-01,294.092,294.092,294.092,294.092,1.0
2021-10-04,296.646,296.646,296.646,296.646,1.0
2021-10-05,298.211,298.211,298.211,298.211,1.0
2021-10-06,295.746,295.746,295.746,295.746,1.0
2021-10-07,297.146,297.146,297.146,297.146,1.0
2021-10-08,297.015,297.015,297.015,297.015,1.0
2021-10-11,300.146,300.146,300.146,300.146,1.0
2021-10-12,301.057,301.057,301.057,301.057,1.0
2021-10-13,302.64,302.64,302.64,302.64,1.0
2021-10-14,305.119,305.119,305.119,305.119,1.0
2021-10-18,307.852,307.852,307.852,307.852,1.0
2021-10-19,304.152,304.152,304.152,304.152,1.0
2021-10-20,302.199,302.199,302.199,302.199,1.0
2021-10-21,303.377,303.377,303.377,303.377,1.0
2021-10-22,301.207,301.207,301.207,301.207,1.0
2021-10-25,301.215,301.215,301.215,301.215,1.0
2021-10-26,302.64,302.64,302.64,302.64,1.0
2021-10-27,303.231,303.231,303.231,303.231,1.0
2021-10-28,297.448,297.448,297.448,297.448,1.0
2021-10-29,296.13,296.13,296.13,296.13,1.0
2021-11-01,299.151,299.151,299.151,299.151,1.0
2021-11-02,299.918,299.918,299.918,299.918,1.0
2021-11-03,300.193,300.193,300.193,300.193,1.0
2021-11-08,303.45,303.45,303.45,303.45,1.0
2021-11-09,303.831,303.831,303.831,303.831,1.0
2021-11-10,303.516,303.516,303.516,303.516,1.0
2021-11-11,302.198,302.198,302.198,302.198,1.0
2021-11-12,302.766,302.766,302.766,302.766,1.0
2021-11-15,301.358,301.358,301.358,301.358,1.0
2021-11-16,299.433,299.433,299.433,299.433,1.0
2021-11-17,299.089,299.089,299.089,299.089,1.0
2021-11-18,297.132,297.132,297.132,297.132,1.0
2021-11-22,292.391,292.391,292.391,292.391,1.0
2021-11-23,295.016,295.016,295.016,295.016,1.0
2021-11-24,295.432,295.432,295.432,295.432,1.0
2021-11-25,295.306,295.306,295.306,295.306,1.0
2021-11-26,289.685,289.685,289.685,289.685,1.0
2021-11-29,287.422,287.422,287.422,287.422,1.0
2021-11-30,287.339,287.339,287.339,287.339,1.0
2021-12-01,289.571,289.571,289.571,289.571,1.0
2021-12-02,291.418,291.418,291.418,291.418,1.0
2021-12-03,290.658,290.658,290.658,290.658,1.0
2021-12-06,288.461,288.461,288.461,288.461,1.0
2021-12-07,290.911,290.911,290.911,290.911,1.0
2021-12-08,293.693,293.693,293.693,293.693,1.0
2021-12-09,294.482,294.482,294.482,294.482,1.0
2021-12-10,294.607,294.607,294.607,294.607,1.0
2021-12-13,293.768,293.768,293.768,293.768,1.0
2021-12-14,293.864,293.864,293.864,293.864,1.0
2021-12-15,292.433,292.433,292.433,292.433,1.0
2021-12-16,291.581,291.581,291.581,291.581,1.0
2021-12-17,288.19,288.19,288.19,288.19,1.0
2021-12-20,282.719,282.719,282.719,282.719,1.0
2021-12-21,284.263,284.263,284.263,284.263,1.0
2021-12-22,286.414,286.414,286.414,286.414,1.0
2021-12-23,288.31,288.31,288.31,288.31,1.0
2021-12-24,286.277,286.277,286.277,286.277,1.0
2021-12-27,286.899,286.899,286.899,286.899,1.0
2021-12-28,289.057,289.057,289.057,289.057,1.0
2021-12-29,288.413,288.413,288.413,288.413,1.0
2021-12-30,288.33,288.33,288.33,288.33,1.0
2021-12-31,289.664,289.664,289.664,289.664,1.0
2022-01-03,292.896,292.896,292.896,292.896,1.0
2022-01-04,294.972,294.972,294.972,294.972,1.0
2022-01-05,296.51,296.51,296.51,296.51,1.0
2022-01-06,296.448,296.448,296.448,296.448,1.0
2022-01-07,296.969,296.969,296.969,296.969,1.0
2022-01-10,300.113,300.113,300.113,300.113,1.0
2022-01-11,299.911,299.911,299.911,299.911,1.0
2022-01-12,301.599,301.599,301.599,301.599,1.0
2022-01-13,303.282,303.282,303.282,303.282,1.0
2022-01-14,303.161,303.161,303.161,303.161,1.0
2022-01-17,304.363,304.363,304.363,304.363,1.0
2022-01-18,301.858,301.858,301.858,301.858,1.0
2022-01-19,302.598,302.598,302.598,302.598,1.0
2022-01-20,302.078,302.078,302.078,302.078,1.0
2022-01-21,298.493,298.493,298.493,298.493,1.0
2022-01-24,294.69,294.69,294.69,294.69,1.0
2022-01-25,298.617,298.617,298.617,298.617,1.0
2022-01-27,299.243,299.243,299.243,299.243,1.0
2022-01-28,300.084,300.084,300.084,300.084,1.0
2022-01-31,302.774,302.774,302.774,302.774,1.0
2022-02-01,303.59,303.59,303.59,303.59,1.0
2022-02-02,305.523,305.523,305.523,305.523,1.0
2022-02-03,304.498,304.498,304.498,304.498,1.0
2022-02-04,302.927,302.927,302.927,302.927,1.0
2022-02-07,301.753,301.753,301.753,301.753,1.0
2022-02-08,301.415,301.415,301.415,301.415,1.0
2022-02-09,303.56,303.56,303.56,303.56,1.0
2022-02-10,304.677,304.677,304.677,304.677,1.0
2022-02-11,302.738,302.738,302.738,302.738,1.0
2022-02-14,295.549,295.549,295.549,295.549,1.0
2022-02-15,299.987,299.987,299.987,299.987,1.0
2022-02-16,299.396,299.396,299.396,299.396,1.0
2022-02-17,298.259,298.259,298.259,298.259,1.0
2022-02-18,298.236,298.236,298.236,298.236,1.0
2022-02-21,296.263,296.263,296.263,296.263,1.0
2022-02-22,293.904,293.904,293.904,293.904,1.0
2022-02-23,294.206,294.206,294.206,294.206,1.0
2022-02-24,284.888,284.888,284.888,284.888,1.0
2022-02-25,290.97,290.97,290.97,290.97,1.0
2022-02-28,293.467,293.467,293.467,293.467,1.0
2022-03-02,293.432,293.432,293.432,293.432,1.0
2022-03-03,293.484,293.484,293.484,293.484,1.0
2022-03-04,290.752,290.752,290.752,290.752,1.0
2022-03-07,287.383,287.383,287.383,287.383,1.0
2022-03-08,289.357,289.357,289.357,289.357,1.0
2022-03-09,291.374,291.374,291.374,291.374,1.0
2022-03-10,293.288,293.288,293.288,293.288,1.0
2022-03-11,294.812,294.812,294.812,294.812,1.0
2022-03-14,296.394,296.394,296.394,296.394,1.0
2022-03-15,294.508,294.508,294.508,294.508,1.0
2022-03-16,297.717,297.717,297.717,297.717,1.0
2022-03-17,300.524,300.524,300.524,300.524,1.0
2022-03-21,299.287,299.287,299.287,299.287,1.0
2022-03-22,300.844,300.844,300.844,300.844,1.0
2022-03-23,300.222,300.222,300.222,300.222,1.0
2022-03-24,300.673,300.673,300.673,300.673,1.0
2022-03-25,300.151,300.151,300.151,300.151,1.0
2022-03-28,301.492,301.492,301.492,301.492,1.0
2022-03-29,301.342,301.342,301.342,301.342,1.0
2022-03-30,302.08,302.08,302.08,302.08,1.0
2022-03-31,302.156,302.156,302.156,302.156,1.0
2022-04-01,306.724,306.724,306.724,306.724,1.0
2022-04-04,310.105,310.105,310.105,310.105,1.0
2022-04-05,310.979,310.979,310.979,310.979,1.0
2022-04-06,312.305,312.305,312.305,312.305,1.0
2022-04-07,311.717,311.717,311.717,311.717,1.0
2022-04-08,313.762,313.762,313.762,313.762,1.0
2022-04-11,314.186,314.186,314.186,314.186,1.0
2022-04-12,311.851,311.851,311.851,311.851,1.0
2022-04-13,312.179,312.179,312.179,312.179,1.0
2022-04-18,312.352,312.352,312.352,312.352,1.0
2022-04-19,311.486,311.486,311.486,311.486,1.0
2022-04-20,311.779,311.779,311.779,311.779,1.0
2022-04-21,314.61,314.61,314.61,314.61,1.0
2022-04-22,312.24,312.24,312.24,312.24,1.0
2022-04-25,307.805,307.805,307.805,307.805,1.0
2022-04-26,310.623,310.623,310.623,310.623,1.0
2022-04-27,308.266,308.266,308.266,308.266,1.0
2022-04-28,310.421,310.421,310.421,310.421,1.0
2022-04-29,307.437,307.437,307.437,307.437,1.0
2022-05-02,307.428,307.428,307.428,307.428,1.0
2022-05-04,303.628,303.628,303.628,303.628,1.0
2022-05-05,303.653,303.653,303.653,303.653,1.0
2022-05-06,302.35,302.35,302.35,302.35,1.0
2022-05-09,300.348,300.348,300.348,300.348,1.0
2022-05-10,297.909,297.909,297.909,297.909,1.0
2022-05-11,296.247,296.247,296.247,296.247,1.0
2022-05-12,292.418,292.418,292.418,292.418,1.0
2022-05-13,291.231,291.231,291.231,291.231,1.0
2022-05-16,293.299,293.299,293.299,293.299,1.0
2022-05-17,298.839,298.839,298.839,298.839,1.0
2022-05-18,297.791,297.791,297.791,297.791,1.0
2022-05-19,294.52,294.52,294.52,294.52,1.0
2022-05-20,299.326,299.326,299.326,299.326,1.0
2022-05-23,298.834,298.834,298.834,298.834,1.0
2022-05-24,297.501,297.501,297.501,297.501,1.0
2022-05-25,296.603,296.603,296.603,296.603,1.0
2022-05-26,299.185,299.185,299.185,299.185,1.0
2022-05-27,300.202,300.202,300.202,300.202,1.0
2022-05-30,303.259,303.259,303.259,303.259,1.0
2022-05-31,303.729,303.729,303.729,303.729,1.0
2022-06-01,304.312,304.312,304.312,304.312,1.0
2022-06-02,305.284,305.284,305.284,305.284,1.0
2022-06-03,303.741,303.741,303.741,303.741,1.0
2022-06-06,303.052,303.052,303.052,303.052,1.0
2022-06-07,302.55,302.55,302.55,302.55,1.0
2022-06-08,302.711,302.711,302.711,302.711,1.0
2022-06-09,303.511,303.511,303.511,303.511,1.0
2022-06-10,301.565,301.565,301.565,301.565,1.0
2022-06-13,295.581,295.581,295.581,295.581,1.0
2022-06-14,295.503,295.503,295.503,295.503,1.0
2022-06-15,295.106,295.106,295.106,295.106,1.0
2022-06-16,290.437,290.437,290.437,290.437,1.0
2022-06-17,289.97,289.97,289.97,289.97,1.0
2022-06-20,288.162,288.162,288.162,288.162,1.0
2022-06-21,293.09,293.09,293.09,293.09,1.0
2022-06-22,290.835,290.835,290.835,290.835,1.0
2022-06-23,291.966,291.966,291.966,291.966,1.0
2022-06-24,293.41,293.41,293.41,293.41,1.0
2022-06-27,295.754,295.754,295.754,295.754,1.0
2022-06-28,296.522,296.522,296.522,296.522,1.0
2022-06-29,296.18,296.18,296.18,296.18,1.0
2022-06-30,296.125,296.125,296.125,296.125,1.0
2022-07-01,296.69,296.69,296.69,296.69,1.0
2022-07-04,298.272,298.272,298.272,298.272,1.0
2022-07-05,297.799,297.799,297.799,297.799,1.0
2022-07-06,299.614,299.614,299.614,299.614,1.0
2022-07-07,302.219,302.219,302.219,302.219,1.0
2022-07-08,304.117,304.117,304.117,304.117,1.0
2022-07-11,304.785,304.785,304.785,304.785,1.0
2022-07-12,303.432,303.432,303.432,303.432,1.0
2022-07-13,302.451,302.451,302.451,302.451,1.0
2022-07-14,301.658,301.658,301.658,301.658,1.0
2022-07-15,302.74,302.74,302.74,302.74,1.0
2022-07-18,305.667,305.667,305.667,305.667,1.0
2022-07-19,307.297,307.297,307.297,307.297,1.0
2022-07-20,308.821,308.821,308.821,308.821,1.0
2022-07-21,309.947,309.947,309.947,309.947,1.0
2022-07-22,310.478,310.478,310.478,310.478,1.0
2022-07-25,310.889,310.889,310.889,310.889,1.0
2022-07-26,309.437,309.437,309.437,309.437,1.0
2022-07-27,311.806,311.806,311.806,311.806,1.0
2022-07-28,313.662,313.662,313.662,313.662,1.0
2022-07-29,316.375,316.375,316.375,316.375,1.0
2022-08-01,318.967,318.967,318.967,318.967,1.0
2022-08-02,319.75,319.75,319.75,319.75,1.0
2022-08-03,319.571,319.571,319.571,319.571,1.0
2022-08-04,318.647,318.647,318.647,318.647,1.0
2022-08-05,318.836,318.836,318.836,318.836,1.0
2022-08-08,320.719,320.719,320.719,320.719,1.0
2022-08-10,321.203,321.203,321.203,321.203,1.0
2022-08-11,323.259,323.259,323.259,323.259,1.0
2022-08-12,324.596,324.596,324.596,324.596,1.0
2022-08-16,325.884,325.884,325.884,325.884,1.0
2022-08-17,327.594,327.594,327.594,327.594,1.0
2022-08-18,327.616,327.616,327.616,327.616,1.0
2022-08-19,325.348,325.348,325.348,325.348,1.0
2022-08-22,322.677,322.677,322.677,322.677,1.0
2022-08-23,324.67,324.67,324.67,324.67,1.0
2022-08-24,325.287,325.287,325.287,325.287,1.0
2022-08-25,325.012,325.012,325.012,325.012,1.0
2022-08-26,326.375,326.375,326.375,326.375,1.0
2022-08-29,324.09,324.09,324.09,324.09,1.0
2022-08-30,329.222,329.222,329.222,329.222,1.0
2022-09-01,327.642,327.642,327.642,327.642,1.0
2022-09-02,328.02,328.02,328.02,328.02,1.0
2022-09-05,329.548,329.548,329.548,329.548,1.0
2022-09-06,330.078,330.078,330.078,330.078,1.0
2022-09-07,330.572,330.572,330.572,330.572,1.0
2022-09-08,332.531,332.531,332.531,332.531,1.0
2022-09-09,332.788,332.788,332.788,332.788,1.0
2022-09-12,333.708,333.708,333.708,333.708,1.0
2022-09-13,334.774,334.774,334.774,334.774,1.0
2022-09-14,334.767,334.767,334.767,334.767,1.0
2022-09-15,334.772,334.772,334.772,334.772,1.0
2022-09-16,330.581,330.581,330.581,330.581,1.0
2022-09-19,331.386,331.386,331.386,331.386,1.0
2022-09-20,333.218,333.218,333.218,333.218,1.0
2022-09-21,331.912,331.912,331.912,331.912,1.0
2022-09-22,330.81,330.81,330.81,330.81,1.0
2022-09-23,326.466,326.466,326.466,326.466,1.0
2022-09-26,321.305,321.305,321.305,321.305,1.0
2022-09-27,321.155,321.155,321.155,321.155,1.0
2022-09-28,319.084,319.084,319.084,319.084,1.0
2022-09-29,319.621,319.621,319.621,319.621,1.0
2022-09-30,322.226,322.226,322.226,322.226,1.0
2022-10-03,320.613,320.613,320.613,320.613,1.0
2022-10-04,325.842,325.842,325.842,325.842,1.0
2022-10-06,328.04,328.04,328.04,328.04,1.0
2022-10-07,327.398,327.398,327.398,327.398,1.0
2022-10-10,326.707,326.707,326.707,326.707,1.0
2022-10-11,323.728,323.728,323.728,323.728,1.0
2022-10-12,325.611,325.611,325.611,325.611,1.0
2022-10-13,324.367,324.367,324.367,324.367,1.0
2022-10-14,325.942,325.942,325.942,325.942,1.0
2022-10-17,327.837,327.837,327.837,327.837,1.0
2022-10-18,330.799,330.799,330.799,330.799,1.0
2022-10-19,330.406,330.406,330.406,330.406,1.0
2022-10-20,330.995,330.995,330.995,330.995,1.0
2022-10-21,330.921,330.921,330.921,330.921,1.0
2022-10-25,334.405,334.405,334.405,334.405,1.0
2022-10-27,336.079,336.079,336.079,336.079,1.0
2022-10-28,336.15,336.15,336.15,336.15,1.0
2022-10-31,338.291,338.291,338.291,338.291,1.0
2022-11-01,339.763,339.763,339.763,339.763,1.0
2022-11-02,339.39,339.39,339.39,339.39,1.0
2022-11-03,339.423,339.423,339.423,339.423,1.0
2022-11-04,339.561,339.561,339.561,339.561,1.0
2022-11-07,342.244,342.244,342.244,342.244,1.0
2022-11-09,342.194,342.194,342.194,342.194,1.0
2022-11-10,340.391,340.391,340.391,340.391,1.0
2022-11-11,343.377,343.377,343.377,343.377,1.0
2022-11-14,342.421,342.421,342.421,342.421,1.0
2022-11-15,343.456,343.456,343.456,343.456,1.0
2022-11-16,343.712,343.712,343.712,343.712,1.0
2022-11-17,343.347,343.347,343.347,343.347,1.0
2022-11-18,342.373,342.373,342.373,342.373,1.0
2022-11-21,341.136,341.136,341.136,341.136,1.0
2022-11-22,342.429,342.429,342.429,342.429,1.0
2022-11-23,343.362,343.362,343.362,343.362,1.0
2022-11-24,345.958,345.958,345.958,345.958,1.0
2022-11-25,347.293,347.293,347.293,347.293,1.0
2022-11-28,348.482,348.482,348.482,348.482,1.0
2022-11-29,348.463,348.463,348.463,348.463,1.0
2022-11-30,349.536,349.536,349.536,349.536,1.0
2022-12-01,350.517,350.517,350.517,350.517,1.0
2022-12-02,349.97,349.97,349.97,349.97,1.0
2022-12-05,350.733,350.733,350.733,350.733,1.0
2022-12-06,349.663,349.663,349.663,349.663,1.0
2022-12-07,349.597,349.597,349.597,349.597,1.0
2022-12-08,350.813,350.813,350.813,350.813,1.0
2022-12-09,349.641,349.641,349.641,349.641,1.0
2022-12-12,350.642,350.642,350.642,350.642,1.0
2022-12-13,351.838,351.838,351.838,351.838,1.0
2022-12-14,352.946,352.946,352.946,352.946,1.0
2022-12-15,350.268,350.268,350.268,350.268,1.0
2022-12-16,347.611,347.611,347.611,347.611,1.0
2022-12-19,349.253,349.253,349.253,349.253,1.0
2022-12-20,349.122,349.122,349.122,349.122,1.0
2022-12-21,345.463,345.463,345.463,345.463,1.0
2022-12-22,343.741,343.741,343.741,343.741,1.0
2022-12-23,338.429,338.429,338.429,338.429,1.0
2022-12-26,343.326,343.326,343.326,343.326,1.0
2022-12-27,344.641,344.641,344.641,344.641,1.0
2022-12-28,344.954,344.954,344.954,344.954,1.0
2022-12-29,346.371,346.371,346.371,346.371,1.0
2022-12-30,346.334,346.334,346.334,346.334,1.0
2023-01-02,348.365,348.365,348.365,348.365,1.0
2023-01-03,349.306,349.306,349.306,349.306,1.0
2023-01-04,346.705,346.705,346.705,346.705,1.0
2023-01-05,347.324,347.324,347.324,347.324,1.0
2023-01-06,345.809,345.809,345.809,345.809,1.0
2023-01-09,348.128,348.128,348.128,348.128,1.0
2023-01-10,345.906,345.906,345.906,345.906,1.0
2023-01-11,345.601,345.601,345.601,345.601,1.0
2023-01-12,345.291,345.291,345.291,345.291,1.0
2023-01-13,346.511,346.511,346.511,346.511,1.0
2023-01-16,345.892,345.892,345.892,345.892,1.0
2023-01-17,346.523,346.523,346.523,346.523,1.0
2023-01-18,348.079,348.079,348.079,348.079,1.0
2023-01-19,348.313,348.313,348.313,348.313,1.0
2023-01-20,348.382,348.382,348.382,348.382,1.0
2023-01-23,349.795,349.795,349.795,349.795,1.0
2023-01-24,349.127,349.127,349.127,349.127,1.0
2023-01-25,345.981,345.981,345.981,345.981,1.0
2023-01-27,341.543,341.543,341.543,341.543,1.0
2023-01-30,341.512,341.512,341.512,341.512,1.0
2023-01-31,344.149,344.149,344.149,344.149,1.0
2023-02-01,342.256,342.256,342.256,342.256,1.0
2023-02-02,342.277,342.277,342.277,342.277,1.0
2023-02-03,344.426,344.426,344.426,344.426,1.0
2023-02-06,344.63,344.63,344.63,344.63,1.0
2023-02-07,344.414,344.414,344.414,344.414,1.0
2023-02-08,345.333,345.333,345.333,345.333,1.0
2023-02-09,345.579,345.579,345.579,345.579,1.0
2023-02-10,345.277,345.277,345.277,345.277,1.0
2023-02-13,343.744,343.744,343.744,343.744,1.0
2023-02-14,344.676,344.676,344.676,344.676,1.0
2023-02-15,345.707,345.707,345.707,345.707,1.0
2023-02-16,346.861,346.861,346.861,346.861,1.0
2023-02-17,345.992,345.992,345.992,345.992,1.0
2023-02-20,345.07,345.07,345.07,345.07,1.0
2023-02-21,344.752,344.752,344.752,344.752,1.0
2023-02-22,342.109,342.109,342.109,342.109,1.0
2023-02-23,342.206,342.206,342.206,342.206,1.0
2023-02-24,342.042,342.042,342.042,342.042,1.0
2023-02-27,341.186,341.186,341.186,341.186,1.0
2023-02-28,340.588,340.588,340.588,340.588,1.0
2023-03-01,343.024,343.024,343.024,343.024,1.0
2023-03-02,342.393,342.393,342.393,342.393,1.0
2023-03-03,345.641,345.641,345.641,345.641,1.0
2023-03-06,347.649,347.649,347.649,347.649,1.0
2023-03-08,349.046,349.046,349.046,349.046,1.0
2023-03-09,347.926,347.926,347.926,347.926,1.0
2023-03-10,346.213,346.213,346.213,346.213,1.0
2023-03-13,342.788,342.788,342.788,342.788,1.0
2023-03-14,341.714,341.714,341.714,341.714,1.0
2023-03-15,340.946,340.946,340.946,340.946,1.0
2023-03-16,341.596,341.596,341.596,341.596,1.0
2023-03-17,342.392,342.392,342.392,342.392,1.0
2023-03-20,340.835,340.835,340.835,340.835,1.0
2023-03-21,342.236,342.236,342.236,342.236,1.0
2023-03-22,342.369,342.369,342.369,342.369,1.0
2023-03-23,341.37,341.37,341.37,341.37,1.0
2023-03-24,339.661,339.661,339.661,339.661,1.0
2023-03-27,339.46,339.46,339.46,339.46,1.0
2023-03-28,339.034,339.034,339.034,339.034,1.0
2023-03-29,341.813,341.813,341.813,341.813,1.0
2023-03-31,344.595,344.595,344.595,344.595,1.0
2023-04-03,345.771,345.771,345.771,345.771,1.0
2023-04-05,347.301,347.301,347.301,347.301,1.0
2023-04-06,348.338,348.338,348.338,348.338,1.0
2023-04-10,349.207,349.207,349.207,349.207,1.0
2023-04-11,350.415,350.415,350.415,350.415,1.0
2023-04-12,351.003,351.003,351.003,351.003,1.0
2023-04-13,350.493,350.493,350.493,350.493,1.0
2023-04-17,350.028,350.028,350.028,350.028,1.0
2023-04-18,350.254,350.254,350.254,350.254,1.0
2023-04-19,349.692,349.692,349.692,349.692,1.0
2023-04-20,350.337,350.337,350.337,350.337,1.0
2023-04-21,350.31,350.31,350.31,350.31,1.0
2023-04-24,352.107,352.107,352.107,352.107,1.0
2023-04-25,352.47,352.47,352.47,352.47,1.0
2023-04-26,353.235,353.235,353.235,353.235,1.0
2023-04-27,354.334,354.334,354.334,354.334,1.0
2023-04-28,356.817,356.817,356.817,356.817,1.0
2023-05-02,358.29,358.29,358.29,358.29,1.0
2023-05-03,358.587,358.587,358.587,358.587,1.0
2023-05-04,360.031,360.031,360.031,360.031,1.0
2023-05-05,357.738,357.738,357.738,357.738,1.0
2023-05-08,359.118,359.118,359.118,359.118,1.0
2023-05-09,357.952,357.952,357.952,357.952,1.0
2023-05-10,358.508,358.508,358.508,358.508,1.0
2023-05-11,358.314,358.314,358.314,358.314,1.0
2023-05-12,358.252,358.252,358.252,358.252,1.0
2023-05-15,360.261,360.261,360.261,360.261,1.0
2023-05-16,360.392,360.392,360.392,360.392,1.0
2023-05-17,360.002,360.002,360.002,360.002,1.0
2023-05-18,358.744,358.744,358.744,358.744,1.0
2023-05-19,358.876,358.876,358.876,358.876,1.0
2023-05-22,359.421,359.421,359.421,359.421,1.0
2023-05-23,359.894,359.894,359.894,359.894,1.0
2023-05-24,359.703,359.703,359.703,359.703,1.0
2023-05-25,359.859,359.859,359.859,359.859,1.0
2023-05-26,361.112,361.112,361.112,361.112,1.0
2023-05-29,362.812,362.812,362.812,362.812,1.0
2023-05-30,363.439,363.439,363.439,363.439,1.0
2023-05-31,362.993,362.993,362.993,362.993,1.0
2023-06-01,362.278,362.278,362.278,362.278,1.0
2023-06-02,363.597,363.597,363.597,363.597,1.0
2023-06-05,364.752,364.752,364.752,364.752,1.0
2023-06-06,365.269,365.269,365.269,365.269,1.0
2023-06-07,366.901,366.901,366.901,366.901,1.0
2023-06-08,366.303,366.303,366.303,366.303,1.0
2023-06-09,366.388,366.388,366.388,366.388,1.0
2023-06-12,367.939,367.939,367.939,367.939,1.0
2023-06-13,368.866,368.866,368.866,368.866,1.0
2023-06-14,368.57,368.57,368.57,368.57,1.0
2023-06-15,367.971,367.971,367.971,367.971,1.0
2023-06-16,369.979,369.979,369.979,369.979,1.0
2023-06-19,370.074,370.074,370.074,370.074,1.0
2023-06-20,371.313,371.313,371.313,371.313,1.0
2023-06-21,372.119,372.119,372.119,372.119,1.0
2023-06-22,370.75,370.75,370.75,370.75,1.0
2023-06-23,369.116,369.116,369.116,369.116,1.0
2023-06-26,369.532,369.532,369.532,369.532,1.0
2023-06-27,371.457,371.457,371.457,371.457,1.0
2023-06-28,373.515,373.515,373.515,373.515,1.0
2023-06-30,375.621,375.621,375.621,375.621,1.0
2023-07-03,377.65,377.65,377.65,377.65,1.0
2023-07-04,377.936,377.936,377.936,377.936,1.0
2023-07-05,378.465,378.465,378.465,378.465,1.0
2023-07-06,380.282,380.282,380.282,380.282,1.0
2023-07-07,379.3,379.3,379.3,379.3,1.0
2023-07-10,379.279,379.279,379.279,379.279,1.0
2023-07-11,381.366,381.366,381.366,381.366,1.0
2023-07-12,380.98,380.98,380.98,380.98,1.0
2023-07-13,380.147,380.147,380.147,380.147,1.0
2023-07-14,381.386,381.386,381.386,381.386,1.0
2023-07-17,383.021,383.021,383.021,383.021,1.0
2023-07-18,382.799,382.799,382.799,382.799,1.0
2023-07-19,384.763,384.763,384.763,384.763,1.0
2023-07-20,386.333,386.333,386.333,386.333,1.0
2023-07-21,385.572,385.572,385.572,385.572,1.0
2023-07-24,387.088,387.088,387.088,387.088,1.0
2023-07-25,387.5,387.5,387.5,387.5,1.0
2023-07-26,388.942,388.942,388.942,388.942,1.0
2023-07-27,389.42,389.42,389.42,389.42,1.0
2023-07-28,389.962,389.962,389.962,389.962,1.0
2023-07-31,393.032,393.032,393.032,393.032,1.0
2023-08-01,394.185,394.185,394.185,394.185,1.0
2023-08-02,390.749,390.749,390.749,390.749,1.0
2023-08-03,390.084,390.084,390.084,390.084,1.0
2023-08-04,390.554,390.554,390.554,390.554,1.0
2023-08-07,392.176,392.176,392.176,392.176,1.0
2023-08-08,392.625,392.625,392.625,392.625,1.0
2023-08-09,393.614,393.614,393.614,393.614,1.0
2023-08-10,392.762,392.762,392.762,392.762,1.0
2023-08-11,391.661,391.661,391.661,391.661,1.0
2023-08-14,391.542,391.542,391.542,391.542,1.0
2023-08-16,393.416,393.416,393.416,393.416,1.0
2023-08-17,393.462,393.462,393.462,393.462,1.0
2023-08-18,392.694,392.694,392.694,392.694,1.0
2023-08-21,394.338,394.338,394.338,394.338,1.0
2023-08-22,395.214,395.214,395.214,395.214,1.0
2023-08-23,396.761,396.761,396.761,396.761,1.0
2023-08-24,396.435,396.435,396.435,396.435,1.0
2023-08-25,394.707,394.707,394.707,394.707,1.0
2023-08-28,396.266,396.266,396.266,396.266,1.0
2023-08-29,396.868,396.868,396.868,396.868,1.0
2023-08-30,396.83,396.83,396.83,396.83,1.0
2023-08-31,396.01,396.01,396.01,396.01,1.0
2023-09-01,398.597,398.597,398.597,398.597,1.0
2023-09-04,401.566,401.566,401.566,401.566,1.0
2023-09-05,402.634,402.634,402.634,402.634,1.0
2023-09-06,402.08,402.08,402.08,402.08,1.0
2023-09-07,406.118,406.118,406.118,406.118,1.0
2023-09-08,409.974,409.974,409.974,409.974,1.0
2023-09-11,411.873,411.873,411.873,411.873,1.0
2023-09-12,406.318,406.318,406.318,406.318,1.0
2023-09-13,408.069,408.069,408.069,408.069,1.0
2023-09-14,409.303,409.303,409.303,409.303,1.0
2023-09-15,410.113,410.113,410.113,410.113,1.0
2023-09-18,410.351,410.351,410.351,410.351,1.0
2023-09-20,409.34,409.34,409.34,409.34,1.0
2023-09-21,406.863,406.863,406.863,406.863,1.0
2023-09-22,407.362,407.362,407.362,407.362,1.0
2023-09-25,407.473,407.473,407.473,407.473,1.0
2023-09-26,407.67,407.67,407.67,407.67,1.0
2023-09-27,409.436,409.436,409.436,409.436,1.0
2023-09-29,410.693,410.693,410.693,410.693,1.0
2023-10-03,409.971,409.971,409.971,409.971,1.0
2023-10-04,407.013,407.013,407.013,407.013,1.0
2023-10-05,408.197,408.197,408.197,408.197,1.0
2023-10-06,409.358,409.358,409.358,409.358,1.0
2023-10-09,406.581,406.581,406.581,406.581,1.0
2023-10-10,410.339,410.339,410.339,410.339,1.0
2023-10-11,411.679,411.679,411.679,411.679,1.0
2023-10-12,412.444,412.444,412.444,412.444,1.0
2023-10-13,411.986,411.986,411.986,411.986,1.0
2023-10-16,412.91,412.91,412.91,412.91,1.0
2023-10-17,414.744,414.744,414.744,414.744,1.0
2023-10-18,412.588,412.588,412.588,412.588,1.0
2023-10-19,412.06,412.06,412.06,412.06,1.0
2023-10-20,410.114,410.114,410.114,410.114,1.0
2023-10-23,404.779,404.779,404.779,404.779,1.0
2023-10-25,402.444,402.444,402.444,402.444,1.0
2023-10-26,400.17,400.17,400.17,400.17,1.0
2023-10-27,403.771,403.771,403.771,403.771,1.0
2023-10-30,404.54,404.54,404.54,404.54,1.0
2023-10-31,404.639,404.639,404.639,404.639,1.0
2023-11-01,403.286,403.286,403.286,403.286,1.0
2023-11-02,406.557,406.557,406.557,406.557,1.0
2023-11-03,408.422,408.422,408.422,408.422,1.0
2023-11-06,410.311,410.311,410.311,410.311,1.0
2023-11-07,410.839,410.839,410.839,410.839,1.0
2023-11-08,412.403,412.403,412.403,412.403,1.0
2023-11-09,413.225,413.225,413.225,413.225,1.0
2023-11-10,414.405,414.405,414.405,414.405,1.0
2023-11-13,417.881,417.881,417.881,417.881,1.0
2023-11-15,420.585,420.585,420.585,420.585,1.0
2023-11-16,421.142,421.142,421.142,421.142,1.0
2023-11-17,421.852,421.852,421.852,421.852,1.0
2023-11-20,422.176,422.176,422.176,422.176,1.0
2023-11-21,423.075,423.075,423.075,423.075,1.0
2023-11-22,422.844,422.844,422.844,422.844,1.0
2023-11-23,423.381,423.381,423.381,423.381,1.0
2023-11-24,423.67,423.67,423.67,423.67,1.0
2023-11-28,425.222,425.222,425.222,425.222,1.0
2023-11-29,427.634,427.634,427.634,427.634,1.0
2023-11-30,429.193,429.193,429.193,429.193,1.0
2023-12-01,433.436,433.436,433.436,433.436,1.0
2023-12-04,439.381,439.381,439.381,439.381,1.0
2023-12-05,441.534,441.534,441.534,441.534,1.0
2023-12-06,442.766,442.766,442.766,442.766,1.0
2023-12-07,443.298,443.298,443.298,443.298,1.0
2023-12-08,444.121,444.121,444.121,444.121,1.0
2023-12-11,445.286,445.286,445.286,445.286,1.0
2023-12-12,443.649,443.649,443.649,443.649,1.0
2023-12-13,447.327,447.327,447.327,447.327,1.0
2023-12-14,449.987,449.987,449.987,449.987,1.0
2023-12-15,452.594,452.594,452.594,452.594,1.0
2023-12-18,452.555,452.555,452.555,452.555,1.0
2023-12-19,454.18,454.18,454.18,454.18,1.0
2023-12-20,446.26,446.26,446.26,446.26,1.0
2023-12-21,449.619,449.619,449.619,449.619,1.0
2023-12-22,450.986,450.986,450.986,450.986,1.0
2023-12-26,454.26,454.26,454.26,454.26,1.0
2023-12-27,455.322,455.322,455.322,455.322,1.0
2023-12-28,458.059,458.059,458.059,458.059,1.0
2023-12-29,457.604,457.604,457.604,457.604,1.0
2024-01-01,459.395,459.395,459.395,459.395,1.0
2024-01-02,459.003,459.003,459.003,459.003,1.0
2024-01-03,458.688,458.688,458.688,458.688,1.0
2024-01-04,461.256,461.256,461.256,461.256,1.0
2024-01-05,461.937,461.937,461.937,461.937,1.0
2024-01-08,459.969,459.969,459.969,459.969,1.0
2024-01-09,460.751,460.751,460.751,460.751,1.0
2024-01-10,460.192,460.192,460.192,460.192,1.0
2024-01-11,461.328,461.328,461.328,461.328,1.0
2024-01-12,463.435,463.435,463.435,463.435,1.0
2024-01-15,467.005,467.005,467.005,467.005,1.0
2024-01-16,466.277,466.277,466.277,466.277,1.0
2024-01-17,462.508,462.508,462.508,462.508,1.0
2024-01-18,462.048,462.048,462.048,462.048,1.0
2024-01-19,466.615,466.615,466.615,466.615,1.0
2024-01-23,461.405,461.405,461.405,461.405,1.0
2024-01-24,467.227,467.227,467.227,467.227,1.0
2024-01-25,467.226,467.226,467.226,467.226,1.0
2024-01-29,474.083,474.083,474.083,474.083,1.0
2024-01-30,472.766,472.766,472.766,472.766,1.0
2024-01-31,475.663,475.663,475.663,475.663,1.0
2024-02-01,476.492,476.492,476.492,476.492,1.0
2024-02-02,479.229,479.229,479.229,479.229,1.0
2024-02-05,480.681,480.681,480.681,480.681,1.0
2024-02-06,482.802,482.802,482.802,482.802,1.0
2024-02-07,483.447,483.447,483.447,483.447,1.0
2024-02-08,483.821,483.821,483.821,483.821,1.0
2024-02-09,480.407,480.407,480.407,480.407,1.0
2024-02-12,471.713,471.713,471.713,471.713,1.0
2024-02-13,475.065,475.065,475.065,475.065,1.0
2024-02-14,480.203,480.203,480.203,480.203,1.0
2024-02-15,483.947,483.947,483.947,483.947,1.0
2024-02-16,485.074,485.074,485.074,485.074,1.0
2024-02-19,485.008,485.008,485.008,485.008,1.0
2024-02-20,485.488,485.488,485.488,485.488,1.0
2024-02-21,481.616,481.616,481.616,481.616,1.0
2024-02-22,484.758,484.758,484.758,484.758,1.0
2024-02-23,484.773,484.773,484.773,484.773,1.0
2024-02-26,484.875,484.875,484.875,484.875,1.0
2024-02-27,484.403,484.403,484.403,484.403,1.0
2024-02-28,480.186,480.186,480.186,480.186,1.0
2024-02-29,481.392,481.392,481.392,481.392,1.0
2024-03-01,486.462,486.462,486.462,486.462,1.0
2024-03-04,488.551,488.551,488.551,488.551,1.0
2024-03-05,489.537,489.537,489.537,489.537,1.0
2024-03-06,488.799,488.799,488.799,488.799,1.0
2024-03-07,489.434,489.434,489.434,489.434,1.0
2024-03-11,487.357,487.357,487.357,487.357,1.0
2024-03-12,484.636,484.636,484.636,484.636,1.0
2024-03-13,474.192,474.192,474.192,474.192,1.0
2024-03-14,478.838,478.838,478.838,478.838,1.0
2024-03-15,476.044,476.044,476.044,476.044,1.0
2024-03-18,475.562,475.562,475.562,475.562,1.0
2024-03-19,472.024,472.024,472.024,472.024,1.0
2024-03-20,472.183,472.183,472.183,472.183,1.0
2024-03-21,477.671,477.671,477.671,477.671,1.0
2024-03-22,479.525,479.525,479.525,479.525,1.0
2024-03-26,480.774,480.774,480.774,480.774,1.0
2024-03-27,481.455,481.455,481.455,481.455,1.0
2024-03-28,484.081,484.081,484.081,484.081,1.0
2024-03-31,484.131,484.131,484.131,484.131,1.0
2024-04-01,487.999,487.999,487.999,487.999,1.0
2024-04-02,489.216,489.216,489.216,489.216,1.0
2024-04-03,491.233,491.233,491.233,491.233,1.0
2024-04-04,491.544,491.544,491.544,491.544,1.0
2024-04-05,492.247,492.247,492.247,492.247,1.0
2024-04-08,493.283,493.283,493.283,493.283,1.0
2024-04-09,492.351,492.351,492.351,492.351,1.0
2024-04-10,494.914,494.914,494.914,494.914,1.0
2024-04-12,492.171,492.171,492.171,492.171,1.0
2024-04-15,488.712,488.712,488.712,488.712,1.0
2024-04-16,489.257,489.257,489.257,489.257,1.0
2024-04-18,487.678,487.678,487.678,487.678,1.0
2024-04-19,488.369,488.369,488.369,488.369,1.0
2024-04-22,491.224,491.224,491.224,491.224,1.0
2024-04-23,492.284,492.284,492.284,492.284,1.0
2024-04-24,494.113,494.113,494.113,494.113,1.0
2024-04-25,498.365,498.365,498.365,498.365,1.0
2024-04-26,497.578,497.578,497.578,497.578,1.0
2024-04-29,500.729,500.729,500.729,500.729,1.0
2024-04-30,502.145,502.145,502.145,502.145,1.0
2024-05-02,504.817,504.817,504.817,504.817,1.0
2024-05-03,504.797,504.797,504.797,504.797,1.0
2024-05-06,500.036,500.036,500.036,500.036,1.0
2024-05-07,496.345,496.345,496.345,496.345,1.0
2024-05-08,499.637,499.637,499.637,499.637,1.0
2024-05-09,493.329,493.329,493.329,493.329,1.0
2024-05-10,495.18,495.18,495.18,495.18,1.0
2024-05-13,495.303,495.303,495.303,495.303,1.0
2024-05-14,498.772,498.772,498.772,498.772,1.0
2024-05-15,501.161,501.161,501.161,501.161,1.0
2024-05-16,504.437,504.437,504.437,504.437,1.0
2024-05-17,507.329,507.329,507.329,507.329,1.0
2024-05-21,511.27,511.27,511.27,511.27,1.0
2024-05-22,512.351,512.351,512.351,512.351,1.0
2024-05-23,515.618,515.618,515.618,515.618,1.0
2024-05-24,517.447,517.447,517.447,517.447,1.0
2024-05-27,517.465,517.465,517.465,517.465,1.0
2024-05-28,515.425,515.425,515.425,515.425,1.0
2024-05-29,514.675,514.675,514.675,514.675,1.0
2024-05-30,512.491,512.491,512.491,512.491,1.0
2024-05-31,514.692,514.692,514.692,514.692,1.0
2024-06-03,529.403,529.403,529.403,529.403,1.0
2024-06-04,497.066,497.066,497.066,497.066,1.0
2024-06-05,503.286,503.286,503.286,503.286,1.0
2024-06-06,510.285,510.285,510.285,510.285,1.0
2024-06-07,515.762,515.762,515.762,515.762,1.0
2024-06-10,517.035,517.035,517.035,517.035,1.0
2024-06-11,517.961,517.961,517.961,517.961,1.0
2024-06-12,520.1,520.1,520.1,520.1,1.0
2024-06-13,522.369,522.369,522.369,522.369,1.0
2024-06-14,524.651,524.651,524.651,524.651,1.0
2024-06-18,526.77,526.77,526.77,526.77,1.0
2024-06-19,524.452,524.452,524.452,524.452,1.0
2024-06-20,524.795,524.795,524.795,524.795,1.0
2024-06-21,524.244,524.244,524.244,524.244,1.0
2024-06-24,525.17,525.17,525.17,525.17,1.0
2024-06-25,527.08,527.08,527.08,527.08,1.0
2024-06-26,528.743,528.743,528.743,528.743,1.0
2024-06-27,529.503,529.503,529.503,529.503,1.0
2024-06-28,530.001,530.001,530.001,530.001,1.0
2024-07-01,531.748,531.748,531.748,531.748,1.0
2024-07-02,531.409,531.409,531.409,531.409,1.0
2024-07-03,534.765,534.765,534.765,534.765,1.0
2024-07-04,536.397,536.397,536.397,536.397,1.0
2024-07-05,538.299,538.299,538.299,538.299,1.0
2024-07-08,538.987,538.987,538.987,538.987,1.0
2024-07-09,540.3,540.3,540.3,540.3,1.0
2024-07-10,539.126,539.126,539.126,539.126,1.0
2024-07-11,540.924,540.924,540.924,540.924,1.0
2024-07-12,540.909,540.909,540.909,540.909,1.0
2024-07-15,542.785,542.785,542.785,542.785,1.0
2024-07-16,543.429,543.429,543.429,543.429,1.0
2024-07-18,542.609,542.609,542.609,542.609,1.0
2024-07-19,538.18,538.18,538.18,538.18,1.0
2024-07-22,540.173,540.173,540.173,540.173,1.0
2024-07-23,538.387,538.387,538.387,538.387,1.0
2024-07-24,540.059,540.059,540.059,540.059,1.0
2024-07-25,540.253,540.253,540.253,540.253,1.0
2024-07-26,545.102,545.102,545.102,545.102,1.0
2024-07-29,547.109,547.109,547.109,547.109,1.0
2024-07-30,548.614,548.614,548.614,548.614,1.0
2024-07-31,549.509,549.509,549.509,549.509,1.0
2024-08-01,549.619,549.619,549.619,549.619,1.0
2024-08-02,545.28,545.28,545.28,545.28,1.0
2024-08-05,537.764,537.764,537.764,537.764,1.0
2024-08-06,535.126,535.126,535.126,535.126,1.0
2024-08-07,541.157,541.157,541.157,541.157,1.0
2024-08-08,539.856,539.856,539.856,539.856,1.0
2024-08-09,542.381,542.381,542.381,542.381,1.0
2024-08-12,542.128,542.128,542.128,542.128,1.0
2024-08-13,538.969,538.969,538.969,538.969,1.0
2024-08-14,538.391,538.391,538.391,538.391,1.0
2024-08-16,542.524,542.524,542.524,542.524,1.0
2024-08-19,544.234,544.234,544.234,544.234,1.0
2024-08-20,545.537,545.537,545.537,545.537,1.0
2024-08-21,546.513,546.513,546.513,546.513,1.0
2024-08-22,546.653,546.653,546.653,546.653,1.0
2024-08-23,547.021,547.021,547.021,547.021,1.0
2024-08-26,548.572,548.572,548.572,548.572,1.0
2024-08-27,549.921,549.921,549.921,549.921,1.0
2024-08-28,549.79,549.79,549.79,549.79,1.0
2024-08-29,549.81,549.81,549.81,549.81,1.0
2024-08-30,551.388,551.388,551.388,551.388,1.0
2024-09-02,551.038,551.038,551.038,551.038,1.0
2024-09-03,551.969,551.969,551.969,551.969,1.0
2024-09-04,551.238,551.238,551.238,551.238,1.0
2024-09-05,550.887,550.887,550.887,550.887,1.0
2024-09-06,546.27,546.27,546.27,546.27,1.0
2024-09-09,545.388,545.388,545.388,545.388,1.0
2024-09-10,547.117,547.117,547.117,547.117,1.0
2024-09-11,544.949,544.949,544.949,544.949,1.0
2024-09-12,549.356,549.356,549.356,549.356,1.0
2024-09-13,549.361,549.361,549.361,549.361,1.0
2024-09-16,549.959,549.959,549.959,549.959,1.0
2024-09-17,549.476,549.476,549.476,549.476,1.0
2024-09-18,548.752,548.752,548.752,548.752,1.0
2024-09-19,546.991,546.991,546.991,546.991,1.0
2024-09-20,550.563,550.563,550.563,550.563,1.0
2024-09-23,553.358,553.358,553.358,553.358,1.0
2024-09-24,553.84,553.84,553.84,553.84,1.0
2024-09-25,554.578,554.578,554.578,554.578,1.0
2024-09-26,555.339,555.339,555.339,555.339,1.0
2024-09-27,556.25,556.25,556.25,556.25,1.0
2024-09-30,553.791,553.791,553.791,553.791,1.0
2024-10-01,553.752,553.752,553.752,553.752,1.0
2024-10-03,548.273,548.273,548.273,548.273,1.0
2024-10-04,546.021,546.021,546.021,546.021,1.0
2024-10-07,540.73,540.73,540.73,540.73,1.0
2024-10-08,545.445,545.445,545.445,545.445,1.0
2024-10-09,546.364,546.364,546.364,546.364,1.0
2024-10-10,546.881,546.881,546.881,546.881,1.0
2024-10-11,546.772,546.772,546.772,546.772,1.0
2024-10-14,549.144,549.144,549.144,549.144,1.0
2024-10-15,550.133,550.133,550.133,550.133,1.0
2024-10-16,549.683,549.683,549.683,549.683,1.0
2024-10-17,546.881,546.881,546.881,546.881,1.0
2024-10-18,548.191,548.191,548.191,548.191,1.0
2024-10-21,546.311,546.311,546.311,546.311,1.0
2024-10-22,540.098,540.098,540.098,540.098,1.0
2024-10-23,540.034,540.034,540.034,540.034,1.0
2024-10-24,540.377,540.377,540.377,540.377,1.0
2024-10-25,536.066,536.066,536.066,536.066,1.0
2024-10-28,537.572,537.572,537.572,537.572,1.0
2024-10-29,541.095,541.095,541.095,541.095,1.0
2024-10-30,540.206,540.206,540.206,540.206,1.0
2024-10-31,540.626,540.626,540.626,540.626,1.0
2024-11-04,538.114,538.114,538.114,538.114,1.0
2024-11-05,540.653,540.653,540.653,540.653,1.0
2024-11-06,544.227,544.227,544.227,544.227,1.0
2024-11-07,542.194,542.194,542.194,542.194,1.0
2024-11-08,539.505,539.505,539.505,539.505,1.0
2024-11-11,539.401,539.401,539.401,539.401,1.0
2024-11-12,535.463,535.463,535.463,535.463,1.0
2024-11-13,530.046,530.046,530.046,530.046,1.0
2024-11-14,530.165,530.165,530.165,530.165,1.0
2024-11-18,528.962,528.962,528.962,528.962,1.0
2024-11-19,530.524,530.524,530.524,530.524,1.0
2024-11-21,527.371,527.371,527.371,527.371,1.0
2024-11-22,532.98,532.98,532.98,532.98,1.0
2024-11-25,538.425,538.425,538.425,538.425,1.0
2024-11-26,538.037,538.037,538.037,538.037,1.0
2024-11-27,540.0,540.0,540.0,540.0,1.0
2024-11-28,538.275,538.275,538.275,538.275,1.0
2024-11-29,541.356,541.356,541.356,541.356,1.0
2024-12-02,542.469,542.469,542.469,542.469,1.0
2024-12-03,545.358,545.358,545.358,545.358,1.0
2024-12-04,546.851,546.851,546.851,546.851,1.0
2024-12-05,549.097,549.097,549.097,549.097,1.0
2024-12-06,549.573,549.573,549.573,549.573,1.0
2024-12-09,549.669,549.669,549.669,549.669,1.0
2024-12-10,549.813,549.813,549.813,549.813,1.0
2024-12-11,550.294,550.294,550.294,550.294,1.0
2024-12-12,548.32,548.32,548.32,548.32,1.0
2024-12-13,549.901,549.901,549.901,549.901,1.0
2024-12-16,549.797,549.797,549.797,549.797,1.0
2024-12-17,546.246,546.246,546.246,546.246,1.0
2024-12-18,543.908,543.908,543.908,543.908,1.0
2024-12-19,541.405,541.405,541.405,541.405,1.0
2024-12-20,536.284,536.284,536.284,536.284,1.0
2024-12-23,537.734,537.734,537.734,537.734,1.0
2024-12-24,537.935,537.935,537.935,537.935,1.0
2024-12-26,538.225,538.225,538.225,538.225,1.0
2024-12-27,538.303,538.303,538.303,538.303,1.0
2024-12-30,536.365,536.365,536.365,536.365,1.0
2024-12-31,537.425,537.425,537.425,537.425,1.0
2025-01-01,539.181,539.181,539.181,539.181,1.0
2025-01-02,543.032,543.032,543.032,543.032,1.0
2025-01-03,541.659,541.659,541.659,541.659,1.0
2025-01-06,534.626,534.626,534.626,534.626,1.0
2025-01-07,536.746,536.746,536.746,536.746,1.0
2025-01-08,534.761,534.761,534.761,534.761,1.0
2025-01-09,531.381,531.381,531.381,531.381,1.0
2025-01-10,527.706,527.706,527.706,527.706,1.0
2025-01-13,520.914,520.914,520.914,520.914,1.0
2025-01-14,524.86,524.86,524.86,524.86,1.0
2025-01-15,525.498,525.498,525.498,525.498,1.0
2025-01-16,528.588,528.588,528.588,528.588,1.0
2025-01-17,528.409,528.409,528.409,528.409,1.0
2025-01-20,530.515,530.515,530.515,530.515,1.0
2025-01-21,525.69,525.69,525.69,525.69,1.0
2025-01-22,525.062,525.062,525.062,525.062,1.0
2025-01-23,525.595,525.595,525.595,525.595,1.0
2025-01-24,522.621,522.621,522.621,522.621,1.0
2025-01-27,517.987,517.987,517.987,517.987,1.0
2025-01-28,517.355,517.355,517.355,517.355,1.0
2025-01-29,521.152,521.152,521.152,521.152,1.0
2025-01-30,522.544,522.544,522.544,522.544,1.0
2025-01-31,526.938,526.938,526.938,526.938,1.0
2025-02-03,520.927,520.927,520.927,520.927,1.0
2025-02-04,526.922,526.922,526.922,526.922,1.0
2025-02-05,528.019,528.019,528.019,528.019,1.0
2025-02-06,526.868,526.868,526.868,526.868,1.0
2025-02-07,526.161,526.161,526.161,526.161,1.0
2025-02-10,522.515,522.515,522.515,522.515,1.0
2025-02-11,517.051,517.051,517.051,517.051,1.0
2025-02-12,516.676,516.676,516.676,516.676,1.0
2025-02-13,517.151,517.151,517.151,517.151,1.0
2025-02-14,513.26,513.26,513.26,513.26,1.0
2025-02-17,513.722,513.722,513.722,513.722,1.0
2025-02-18,513.367,513.367,513.367,513.367,1.0
2025-02-19,515.26,515.26,515.26,515.26,1.0
2025-02-20,516.507,516.507,516.507,516.507,1.0
2025-02-21,514.758,514.758,514.758,514.758,1.0
2025-02-24,511.481,511.481,511.481,511.481,1.0
2025-02-25,510.695,510.695,510.695,510.695,1.0
2025-02-27,509.541,509.541,509.541,509.541,1.0
2025-02-28,504.367,504.367,504.367,504.367,1.0
2025-03-03,504.003,504.003,504.003,504.003,1.0
2025-03-04,504.958,504.958,504.958,504.958,1.0
2025-03-05,510.167,510.167,510.167,510.167,1.0
2025-03-06,513.864,513.864,513.864,513.864,1.0
2025-03-07,513.712,513.712,513.712,513.712,1.0
2025-03-10,511.114,511.114,511.114,511.114,1.0
2025-03-11,510.914,510.914,510.914,510.914,1.0
2025-03-12,510.329,510.329,510.329,510.329,1.0
2025-03-13,509.448,509.448,509.448,509.448,1.0
2025-03-17,510.594,510.594,510.594,510.594,1.0
2025-03-18,515.62,515.62,515.62,515.62,1.0
2025-03-19,519.239,519.239,519.239,519.239,1.0
2025-03-20,522.586,522.586,522.586,522.586,1.0
2025-03-21,526.446,526.446,526.446,526.446,1.0
2025-03-24,531.722,531.722,531.722,531.722,1.0
2025-03-25,530.191,530.191,530.191,530.191,1.0
2025-03-26,527.274,527.274,527.274,527.274,1.0
2025-03-27,529.877,529.877,529.877,529.877,1.0
2025-03-28,528.953,528.953,528.953,528.953,1.0
2025-03-31,529.002,529.002,529.002,529.002,1.0
2025-04-01,525.476,525.476,525.476,525.476,1.0
2025-04-02,528.784,528.784,528.784,528.784,1.0
2025-04-03,529.151,529.151,529.151,529.151,1.0
2025-04-04,522.485,522.485,522.485,522.485,1.0
2025-04-07,512.4,512.4,512.4,512.4,1.0
2025-04-08,517.682,517.682,517.682,517.682,1.0
2025-04-09,515.028,515.028,515.028,515.028,1.0
2025-04-11,521.217,521.217,521.217,521.217,1.0
2025-04-15,528.912,528.912,528.912,528.912,1.0
2025-04-16,530.765,530.765,530.765,530.765,1.0
2025-04-17,535.494,535.494,535.494,535.494,1.0
2025-04-21,541.109,541.109,541.109,541.109,1.0
2025-04-22,541.535,541.535,541.535,541.535,1.0
2025-04-23,543.777,543.777,543.777,543.777,1.0
2025-04-24,543.197,543.197,543.197,543.197,1.0
2025-04-25,538.23,538.23,538.23,538.23,1.0
2025-04-28,542.81,542.81,542.81,542.81,1.0
2025-04-29,542.895,542.895,542.895,542.895,1.0
2025-04-30,541.935,541.935,541.935,541.935,1.0
2025-05-02,541.949,541.949,541.949,541.949,1.0
2025-05-05,544.341,544.341,544.341,544.341,1.0
2025-05-06,540.383,540.383,540.383,540.383,1.0
2025-05-07,541.493,541.493,541.493,541.493,1.0
2025-05-08,538.104,538.104,538.104,538.104,1.0
2025-05-09,535.915,535.915,535.915,535.915,1.0
2025-05-12,547.841,547.841,547.841,547.841,1.0
2025-05-13,545.92,545.92,545.92,545.92,1.0
2025-05-14,548.947,548.947,548.947,548.947,1.0
2025-05-15,553.531,553.531,553.531,553.531,1.0
2025-05-16,555.118,555.118,555.118,555.118,1.0
2025-05-19,554.801,554.801,554.801,554.801,1.0
2025-05-20,551.196,551.196,551.196,551.196,1.0
2025-05-21,553.821,553.821,553.821,553.821,1.0
2025-05-22,551.772,551.772,551.772,551.772,1.0
2025-05-23,554.427,554.427,554.427,554.427,1.0
2025-05-26,556.778,556.778,556.778,556.778,1.0
2025-05-27,555.36,555.36,555.36,555.36,1.0
2025-05-28,555.573,555.573,555.573,555.573,1.0
2025-05-29,556.912,556.912,556.912,556.912,1.0
2025-05-30,555.871,555.871,555.871,555.871,1.0
2025-06-02,556.082,556.082,556.082,556.082,1.0
2025-06-03,554.338,554.338,554.338,554.338,1.0
2025-06-04,555.646,555.646,555.646,555.646,1.0
2025-06-05,557.21,557.21,557.21,557.21,1.0
2025-06-06,560.175,560.175,560.175,560.175,1.0
2025-06-09,562.751,562.751,562.751,562.751,1.0
2025-06-10,562.448,562.448,562.448,562.448,1.0
2025-06-11,562.714,562.714,562.714,562.714,1.0
2025-06-12,557.889,557.889,557.889,557.889,1.0
2025-06-13,555.432,555.432,555.432,555.432,1.0
2025-06-16,558.219,558.219,558.219,558.219,1.0
2025-06-17,557.199,557.199,557.199,557.199,1.0
2025-06-18,556.605,556.605,556.605,556.605,1.0
2025-06-19,554.18,554.18,554.18,554.18,1.0
2025-06-20,558.931,558.931,558.931,558.931,1.0
2025-06-23,558.24,558.24,558.24,558.24,1.0
2025-06-24,559.297,559.297,559.297,559.297,1.0
2025-06-25,561.64,561.64,561.64,561.64,1.0
2025-06-26,565.157,565.157,565.157,565.157,1.0
2025-06-27,566.954,566.954,566.954,566.954,1.0
2025-06-30,566.651,566.651,566.651,566.651,1.0
2025-07-01,566.731,566.731,566.731,566.731,1.0
2025-07-02,565.577,565.577,565.577,565.577,1.0
2025-07-03,564.895,564.895,564.895,564.895,1.0
2025-07-04,566.011,566.011,566.011,566.011,1.0
2025-07-07,565.952,565.952,565.952,565.952,1.0
2025-07-08,566.648,566.648,566.648,566.648,1.0
2025-07-09,566.375,566.375,566.375,566.375,1.0
2025-07-10,564.947,564.947,564.947,564.947,1.0
2025-07-11,562.555,562.555,562.555,562.555,1.0
2025-07-14,562.426,562.426,562.426,562.426,1.0
2025-07-15,564.397,564.397,564.397,564.397,1.0
2025-07-16,564.948,564.948,564.948,564.948,1.0
2025-07-17,563.654,563.654,563.654,563.654,1.0
2025-07-18,561.801,561.801,561.801,561.801,1.0
2025-07-21,562.918,562.918,562.918,562.918,1.0
2025-07-22,561.827,561.827,561.827,561.827,1.0
2025-07-23,563.684,563.684,563.684,563.684,1.0
2025-07-24,562.111,562.111,562.111,562.111,1.0
2025-07-25,558.2,558.2,558.2,558.2,1.0
2025-07-28,555.14,555.14,555.14,555.14,1.0
2025-07-29,557.78,557.78,557.78,557.78,1.0
2025-07-30,558.774,558.774,558.774,558.774,1.0
2025-07-31,556.665,556.665,556.665,556.665,1.0
2025-08-01,552.842,552.842,552.842,552.842,1.0
2025-08-04,555.805,555.805,555.805,555.805,1.0
2025-08-05,555.582,555.582,555.582,555.582,1.0
2025-08-06,553.361,553.361,553.361,553.361,1.0
2025-08-07,553.718,553.718,553.718,553.718,1.0
2025-08-08,550.689,550.689,550.689,550.689,1.0
2025-08-11,553.361,553.361,553.361,553.361,1.0
2025-08-12,552.823,552.823,552.823,552.823,1.0
2025-08-13,554.585,554.585,554.585,554.585,1.0
2025-08-14,554.783,554.783,554.783,554.783,1.0
2025-08-18,556.948,556.948,556.948,556.948,1.0
2025-08-19,558.403,558.403,558.403,558.403,1.0
2025-08-20,559.409,559.409,559.409,559.409,1.0
2025-08-21,559.498,559.498,559.498,559.498,1.0
2025-08-22,557.284,557.284,557.284,557.284,1.0
2025-08-25,558.485,558.485,558.485,558.485,1.0
2025-08-26,554.111,554.111,554.111,554.111,1.0
2025-08-28,550.912,550.912,550.912,550.912,1.0
2025-08-29,549.667,549.667,549.667,549.667,1.0
2025-09-01,552.44,552.44,552.44,552.44,1.0
2025-09-02,552.806,552.806,552.806,552.806,1.0
2025-09-03,555.222,555.222,555.222,555.222,1.0
2025-09-04,554.298,554.298,554.298,554.298,1.0
2025-09-05,554.511,554.511,554.511,554.511,1.0
2025-09-08,554.952,554.952,554.952,554.952,1.0
2025-09-09,555.991,555.991,555.991,555.991,1.0
2025-09-10,558.154,558.154,558.154,558.154,1.0
2025-09-11,559.175,559.175,559.175,559.175,1.0
2025-09-12,561.07,561.07,561.07,561.07,1.0
2025-09-15,561.699,561.699,561.699,561.699,1.0
2025-09-16,564.19,564.19,564.19,564.19,1.0
2025-09-17,565.86,565.86,565.86,565.86,1.0
2025-09-18,566.861,566.861,566.861,566.861,1.0
2025-09-19,567.255,567.255,567.255,567.255,1.0
2025-09-22,565.051,565.051,565.051,565.051,1.0
2025-09-23,565.17,565.17,565.17,565.17,1.0
2025-09-24,563.488,563.488,563.488,563.488,1.0
2025-09-25,561.653,561.653,561.653,561.653,1.0
2025-09-26,557.472,557.472,557.472,557.472,1.0
2025-09-30,557.899,557.899,557.899,557.899,1.0
2025-10-01,560.737,560.737,560.737,560.737,1.0
2025-10-03,562.698,562.698,562.698,562.698,1.0
2025-10-06,564.38,564.38,564.38,564.38,1.0
2025-10-07,564.793,564.793,564.793,564.793,1.0
2025-10-08,563.77,563.77,563.77,563.77,1.0
2025-10-09,565.69,565.69,565.69,565.69,1.0
2025-10-10,567.357,567.357,567.357,567.357,1.0
2025-10-13,566.774,566.774,566.774,566.774,1.0
2025-10-14,565.12,565.12,565.12,565.12,1.0
2025-10-15,567.931,567.931,567.931,567.931,1.0
2025-10-16,570.475,570.475,570.475,570.475,1.0
2025-10-17,571.074,571.074,571.074,571.074,1.0
2025-10-20,573.441,573.441,573.441,573.441,1.0
2025-10-23,574.047,574.047,574.047,574.047,1.0
2025-10-24,572.876,572.876,572.876,572.876,1.0
2025-10-27,575.834,575.834,575.834,575.834,1.0
2025-10-28,575.379,575.379,575.379,575.379,1.0
2025-10-29,578.304,578.304,578.304,578.304,1.0
2025-10-30,576.48,576.48,576.48,576.48,1.0
2025-10-31,575.042,575.042,575.042,575.042,1.0
2025-11-03,576.421,576.421,576.421,576.421,1.0
2025-11-04,574.327,574.327,574.327,574.327,1.0
2025-11-06,572.118,572.118,572.118,572.118,1.0
2025-11-07,572.045,572.045,572.045,572.045,1.0
2025-11-10,573.59,573.59,573.59,573.59,1.0
2025-11-11,575.546,575.546,575.546,575.546,1.0
2025-11-12,578.096,578.096,578.096,578.096,1.0
2025-11-13,578.058,578.058,578.058,578.058,1.0
2025-11-14,578.521,578.521,578.521,578.521,1.0
2025-11-17,580.245,580.245,580.245,580.245,1.0
2025-11-18,579.078,579.078,579.078,579.078,1.0
2025-11-19,580.446,580.446,580.446,580.446,1.0
2025-11-20,581.065,581.065,581.065,581.065,1.0
2025-11-21,578.621,578.621,578.621,578.621,1.0
2025-11-24,576.374,576.374,576.374,576.374,1.0
2025-11-25,576.086,576.086,576.086,576.086,1.0
2025-11-26,580.655,580.655,580.655,580.655,1.0
2025-11-27,580.461,580.461,580.461,580.461,1.0
2025-11-28,580.133,580.133,580.133,580.133,1.0
2025-12-01,579.501,579.501,579.501,579.501,1.0
2025-12-02,577.85,577.85,577.85,577.85,1.0
2025-12-03,576.614,576.614,576.614,576.614,1.0
2025-12-04,577.017,577.017,577.017,577.017,1.0
2025-12-05,578.243,578.243,578.243,578.243,1.0
2025-12-08,573.539,573.539,573.539,573.539,1.0
2025-12-09,573.591,573.591,573.591,573.591,1.0
2025-12-10,572.116,572.116,572.116,572.116,1.0
2025-12-11,573.959,573.959,573.959,573.959,1.0
2025-12-12,576.663,576.663,576.663,576.663,1.0
2025-12-15,576.639,576.639,576.639,576.639,1.0
2025-12-16,574.073,574.073,574.073,574.073,1.0
2025-12-17,573.36,573.36,573.36,573.36,1.0
2025-12-18,573.168,573.168,573.168,573.168,1.0
2025-12-19,575.954,575.954,575.954,575.954,1.0
2025-12-22,578.738,578.738,578.738,578.738,1.0
2025-12-23,579.495,579.495,579.495,579.495,1.0
2025-12-24,579.127,579.127,579.127,579.127,1.0
2025-12-26,578.19,578.19,578.19,578.19,1.0
2025-12-29,576.884,576.884,576.884,576.884,1.0
2025-12-30,576.062,576.062,576.062,576.062,1.0
2025-12-31,579.717,579.717,579.717,579.717,1.0
2026-01-01,580.319,580.319,580.319,580.319,1.0
2026-01-02,584.219,584.219,584.219,584.219,1.0
2026-01-05,582.914,582.914,582.914,582.914,1.0
2026-01-06,582.542,582.542,582.542,582.542,1.0
2026-01-07,582.852,582.852,582.852,582.852,1.0
2026-01-08,577.681,577.681,577.681,577.681,1.0
2026-01-09,574.426,574.426,574.426,574.426,1.0
2026-01-12,575.886,575.886,575.886,575.886,1.0
2026-01-13,574.464,574.464,574.464,574.464,1.0
2026-01-14,574.645,574.645,574.645,574.645,1.0
2026-01-16,575.266,575.266,575.266,575.266,1.0
2026-01-19,573.065,573.065,573.065,573.065,1.0
2026-01-20,566.781,566.781,566.781,566.781,1.0
2026-01-21,564.818,564.818,564.818,564.818,1.0
2026-01-22,568.357,568.357,568.357,568.357,1.0
2026-01-23,563.343,563.343,563.343,563.343,1.0
2026-01-27,565.336,565.336,565.336,565.336,1.0
2026-01-28,569.495,569.495,569.495,569.495,1.0
2026-01-29,570.94,570.94,570.94,570.94,1.0
2026-01-30,570.364,570.364,570.364,570.364,1.0
2026-02-02,565.857,565.857,565.857,565.857,1.0
2026-02-03,575.854,575.854,575.854,575.854,1.0
2026-02-04,577.293,577.293,577.293,577.293,1.0
2026-02-05,575.436,575.436,575.436,575.436,1.0
2026-02-06,575.407,575.407,575.407,575.407,1.0
2026-02-09,579.425,579.425,579.425,579.425,1.0
2026-02-10,580.632,580.632,580.632,580.632,1.0
2026-02-11,581.336,581.336,581.336,581.336,1.0
2026-02-12,578.609,578.609,578.609,578.609,1.0
2026-02-13,573.801,573.801,573.801,573.801,1.0
2026-02-16,577.069,577.069,577.069,577.069,1.0
2026-02-17,578.847,578.847,578.847,578.847,1.0
2026-02-18,580.62,580.62,580.62,580.62,1.0
2026-02-19,574.493,574.493,574.493,574.493,1.0
2026-02-20,576.21,576.21,576.21,576.21,1.0
2026-02-23,578.212,578.212,578.212,578.212,1.0
2026-02-24,574.823,574.823,574.823,574.823,1.0
2026-02-25,576.407,576.407,576.407,576.407,1.0
2026-02-26,577.234,577.234,577.234,577.234,1.0
2026-02-27,572.916,572.916,572.916,572.916,1.0
2026-03-02,566.857,566.857,566.857,566.857,1.0
2026-03-04,559.596,559.596,559.596,559.596,1.0
2026-03-05,564.639,564.639,564.639,564.639,1.0
2026-03-06,560.345,560.345,560.345,560.345,1.0
2026-03-09,552.007,552.007,552.007,552.007,1.0
2026-03-10,556.776,556.776,556.776,556.776,1.0
2026-03-11,551.882,551.882,551.882,551.882,1.0
2026-03-12,549.818,549.818,549.818,549.818,1.0
2026-03-13,540.975,540.975,540.975,540.975,1.0
2026-03-16,542.716,542.716,542.716,542.716,1.0
2026-03-17,545.668,545.668,545.668,545.668,1.0
2026-03-18,549.631,549.631,549.631,549.631,1.0
2026-03-19,537.908,537.908,537.908,537.908,1.0
2026-03-20,540.477,540.477,540.477,540.477,1.0
2026-03-23,529.208,529.208,529.208,529.208,1.0
2026-03-24,535.183,535.183,535.183,535.183,1.0
2026-03-25,541.367,541.367,541.367,541.367,1.0
2026-03-27,533.511,533.511,533.511,533.511,1.0
2026-03-30,524.732,524.732,524.732,524.732,1.0
2026-03-31,524.754,524.754,524.754,524.754,1.0
2026-04-01,531.01,531.01,531.01,531.01,1.0
2026-04-02,531.019,531.019,531.019,531.019,1.0
2026-04-06,535.361,535.361,535.361,535.361,1.0
2026-04-07,538.07,538.07,538.07,538.07,1.0
2026-04-08,553.091,553.091,553.091,553.091,1.0
2026-04-09,550.349,550.349,550.349,550.349,1.0
2026-04-10,554.984,554.984,554.984,554.984,1.0
2026-04-13,552.319,552.319,552.319,552.319,1.0
2026-04-15,559.718,559.718,559.718,559.718,1.0
2026-04-16,560.939,560.939,560.939,560.939,1.0
2026-04-17,563.697,563.697,563.697,563.697,1.0
2026-04-20,564.34,564.34,564.34,564.34,1.0
2026-04-21,567.341,567.341,567.341,567.341,1.0
2026-04-22,565.246,565.246,565.246,565.246,1.0
2026-04-23,562.249,562.249,562.249,562.249,1.0
2026-04-24,557.754,557.754,557.754,557.754,1.0
2026-04-27,562.371,562.371,562.371,562.371,1.0
2026-04-28,560.361,560.361,560.361,560.361,1.0
2026-04-29,562.178,562.178,562.178,562.178,1.0
2026-04-30,558.922,558.922,558.922,558.922,1.0
2026-05-04,560.938,560.938,560.938,560.938,1.0
2026-05-05,559.579,559.579,559.579,559.579,1.0
2026-05-06,565.409,565.409,565.409,565.409,1.0
2026-05-07,566.255,566.255,566.255,566.255,1.0
2026-05-08,562.968,562.968,562.968,562.968,1.0
2026-05-11,556.26,556.26,556.26,556.26,1.0
2026-05-12,548.667,548.667,548.667,548.667,1.0
2026-05-13,549.526,549.526,549.526,549.526,1.0
2026-05-14,552.304,552.304,552.304,552.304,1.0
2026-05-15,550.564,550.564,550.564,550.564,1.0
2026-05-18,548.419,548.419,548.419,548.419,1.0
2026-05-19,549.304,549.304,549.304,549.304,1.0
2026-05-20,550.005,550.005,550.005,550.005,1.0
2026-05-21,550.735,550.735,550.735,550.735,1.0
2026-05-22,551.957,551.957,551.957,551.957,1.0
2026-05-25,557.558,557.558,557.558,557.558,1.0
2026-05-26,555.773,555.773,555.773,555.773,1.0
2026-05-27,556.38,556.38,556.38,556.38,1.0
2026-05-29,551.346,551.346,551.346,551.346,1.0
2026-06-01,548.482,548.482,548.482,548.482,1.0
2026-06-02,549.71,549.71,549.71,549.71,1.0
2026-06-03,549.062,549.062,549.062,549.062,1.0
2026-06-04,550.204,550.204,550.204,550.204,1.0
2026-06-05,550.223,550.223,550.223,550.223,1.0
2026-06-08,546.098,546.098,546.098,546.098,1.0
2026-06-09,549.755,549.755,549.755,549.755,1.0
2026-06-10,548.19,548.19,548.19,548.19,1.0
2026-06-11,546.882,546.882,546.882,546.882,1.0
2026-06-12,555.438,555.438,555.438,555.438,1.0
2026-06-15,560.052,560.052,560.052,560.052,1.0
2026-06-16,562.218,562.218,562.218,562.218,1.0
2026-06-17,564.461,564.461,564.461,564.461,1.0
2026-06-18,565.825,565.825,565.825,565.825,1.0
2026-06-19,564.707,564.707,564.707,564.707,1.0
2026-06-22,566.795,566.795,566.795,566.795,1.0
2026-06-23,563.161,563.161,563.161,563.161,1.0
2026-06-24,566.014,566.014,566.014,566.014,1.0
2026-06-25,565.896,565.896,565.896,565.896,1.0
2026-06-29,564.321,564.321,564.321,564.321,1.0
2026-06-30,564.487,564.487,564.487,564.487,1.0
2026-07-01,566.494,566.494,566.494,566.494,1.0
2026-07-02,569.65,569.65,569.65,569.65,1.0
2026-07-03,570.771,570.771,570.771,570.771,1.0
