Date,Open,High,Low,Close,Volume
2013-01-01,12.4504,12.4504,12.4504,12.4504,1.0
2013-01-02,12.4584,12.4584,12.4584,12.4584,1.0
2013-01-03,12.4678,12.4678,12.4678,12.4678,1.0
2013-01-04,12.4786,12.4786,12.4786,12.4786,1.0
2013-01-07,12.4843,12.4843,12.4843,12.4843,1.0
2013-01-08,12.4908,12.4908,12.4908,12.4908,1.0
2013-01-09,12.4972,12.4972,12.4972,12.4972,1.0
2013-01-10,12.506,12.506,12.506,12.506,1.0
2013-01-11,12.5175,12.5175,12.5175,12.5175,1.0
2013-01-14,12.5449,12.5449,12.5449,12.5449,1.0
2013-01-15,12.5426,12.5426,12.5426,12.5426,1.0
2013-01-16,12.5255,12.5255,12.5255,12.5255,1.0
2013-01-17,12.5265,12.5265,12.5265,12.5265,1.0
2013-01-18,12.5289,12.5289,12.5289,12.5289,1.0
2013-01-21,12.5385,12.5385,12.5385,12.5385,1.0
2013-01-22,12.5417,12.5417,12.5417,12.5417,1.0
2013-01-23,12.5442,12.5442,12.5442,12.5442,1.0
2013-01-24,12.5472,12.5472,12.5472,12.5472,1.0
2013-01-28,12.5594,12.5594,12.5594,12.5594,1.0
2013-01-29,12.5706,12.5706,12.5706,12.5706,1.0
2013-01-30,12.5711,12.5711,12.5711,12.5711,1.0
2013-01-31,12.5596,12.5596,12.5596,12.5596,1.0
2013-02-01,12.5534,12.5534,12.5534,12.5534,1.0
2013-02-04,12.5383,12.5383,12.5383,12.5383,1.0
2013-02-05,12.5426,12.5426,12.5426,12.5426,1.0
2013-02-06,12.5445,12.5445,12.5445,12.5445,1.0
2013-02-07,12.5627,12.5627,12.5627,12.5627,1.0
2013-02-08,12.5691,12.5691,12.5691,12.5691,1.0
2013-02-11,12.5743,12.5743,12.5743,12.5743,1.0
2013-02-12,12.5718,12.5718,12.5718,12.5718,1.0
2013-02-13,12.568,12.568,12.568,12.568,1.0
2013-02-14,12.5684,12.5684,12.5684,12.5684,1.0
2013-02-15,12.5714,12.5714,12.5714,12.5714,1.0
2013-02-18,12.5743,12.5743,12.5743,12.5743,1.0
2013-02-20,12.5812,12.5812,12.5812,12.5812,1.0
2013-02-21,12.5789,12.5789,12.5789,12.5789,1.0
2013-02-22,12.5769,12.5769,12.5769,12.5769,1.0
2013-02-25,12.5852,12.5852,12.5852,12.5852,1.0
2013-02-26,12.5883,12.5883,12.5883,12.5883,1.0
2013-02-27,12.5887,12.5887,12.5887,12.5887,1.0
2013-02-28,12.5821,12.5821,12.5821,12.5821,1.0
2013-03-01,12.585,12.585,12.585,12.585,1.0
2013-03-04,12.5928,12.5928,12.5928,12.5928,1.0
2013-03-05,12.5961,12.5961,12.5961,12.5961,1.0
2013-03-06,12.6083,12.6083,12.6083,12.6083,1.0
2013-03-07,12.6195,12.6195,12.6195,12.6195,1.0
2013-03-08,12.6266,12.6266,12.6266,12.6266,1.0
2013-03-11,12.6318,12.6318,12.6318,12.6318,1.0
2013-03-12,12.6299,12.6299,12.6299,12.6299,1.0
2013-03-13,12.648,12.648,12.648,12.648,1.0
2013-03-14,12.6668,12.6668,12.6668,12.6668,1.0
2013-03-15,12.6764,12.6764,12.6764,12.6764,1.0
2013-03-18,12.6757,12.6757,12.6757,12.6757,1.0
2013-03-19,12.6726,12.6726,12.6726,12.6726,1.0
2013-03-20,12.6756,12.6756,12.6756,12.6756,1.0
2013-03-21,12.6807,12.6807,12.6807,12.6807,1.0
2013-03-22,12.6817,12.6817,12.6817,12.6817,1.0
2013-03-25,12.6967,12.6967,12.6967,12.6967,1.0
2013-03-26,12.7009,12.7009,12.7009,12.7009,1.0
2013-03-28,12.7075,12.7075,12.7075,12.7075,1.0
2013-04-02,12.737,12.737,12.737,12.737,1.0
2013-04-03,12.7548,12.7548,12.7548,12.7548,1.0
2013-04-04,12.7626,12.7626,12.7626,12.7626,1.0
2013-04-05,12.7706,12.7706,12.7706,12.7706,1.0
2013-04-08,12.7782,12.7782,12.7782,12.7782,1.0
2013-04-09,12.7845,12.7845,12.7845,12.7845,1.0
2013-04-10,12.7881,12.7881,12.7881,12.7881,1.0
2013-04-12,12.7963,12.7963,12.7963,12.7963,1.0
2013-04-15,12.8109,12.8109,12.8109,12.8109,1.0
2013-04-16,12.8246,12.8246,12.8246,12.8246,1.0
2013-04-17,12.8382,12.8382,12.8382,12.8382,1.0
2013-04-18,12.8525,12.8525,12.8525,12.8525,1.0
2013-04-22,12.8667,12.8667,12.8667,12.8667,1.0
2013-04-23,12.8738,12.8738,12.8738,12.8738,1.0
2013-04-25,12.8853,12.8853,12.8853,12.8853,1.0
2013-04-26,12.8899,12.8899,12.8899,12.8899,1.0
2013-04-29,12.8975,12.8975,12.8975,12.8975,1.0
2013-04-30,12.9211,12.9211,12.9211,12.9211,1.0
2013-05-02,12.9407,12.9407,12.9407,12.9407,1.0
2013-05-03,12.9611,12.9611,12.9611,12.9611,1.0
2013-05-06,12.9636,12.9636,12.9636,12.9636,1.0
2013-05-07,12.977,12.977,12.977,12.977,1.0
2013-05-08,12.9858,12.9858,12.9858,12.9858,1.0
2013-05-09,13.0022,13.0022,13.0022,13.0022,1.0
2013-05-10,13.013,13.013,13.013,13.013,1.0
2013-05-13,13.0211,13.0211,13.0211,13.0211,1.0
2013-05-14,13.0551,13.0551,13.0551,13.0551,1.0
2013-05-15,13.076,13.076,13.076,13.076,1.0
2013-05-16,13.0866,13.0866,13.0866,13.0866,1.0
2013-05-17,13.0839,13.0839,13.0839,13.0839,1.0
2013-05-20,13.0961,13.0961,13.0961,13.0961,1.0
2013-05-21,13.0998,13.0998,13.0998,13.0998,1.0
2013-05-22,13.0986,13.0986,13.0986,13.0986,1.0
2013-05-23,13.0878,13.0878,13.0878,13.0878,1.0
2013-05-24,13.0908,13.0908,13.0908,13.0908,1.0
2013-05-27,13.0932,13.0932,13.0932,13.0932,1.0
2013-05-28,13.0857,13.0857,13.0857,13.0857,1.0
2013-05-29,13.0649,13.0649,13.0649,13.0649,1.0
2013-05-30,13.0647,13.0647,13.0647,13.0647,1.0
2013-05-31,13.0573,13.0573,13.0573,13.0573,1.0
2013-06-03,13.0731,13.0731,13.0731,13.0731,1.0
2013-06-04,13.0865,13.0865,13.0865,13.0865,1.0
2013-06-05,13.096,13.096,13.096,13.096,1.0
2013-06-06,13.0971,13.0971,13.0971,13.0971,1.0
2013-06-07,13.0947,13.0947,13.0947,13.0947,1.0
2013-06-10,13.083,13.083,13.083,13.083,1.0
2013-06-11,13.0648,13.0648,13.0648,13.0648,1.0
2013-06-12,13.0639,13.0639,13.0639,13.0639,1.0
2013-06-13,13.0598,13.0598,13.0598,13.0598,1.0
2013-06-14,13.0698,13.0698,13.0698,13.0698,1.0
2013-06-17,13.0999,13.0999,13.0999,13.0999,1.0
2013-06-18,13.1045,13.1045,13.1045,13.1045,1.0
2013-06-19,13.1087,13.1087,13.1087,13.1087,1.0
2013-06-20,13.071,13.071,13.071,13.071,1.0
2013-06-21,13.0589,13.0589,13.0589,13.0589,1.0
2013-06-24,13.0287,13.0287,13.0287,13.0287,1.0
2013-06-25,13.0307,13.0307,13.0307,13.0307,1.0
2013-06-26,13.0132,13.0132,13.0132,13.0132,1.0
2013-06-27,12.9998,12.9998,12.9998,12.9998,1.0
2013-06-28,13.052,13.052,13.052,13.052,1.0
2013-07-02,13.0701,13.0701,13.0701,13.0701,1.0
2013-07-03,13.0542,13.0542,13.0542,13.0542,1.0
2013-07-04,13.0626,13.0626,13.0626,13.0626,1.0
2013-07-05,13.061,13.061,13.061,13.061,1.0
2013-07-08,13.0478,13.0478,13.0478,13.0478,1.0
2013-07-09,13.0494,13.0494,13.0494,13.0494,1.0
2013-07-10,13.0494,13.0494,13.0494,13.0494,1.0
2013-07-11,13.0607,13.0607,13.0607,13.0607,1.0
2013-07-12,13.0563,13.0563,13.0563,13.0563,1.0
2013-07-15,13.0516,13.0516,13.0516,13.0516,1.0
2013-07-16,12.799,12.799,12.799,12.799,1.0
2013-07-17,12.7934,12.7934,12.7934,12.7934,1.0
2013-07-18,12.8389,12.8389,12.8389,12.8389,1.0
2013-07-19,12.8671,12.8671,12.8671,12.8671,1.0
2013-07-22,12.8498,12.8498,12.8498,12.8498,1.0
2013-07-23,12.7845,12.7845,12.7845,12.7845,1.0
2013-07-24,12.718,12.718,12.718,12.718,1.0
2013-07-25,12.7534,12.7534,12.7534,12.7534,1.0
2013-07-26,12.7727,12.7727,12.7727,12.7727,1.0
2013-07-29,12.7902,12.7902,12.7902,12.7902,1.0
2013-07-30,12.7837,12.7837,12.7837,12.7837,1.0
2013-07-31,12.7474,12.7474,12.7474,12.7474,1.0
2013-08-01,12.7809,12.7809,12.7809,12.7809,1.0
2013-08-02,12.7763,12.7763,12.7763,12.7763,1.0
2013-08-05,12.8009,12.8009,12.8009,12.8009,1.0
2013-08-06,12.7973,12.7973,12.7973,12.7973,1.0
2013-08-07,12.8288,12.8288,12.8288,12.8288,1.0
2013-08-08,12.8412,12.8412,12.8412,12.8412,1.0
2013-08-12,12.8289,12.8289,12.8289,12.8289,1.0
2013-08-13,12.7942,12.7942,12.7942,12.7942,1.0
2013-08-14,12.7597,12.7597,12.7597,12.7597,1.0
2013-08-16,12.7315,12.7315,12.7315,12.7315,1.0
2013-08-19,12.5839,12.5839,12.5839,12.5839,1.0
2013-08-20,12.6353,12.6353,12.6353,12.6353,1.0
2013-08-21,12.745,12.745,12.745,12.745,1.0
2013-08-22,12.7332,12.7332,12.7332,12.7332,1.0
2013-08-23,12.7723,12.7723,12.7723,12.7723,1.0
2013-08-26,12.7829,12.7829,12.7829,12.7829,1.0
2013-08-27,12.7288,12.7288,12.7288,12.7288,1.0
2013-08-28,12.6768,12.6768,12.6768,12.6768,1.0
2013-08-29,12.6986,12.6986,12.6986,12.6986,1.0
2013-08-30,12.736,12.736,12.736,12.736,1.0
2013-09-02,12.7793,12.7793,12.7793,12.7793,1.0
2013-09-03,12.7837,12.7837,12.7837,12.7837,1.0
2013-09-04,12.8238,12.8238,12.8238,12.8238,1.0
2013-09-05,12.8767,12.8767,12.8767,12.8767,1.0
2013-09-06,12.8752,12.8752,12.8752,12.8752,1.0
2013-09-10,12.9011,12.9011,12.9011,12.9011,1.0
2013-09-11,12.9146,12.9146,12.9146,12.9146,1.0
2013-09-12,12.9173,12.9173,12.9173,12.9173,1.0
2013-09-13,12.912,12.912,12.912,12.912,1.0
2013-09-16,12.9389,12.9389,12.9389,12.9389,1.0
2013-09-17,12.9517,12.9517,12.9517,12.9517,1.0
2013-09-18,12.9788,12.9788,12.9788,12.9788,1.0
2013-09-19,13.0377,13.0377,13.0377,13.0377,1.0
2013-09-20,13.0122,13.0122,13.0122,13.0122,1.0
2013-09-23,12.9758,12.9758,12.9758,12.9758,1.0
2013-09-24,12.9637,12.9637,12.9637,12.9637,1.0
2013-09-25,12.9793,12.9793,12.9793,12.9793,1.0
2013-09-26,12.9996,12.9996,12.9996,12.9996,1.0
2013-09-27,13.0135,13.0135,13.0135,13.0135,1.0
2013-09-30,13.0255,13.0255,13.0255,13.0255,1.0
2013-10-01,13.0308,13.0308,13.0308,13.0308,1.0
2013-10-03,13.0633,13.0633,13.0633,13.0633,1.0
2013-10-04,13.0884,13.0884,13.0884,13.0884,1.0
2013-10-07,13.1081,13.1081,13.1081,13.1081,1.0
2013-10-08,13.1703,13.1703,13.1703,13.1703,1.0
2013-10-09,13.1617,13.1617,13.1617,13.1617,1.0
2013-10-10,13.1661,13.1661,13.1661,13.1661,1.0
2013-10-11,13.1703,13.1703,13.1703,13.1703,1.0
2013-10-14,13.1651,13.1651,13.1651,13.1651,1.0
2013-10-15,13.1287,13.1287,13.1287,13.1287,1.0
2013-10-17,13.1511,13.1511,13.1511,13.1511,1.0
2013-10-18,13.1808,13.1808,13.1808,13.1808,1.0
2013-10-21,13.19,13.19,13.19,13.19,1.0
2013-10-22,13.1937,13.1937,13.1937,13.1937,1.0
2013-10-23,13.1962,13.1962,13.1962,13.1962,1.0
2013-10-24,13.1981,13.1981,13.1981,13.1981,1.0
2013-10-25,13.1977,13.1977,13.1977,13.1977,1.0
2013-10-28,13.198,13.198,13.198,13.198,1.0
2013-10-29,13.2161,13.2161,13.2161,13.2161,1.0
2013-10-30,13.2188,13.2188,13.2188,13.2188,1.0
2013-10-31,13.2189,13.2189,13.2189,13.2189,1.0
2013-11-01,13.2177,13.2177,13.2177,13.2177,1.0
2013-11-05,13.2302,13.2302,13.2302,13.2302,1.0
2013-11-06,13.2192,13.2192,13.2192,13.2192,1.0
2013-11-07,13.2021,13.2021,13.2021,13.2021,1.0
2013-11-08,13.1928,13.1928,13.1928,13.1928,1.0
2013-11-11,13.1668,13.1668,13.1668,13.1668,1.0
2013-11-12,13.1596,13.1596,13.1596,13.1596,1.0
2013-11-13,13.1503,13.1503,13.1503,13.1503,1.0
2013-11-14,13.143,13.143,13.143,13.143,1.0
2013-11-18,13.1686,13.1686,13.1686,13.1686,1.0
2013-11-19,13.191,13.191,13.191,13.191,1.0
2013-11-20,13.1934,13.1934,13.1934,13.1934,1.0
2013-11-21,13.1956,13.1956,13.1956,13.1956,1.0
2013-11-22,13.2,13.2,13.2,13.2,1.0
2013-11-25,13.2251,13.2251,13.2251,13.2251,1.0
2013-11-26,13.2475,13.2475,13.2475,13.2475,1.0
2013-11-27,13.2617,13.2617,13.2617,13.2617,1.0
2013-11-28,13.2753,13.2753,13.2753,13.2753,1.0
2013-11-29,13.2763,13.2763,13.2763,13.2763,1.0
2013-12-02,13.2912,13.2912,13.2912,13.2912,1.0
2013-12-03,13.2968,13.2968,13.2968,13.2968,1.0
2013-12-04,13.3016,13.3016,13.3016,13.3016,1.0
2013-12-05,13.3193,13.3193,13.3193,13.3193,1.0
2013-12-06,13.3204,13.3204,13.3204,13.3204,1.0
2013-12-09,13.3149,13.3149,13.3149,13.3149,1.0
2013-12-10,13.3157,13.3157,13.3157,13.3157,1.0
2013-12-11,13.3258,13.3258,13.3258,13.3258,1.0
2013-12-12,13.3362,13.3362,13.3362,13.3362,1.0
2013-12-13,13.3149,13.3149,13.3149,13.3149,1.0
2013-12-16,13.3276,13.3276,13.3276,13.3276,1.0
2013-12-17,13.3303,13.3303,13.3303,13.3303,1.0
2013-12-18,13.3509,13.3509,13.3509,13.3509,1.0
2013-12-19,13.3559,13.3559,13.3559,13.3559,1.0
2013-12-20,13.356,13.356,13.356,13.356,1.0
2013-12-23,13.367,13.367,13.367,13.367,1.0
2013-12-24,13.3599,13.3599,13.3599,13.3599,1.0
2013-12-26,13.3665,13.3665,13.3665,13.3665,1.0
2013-12-27,13.3653,13.3653,13.3653,13.3653,1.0
2013-12-30,13.371,13.371,13.371,13.371,1.0
2013-12-31,13.3801,13.3801,13.3801,13.3801,1.0
2014-01-01,13.3857,13.3857,13.3857,13.3857,1.0
2014-01-02,13.3985,13.3985,13.3985,13.3985,1.0
2014-01-03,13.3994,13.3994,13.3994,13.3994,1.0
2014-01-06,13.4099,13.4099,13.4099,13.4099,1.0
2014-01-07,13.4178,13.4178,13.4178,13.4178,1.0
2014-01-08,13.4194,13.4194,13.4194,13.4194,1.0
2014-01-09,13.4163,13.4163,13.4163,13.4163,1.0
2014-01-10,13.4213,13.4213,13.4213,13.4213,1.0
2014-01-13,13.4398,13.4398,13.4398,13.4398,1.0
2014-01-15,13.4597,13.4597,13.4597,13.4597,1.0
2014-01-16,13.465,13.465,13.465,13.465,1.0
2014-01-17,13.4725,13.4725,13.4725,13.4725,1.0
2014-01-20,13.4861,13.4861,13.4861,13.4861,1.0
2014-01-21,13.4994,13.4994,13.4994,13.4994,1.0
2014-01-22,13.4868,13.4868,13.4868,13.4868,1.0
2014-01-23,13.4901,13.4901,13.4901,13.4901,1.0
2014-01-24,13.4846,13.4846,13.4846,13.4846,1.0
2014-01-27,13.4916,13.4916,13.4916,13.4916,1.0
2014-01-28,13.4689,13.4689,13.4689,13.4689,1.0
2014-01-29,13.4667,13.4667,13.4667,13.4667,1.0
2014-01-30,13.4515,13.4515,13.4515,13.4515,1.0
2014-01-31,13.4527,13.4527,13.4527,13.4527,1.0
2014-02-03,13.4671,13.4671,13.4671,13.4671,1.0
2014-02-04,13.4776,13.4776,13.4776,13.4776,1.0
2014-02-05,13.4901,13.4901,13.4901,13.4901,1.0
2014-02-06,13.4992,13.4992,13.4992,13.4992,1.0
2014-02-07,13.5,13.5,13.5,13.5,1.0
2014-02-10,13.514,13.514,13.514,13.514,1.0
2014-02-11,13.5063,13.5063,13.5063,13.5063,1.0
2014-02-12,13.499,13.499,13.499,13.499,1.0
2014-02-13,13.493,13.493,13.493,13.493,1.0
2014-02-14,13.4844,13.4844,13.4844,13.4844,1.0
2014-02-17,13.4973,13.4973,13.4973,13.4973,1.0
2014-02-18,13.5011,13.5011,13.5011,13.5011,1.0
2014-02-20,13.512,13.512,13.512,13.512,1.0
2014-02-21,13.5177,13.5177,13.5177,13.5177,1.0
2014-02-24,13.5269,13.5269,13.5269,13.5269,1.0
2014-02-25,13.5304,13.5304,13.5304,13.5304,1.0
2014-02-26,13.5321,13.5321,13.5321,13.5321,1.0
2014-02-28,13.5384,13.5384,13.5384,13.5384,1.0
2014-03-03,13.5486,13.5486,13.5486,13.5486,1.0
2014-03-04,13.5452,13.5452,13.5452,13.5452,1.0
2014-03-05,13.5542,13.5542,13.5542,13.5542,1.0
2014-03-06,13.5635,13.5635,13.5635,13.5635,1.0
2014-03-07,13.5738,13.5738,13.5738,13.5738,1.0
2014-03-10,13.5892,13.5892,13.5892,13.5892,1.0
2014-03-11,13.6091,13.6091,13.6091,13.6091,1.0
2014-03-12,13.6143,13.6143,13.6143,13.6143,1.0
2014-03-13,13.6214,13.6214,13.6214,13.6214,1.0
2014-03-14,13.6268,13.6268,13.6268,13.6268,1.0
2014-03-18,13.639,13.639,13.639,13.639,1.0
2014-03-19,13.6427,13.6427,13.6427,13.6427,1.0
2014-03-20,13.6509,13.6509,13.6509,13.6509,1.0
2014-03-21,13.6668,13.6668,13.6668,13.6668,1.0
2014-03-24,13.6904,13.6904,13.6904,13.6904,1.0
2014-03-25,13.6943,13.6943,13.6943,13.6943,1.0
2014-03-26,13.6909,13.6909,13.6909,13.6909,1.0
2014-03-27,13.6955,13.6955,13.6955,13.6955,1.0
2014-03-28,13.7121,13.7121,13.7121,13.7121,1.0
2014-03-31,13.7222,13.7222,13.7222,13.7222,1.0
2014-04-02,13.7145,13.7145,13.7145,13.7145,1.0
2014-04-03,13.718,13.718,13.718,13.718,1.0
2014-04-04,13.7061,13.7061,13.7061,13.7061,1.0
2014-04-07,13.7137,13.7137,13.7137,13.7137,1.0
2014-04-09,13.7126,13.7126,13.7126,13.7126,1.0
2014-04-10,13.7152,13.7152,13.7152,13.7152,1.0
2014-04-11,13.7251,13.7251,13.7251,13.7251,1.0
2014-04-15,13.7394,13.7394,13.7394,13.7394,1.0
2014-04-16,13.7547,13.7547,13.7547,13.7547,1.0
2014-04-17,13.7593,13.7593,13.7593,13.7593,1.0
2014-04-21,13.7809,13.7809,13.7809,13.7809,1.0
2014-04-22,13.7948,13.7948,13.7948,13.7948,1.0
2014-04-23,13.8018,13.8018,13.8018,13.8018,1.0
2014-04-25,13.8114,13.8114,13.8114,13.8114,1.0
2014-04-28,13.8168,13.8168,13.8168,13.8168,1.0
2014-04-29,13.8217,13.8217,13.8217,13.8217,1.0
2014-04-30,13.8329,13.8329,13.8329,13.8329,1.0
2014-05-02,13.8459,13.8459,13.8459,13.8459,1.0
2014-05-05,13.8648,13.8648,13.8648,13.8648,1.0
2014-05-06,13.869,13.869,13.869,13.869,1.0
2014-05-07,13.8732,13.8732,13.8732,13.8732,1.0
2014-05-08,13.8796,13.8796,13.8796,13.8796,1.0
2014-05-09,13.8923,13.8923,13.8923,13.8923,1.0
2014-05-12,13.9133,13.9133,13.9133,13.9133,1.0
2014-05-13,13.915,13.915,13.915,13.915,1.0
2014-05-15,13.9253,13.9253,13.9253,13.9253,1.0
2014-05-16,13.9449,13.9449,13.9449,13.9449,1.0
2014-05-19,13.9503,13.9503,13.9503,13.9503,1.0
2014-05-20,13.9537,13.9537,13.9537,13.9537,1.0
2014-05-21,13.9626,13.9626,13.9626,13.9626,1.0
2014-05-22,13.969,13.969,13.969,13.969,1.0
2014-05-23,13.987,13.987,13.987,13.987,1.0
2014-05-26,13.9915,13.9915,13.9915,13.9915,1.0
2014-05-27,13.9968,13.9968,13.9968,13.9968,1.0
2014-05-28,13.9992,13.9992,13.9992,13.9992,1.0
2014-05-29,14.0072,14.0072,14.0072,14.0072,1.0
2014-05-30,14.0129,14.0129,14.0129,14.0129,1.0
2014-06-02,14.0194,14.0194,14.0194,14.0194,1.0
2014-06-03,14.0357,14.0357,14.0357,14.0357,1.0
2014-06-04,14.0449,14.0449,14.0449,14.0449,1.0
2014-06-05,14.0512,14.0512,14.0512,14.0512,1.0
2014-06-06,14.0546,14.0546,14.0546,14.0546,1.0
2014-06-09,14.0752,14.0752,14.0752,14.0752,1.0
2014-06-10,14.0751,14.0751,14.0751,14.0751,1.0
2014-06-11,14.074,14.074,14.074,14.074,1.0
2014-06-12,14.0787,14.0787,14.0787,14.0787,1.0
2014-06-13,14.0848,14.0848,14.0848,14.0848,1.0
2014-06-16,14.0831,14.0831,14.0831,14.0831,1.0
2014-06-17,14.084,14.084,14.084,14.084,1.0
2014-06-18,14.0848,14.0848,14.0848,14.0848,1.0
2014-06-19,14.0826,14.0826,14.0826,14.0826,1.0
2014-06-20,14.081,14.081,14.081,14.081,1.0
2014-06-23,14.0867,14.0867,14.0867,14.0867,1.0
2014-06-24,14.0862,14.0862,14.0862,14.0862,1.0
2014-06-25,14.0916,14.0916,14.0916,14.0916,1.0
2014-06-26,14.0992,14.0992,14.0992,14.0992,1.0
2014-06-27,14.0992,14.0992,14.0992,14.0992,1.0
2014-06-30,14.1111,14.1111,14.1111,14.1111,1.0
2014-07-02,14.1277,14.1277,14.1277,14.1277,1.0
2014-07-03,14.1303,14.1303,14.1303,14.1303,1.0
2014-07-04,14.1363,14.1363,14.1363,14.1363,1.0
2014-07-07,14.1449,14.1449,14.1449,14.1449,1.0
2014-07-08,14.1455,14.1455,14.1455,14.1455,1.0
2014-07-09,14.1465,14.1465,14.1465,14.1465,1.0
2014-07-10,14.1497,14.1497,14.1497,14.1497,1.0
2014-07-11,14.1068,14.1068,14.1068,14.1068,1.0
2014-07-14,14.1004,14.1004,14.1004,14.1004,1.0
2014-07-15,14.1051,14.1051,14.1051,14.1051,1.0
2014-07-16,14.1159,14.1159,14.1159,14.1159,1.0
2014-07-17,14.1255,14.1255,14.1255,14.1255,1.0
2014-07-18,14.1292,14.1292,14.1292,14.1292,1.0
2014-07-21,14.1457,14.1457,14.1457,14.1457,1.0
2014-07-22,14.1604,14.1604,14.1604,14.1604,1.0
2014-07-23,14.173,14.173,14.173,14.173,1.0
2014-07-24,14.1838,14.1838,14.1838,14.1838,1.0
2014-07-25,14.1891,14.1891,14.1891,14.1891,1.0
2014-07-28,14.1972,14.1972,14.1972,14.1972,1.0
2014-07-30,14.1966,14.1966,14.1966,14.1966,1.0
2014-07-31,14.2041,14.2041,14.2041,14.2041,1.0
2014-08-01,14.2026,14.2026,14.2026,14.2026,1.0
2014-08-04,14.2124,14.2124,14.2124,14.2124,1.0
2014-08-05,14.2077,14.2077,14.2077,14.2077,1.0
2014-08-06,14.1991,14.1991,14.1991,14.1991,1.0
2014-08-07,14.2029,14.2029,14.2029,14.2029,1.0
2014-08-08,14.2,14.2,14.2,14.2,1.0
2014-08-11,14.2126,14.2126,14.2126,14.2126,1.0
2014-08-12,14.2183,14.2183,14.2183,14.2183,1.0
2014-08-13,14.2283,14.2283,14.2283,14.2283,1.0
2014-08-14,14.2311,14.2311,14.2311,14.2311,1.0
2014-08-19,14.2533,14.2533,14.2533,14.2533,1.0
2014-08-20,14.26,14.26,14.26,14.26,1.0
2014-08-21,14.2613,14.2613,14.2613,14.2613,1.0
2014-08-22,14.2623,14.2623,14.2623,14.2623,1.0
2014-08-25,14.2706,14.2706,14.2706,14.2706,1.0
2014-08-26,14.2769,14.2769,14.2769,14.2769,1.0
2014-08-27,14.2849,14.2849,14.2849,14.2849,1.0
2014-08-28,14.2896,14.2896,14.2896,14.2896,1.0
2014-09-01,14.3053,14.3053,14.3053,14.3053,1.0
2014-09-02,14.3087,14.3087,14.3087,14.3087,1.0
2014-09-03,14.3177,14.3177,14.3177,14.3177,1.0
2014-09-04,14.3201,14.3201,14.3201,14.3201,1.0
2014-09-05,14.3266,14.3266,14.3266,14.3266,1.0
2014-09-08,14.3404,14.3404,14.3404,14.3404,1.0
2014-09-09,14.3443,14.3443,14.3443,14.3443,1.0
2014-09-10,14.3435,14.3435,14.3435,14.3435,1.0
2014-09-11,14.3475,14.3475,14.3475,14.3475,1.0
2014-09-12,14.3524,14.3524,14.3524,14.3524,1.0
2014-09-15,14.3631,14.3631,14.3631,14.3631,1.0
2014-09-16,14.3668,14.3668,14.3668,14.3668,1.0
2014-09-17,14.3708,14.3708,14.3708,14.3708,1.0
2014-09-18,14.3783,14.3783,14.3783,14.3783,1.0
2014-09-19,14.3813,14.3813,14.3813,14.3813,1.0
2014-09-22,14.3983,14.3983,14.3983,14.3983,1.0
2014-09-23,14.4001,14.4001,14.4001,14.4001,1.0
2014-09-24,14.4041,14.4041,14.4041,14.4041,1.0
2014-09-25,14.4088,14.4088,14.4088,14.4088,1.0
2014-09-26,14.4227,14.4227,14.4227,14.4227,1.0
2014-09-29,14.4291,14.4291,14.4291,14.4291,1.0
2014-09-30,14.4324,14.4324,14.4324,14.4324,1.0
2014-10-01,14.436,14.436,14.436,14.436,1.0
2014-10-07,14.462,14.462,14.462,14.462,1.0
2014-10-08,14.4711,14.4711,14.4711,14.4711,1.0
2014-10-09,14.471,14.471,14.471,14.471,1.0
2014-10-10,14.4822,14.4822,14.4822,14.4822,1.0
2014-10-13,14.4927,14.4927,14.4927,14.4927,1.0
2014-10-14,14.5069,14.5069,14.5069,14.5069,1.0
2014-10-16,14.5296,14.5296,14.5296,14.5296,1.0
2014-10-17,14.535,14.535,14.535,14.535,1.0
2014-10-20,14.5494,14.5494,14.5494,14.5494,1.0
2014-10-21,14.561,14.561,14.561,14.561,1.0
2014-10-22,14.5713,14.5713,14.5713,14.5713,1.0
2014-10-27,14.595,14.595,14.595,14.595,1.0
2014-10-28,14.5989,14.5989,14.5989,14.5989,1.0
2014-10-29,14.6045,14.6045,14.6045,14.6045,1.0
2014-10-30,14.613,14.613,14.613,14.613,1.0
2014-10-31,14.6275,14.6275,14.6275,14.6275,1.0
2014-11-03,14.6462,14.6462,14.6462,14.6462,1.0
2014-11-05,14.6705,14.6705,14.6705,14.6705,1.0
2014-11-07,14.6812,14.6812,14.6812,14.6812,1.0
2014-11-10,14.6962,14.6962,14.6962,14.6962,1.0
2014-11-11,14.6994,14.6994,14.6994,14.6994,1.0
2014-11-12,14.7033,14.7033,14.7033,14.7033,1.0
2014-11-13,14.6966,14.6966,14.6966,14.6966,1.0
2014-11-14,14.6994,14.6994,14.6994,14.6994,1.0
2014-11-17,14.7153,14.7153,14.7153,14.7153,1.0
2014-11-18,14.7216,14.7216,14.7216,14.7216,1.0
2014-11-19,14.7275,14.7275,14.7275,14.7275,1.0
2014-11-20,14.7328,14.7328,14.7328,14.7328,1.0
2014-11-21,14.7359,14.7359,14.7359,14.7359,1.0
2014-11-24,14.7443,14.7443,14.7443,14.7443,1.0
2014-11-25,14.7517,14.7517,14.7517,14.7517,1.0
2014-11-26,14.7537,14.7537,14.7537,14.7537,1.0
2014-11-27,14.7549,14.7549,14.7549,14.7549,1.0
2014-11-28,14.7659,14.7659,14.7659,14.7659,1.0
2014-12-01,14.7798,14.7798,14.7798,14.7798,1.0
2014-12-02,14.7946,14.7946,14.7946,14.7946,1.0
2014-12-03,14.7998,14.7998,14.7998,14.7998,1.0
2014-12-04,14.7991,14.7991,14.7991,14.7991,1.0
2014-12-05,14.7986,14.7986,14.7986,14.7986,1.0
2014-12-08,14.8094,14.8094,14.8094,14.8094,1.0
2014-12-09,14.8141,14.8141,14.8141,14.8141,1.0
2014-12-10,14.8108,14.8108,14.8108,14.8108,1.0
2014-12-11,14.8111,14.8111,14.8111,14.8111,1.0
2014-12-12,14.8172,14.8172,14.8172,14.8172,1.0
2014-12-15,14.8313,14.8313,14.8313,14.8313,1.0
2014-12-16,14.8025,14.8025,14.8025,14.8025,1.0
2014-12-17,14.7975,14.7975,14.7975,14.7975,1.0
2014-12-18,14.8084,14.8084,14.8084,14.8084,1.0
2014-12-19,14.8057,14.8057,14.8057,14.8057,1.0
2014-12-22,14.8181,14.8181,14.8181,14.8181,1.0
2014-12-23,14.8196,14.8196,14.8196,14.8196,1.0
2014-12-24,14.8263,14.8263,14.8263,14.8263,1.0
2014-12-26,14.831,14.831,14.831,14.831,1.0
2014-12-29,14.842,14.842,14.842,14.842,1.0
2014-12-30,14.8518,14.8518,14.8518,14.8518,1.0
2014-12-31,14.8595,14.8595,14.8595,14.8595,1.0
2015-01-01,14.8706,14.8706,14.8706,14.8706,1.0
2015-01-02,14.8703,14.8703,14.8703,14.8703,1.0
2015-01-05,14.8777,14.8777,14.8777,14.8777,1.0
2015-01-06,14.8727,14.8727,14.8727,14.8727,1.0
2015-01-07,14.8813,14.8813,14.8813,14.8813,1.0
2015-01-08,14.8915,14.8915,14.8915,14.8915,1.0
2015-01-09,14.8945,14.8945,14.8945,14.8945,1.0
2015-01-12,14.9168,14.9168,14.9168,14.9168,1.0
2015-01-13,14.9297,14.9297,14.9297,14.9297,1.0
2015-01-14,14.9313,14.9313,14.9313,14.9313,1.0
2015-01-15,14.9579,14.9579,14.9579,14.9579,1.0
2015-01-16,14.9777,14.9777,14.9777,14.9777,1.0
2015-01-19,14.9914,14.9914,14.9914,14.9914,1.0
2015-01-20,14.9896,14.9896,14.9896,14.9896,1.0
2015-01-21,14.9923,14.9923,14.9923,14.9923,1.0
2015-01-22,14.9964,14.9964,14.9964,14.9964,1.0
2015-01-23,15.0026,15.0026,15.0026,15.0026,1.0
2015-01-27,15.0181,15.0181,15.0181,15.0181,1.0
2015-01-28,15.0261,15.0261,15.0261,15.0261,1.0
2015-01-29,15.0298,15.0298,15.0298,15.0298,1.0
2015-01-30,15.0306,15.0306,15.0306,15.0306,1.0
2015-02-02,15.0445,15.0445,15.0445,15.0445,1.0
2015-02-03,15.0336,15.0336,15.0336,15.0336,1.0
2015-02-04,15.0273,15.0273,15.0273,15.0273,1.0
2015-02-05,15.023,15.023,15.023,15.023,1.0
2015-02-06,15.0228,15.0228,15.0228,15.0228,1.0
2015-02-09,15.0218,15.0218,15.0218,15.0218,1.0
2015-02-10,15.0231,15.0231,15.0231,15.0231,1.0
2015-02-11,15.024,15.024,15.024,15.024,1.0
2015-02-12,15.0198,15.0198,15.0198,15.0198,1.0
2015-02-13,15.0283,15.0283,15.0283,15.0283,1.0
2015-02-16,15.0401,15.0401,15.0401,15.0401,1.0
2015-02-18,15.0494,15.0494,15.0494,15.0494,1.0
2015-02-20,15.0602,15.0602,15.0602,15.0602,1.0
2015-02-23,15.0732,15.0732,15.0732,15.0732,1.0
2015-02-24,15.0882,15.0882,15.0882,15.0882,1.0
2015-02-25,15.0964,15.0964,15.0964,15.0964,1.0
2015-02-26,15.1015,15.1015,15.1015,15.1015,1.0
2015-02-27,15.1061,15.1061,15.1061,15.1061,1.0
2015-03-02,15.114,15.114,15.114,15.114,1.0
2015-03-03,15.1064,15.1064,15.1064,15.1064,1.0
2015-03-04,15.1288,15.1288,15.1288,15.1288,1.0
2015-03-05,15.137,15.137,15.137,15.137,1.0
2015-03-09,15.1392,15.1392,15.1392,15.1392,1.0
2015-03-10,15.1389,15.1389,15.1389,15.1389,1.0
2015-03-11,15.1395,15.1395,15.1395,15.1395,1.0
2015-03-12,15.1432,15.1432,15.1432,15.1432,1.0
2015-03-13,15.1411,15.1411,15.1411,15.1411,1.0
2015-03-16,15.1506,15.1506,15.1506,15.1506,1.0
2015-03-17,15.1538,15.1538,15.1538,15.1538,1.0
2015-03-18,15.1528,15.1528,15.1528,15.1528,1.0
2015-03-19,15.1591,15.1591,15.1591,15.1591,1.0
2015-03-20,15.1619,15.1619,15.1619,15.1619,1.0
2015-03-23,15.1711,15.1711,15.1711,15.1711,1.0
2015-03-24,15.174,15.174,15.174,15.174,1.0
2015-03-25,15.1785,15.1785,15.1785,15.1785,1.0
2015-03-26,15.1824,15.1824,15.1824,15.1824,1.0
2015-03-27,15.1912,15.1912,15.1912,15.1912,1.0
2015-03-30,15.2033,15.2033,15.2033,15.2033,1.0
2015-03-31,15.2236,15.2236,15.2236,15.2236,1.0
2015-04-06,15.2565,15.2565,15.2565,15.2565,1.0
2015-04-07,15.2718,15.2718,15.2718,15.2718,1.0
2015-04-08,15.2698,15.2698,15.2698,15.2698,1.0
2015-04-09,15.2766,15.2766,15.2766,15.2766,1.0
2015-04-10,15.2809,15.2809,15.2809,15.2809,1.0
2015-04-13,15.2918,15.2918,15.2918,15.2918,1.0
2015-04-15,15.2972,15.2972,15.2972,15.2972,1.0
2015-04-16,15.2992,15.2992,15.2992,15.2992,1.0
2015-04-17,15.2961,15.2961,15.2961,15.2961,1.0
2015-04-20,15.3039,15.3039,15.3039,15.3039,1.0
2015-04-21,15.3087,15.3087,15.3087,15.3087,1.0
2015-04-22,15.3128,15.3128,15.3128,15.3128,1.0
2015-04-23,15.311,15.311,15.311,15.311,1.0
2015-04-24,15.3142,15.3142,15.3142,15.3142,1.0
2015-04-27,15.3205,15.3205,15.3205,15.3205,1.0
2015-04-28,15.3227,15.3227,15.3227,15.3227,1.0
2015-04-29,15.3224,15.3224,15.3224,15.3224,1.0
2015-04-30,15.3137,15.3137,15.3137,15.3137,1.0
2015-05-05,15.3238,15.3238,15.3238,15.3238,1.0
2015-05-06,15.3187,15.3187,15.3187,15.3187,1.0
2015-05-07,15.3092,15.3092,15.3092,15.3092,1.0
2015-05-08,15.3104,15.3104,15.3104,15.3104,1.0
2015-05-11,15.3257,15.3257,15.3257,15.3257,1.0
2015-05-12,15.3302,15.3302,15.3302,15.3302,1.0
2015-05-13,15.3295,15.3295,15.3295,15.3295,1.0
2015-05-14,15.3327,15.3327,15.3327,15.3327,1.0
2015-05-15,15.3364,15.3364,15.3364,15.3364,1.0
2015-05-18,15.3521,15.3521,15.3521,15.3521,1.0
2015-05-19,15.3579,15.3579,15.3579,15.3579,1.0
2015-05-20,15.3672,15.3672,15.3672,15.3672,1.0
2015-05-21,15.3755,15.3755,15.3755,15.3755,1.0
2015-05-22,15.3794,15.3794,15.3794,15.3794,1.0
2015-05-25,15.3923,15.3923,15.3923,15.3923,1.0
2015-05-26,15.3946,15.3946,15.3946,15.3946,1.0
2015-05-27,15.3987,15.3987,15.3987,15.3987,1.0
2015-05-28,15.41,15.41,15.41,15.41,1.0
2015-05-29,15.4186,15.4186,15.4186,15.4186,1.0
2015-06-01,15.4391,15.4391,15.4391,15.4391,1.0
2015-06-02,15.4271,15.4271,15.4271,15.4271,1.0
2015-06-03,15.424,15.424,15.424,15.424,1.0
2015-06-04,15.4226,15.4226,15.4226,15.4226,1.0
2015-06-05,15.4266,15.4266,15.4266,15.4266,1.0
2015-06-08,15.4388,15.4388,15.4388,15.4388,1.0
2015-06-09,15.445,15.445,15.445,15.445,1.0
2015-06-10,15.4459,15.4459,15.4459,15.4459,1.0
2015-06-11,15.4411,15.4411,15.4411,15.4411,1.0
2015-06-12,15.4437,15.4437,15.4437,15.4437,1.0
2015-06-15,15.4529,15.4529,15.4529,15.4529,1.0
2015-06-16,15.4516,15.4516,15.4516,15.4516,1.0
2015-06-17,15.4614,15.4614,15.4614,15.4614,1.0
2015-06-18,15.4766,15.4766,15.4766,15.4766,1.0
2015-06-19,15.4834,15.4834,15.4834,15.4834,1.0
2015-06-22,15.4948,15.4948,15.4948,15.4948,1.0
2015-06-23,15.4932,15.4932,15.4932,15.4932,1.0
2015-06-24,15.4957,15.4957,15.4957,15.4957,1.0
2015-06-25,15.4947,15.4947,15.4947,15.4947,1.0
2015-06-26,15.4946,15.4946,15.4946,15.4946,1.0
2015-06-29,15.4948,15.4948,15.4948,15.4948,1.0
2015-06-30,15.5026,15.5026,15.5026,15.5026,1.0
2015-07-01,15.5123,15.5123,15.5123,15.5123,1.0
2015-07-02,15.5214,15.5214,15.5214,15.5214,1.0
2015-07-03,15.5311,15.5311,15.5311,15.5311,1.0
2015-07-06,15.5468,15.5468,15.5468,15.5468,1.0
2015-07-07,15.5539,15.5539,15.5539,15.5539,1.0
2015-07-08,15.5586,15.5586,15.5586,15.5586,1.0
2015-07-09,15.5612,15.5612,15.5612,15.5612,1.0
2015-07-10,15.5681,15.5681,15.5681,15.5681,1.0
2015-07-13,15.571,15.571,15.571,15.571,1.0
2015-07-14,15.5781,15.5781,15.5781,15.5781,1.0
2015-07-15,15.5842,15.5842,15.5842,15.5842,1.0
2015-07-16,15.5877,15.5877,15.5877,15.5877,1.0
2015-07-17,15.5909,15.5909,15.5909,15.5909,1.0
2015-07-20,15.6001,15.6001,15.6001,15.6001,1.0
2015-07-21,15.6045,15.6045,15.6045,15.6045,1.0
2015-07-22,15.6096,15.6096,15.6096,15.6096,1.0
2015-07-23,15.6134,15.6134,15.6134,15.6134,1.0
2015-07-24,15.6175,15.6175,15.6175,15.6175,1.0
2015-07-27,15.6281,15.6281,15.6281,15.6281,1.0
2015-07-28,15.6366,15.6366,15.6366,15.6366,1.0
2015-07-29,15.6452,15.6452,15.6452,15.6452,1.0
2015-07-30,15.6486,15.6486,15.6486,15.6486,1.0
2015-07-31,15.6515,15.6515,15.6515,15.6515,1.0
2015-08-03,15.6639,15.6639,15.6639,15.6639,1.0
2015-08-04,15.6641,15.6641,15.6641,15.6641,1.0
2015-08-05,15.6643,15.6643,15.6643,15.6643,1.0
2015-08-06,15.6685,15.6685,15.6685,15.6685,1.0
2015-08-07,15.6713,15.6713,15.6713,15.6713,1.0
2015-08-10,15.6818,15.6818,15.6818,15.6818,1.0
2015-08-11,15.6864,15.6864,15.6864,15.6864,1.0
2015-08-12,15.6909,15.6909,15.6909,15.6909,1.0
2015-08-13,15.6999,15.6999,15.6999,15.6999,1.0
2015-08-14,15.704,15.704,15.704,15.704,1.0
2015-08-17,15.714,15.714,15.714,15.714,1.0
2015-08-19,15.7197,15.7197,15.7197,15.7197,1.0
2015-08-20,15.7244,15.7244,15.7244,15.7244,1.0
2015-08-21,15.7243,15.7243,15.7243,15.7243,1.0
2015-08-24,15.7236,15.7236,15.7236,15.7236,1.0
2015-08-25,15.7254,15.7254,15.7254,15.7254,1.0
2015-08-26,15.7289,15.7289,15.7289,15.7289,1.0
2015-08-27,15.7346,15.7346,15.7346,15.7346,1.0
2015-08-28,15.7392,15.7392,15.7392,15.7392,1.0
2015-08-31,15.748,15.748,15.748,15.748,1.0
2015-09-01,15.7544,15.7544,15.7544,15.7544,1.0
2015-09-02,15.7557,15.7557,15.7557,15.7557,1.0
2015-09-03,15.7518,15.7518,15.7518,15.7518,1.0
2015-09-04,15.7509,15.7509,15.7509,15.7509,1.0
2015-09-07,15.7583,15.7583,15.7583,15.7583,1.0
2015-09-08,15.7611,15.7611,15.7611,15.7611,1.0
2015-09-09,15.7668,15.7668,15.7668,15.7668,1.0
2015-09-10,15.7599,15.7599,15.7599,15.7599,1.0
2015-09-11,15.7621,15.7621,15.7621,15.7621,1.0
2015-09-14,15.7714,15.7714,15.7714,15.7714,1.0
2015-09-15,15.7753,15.7753,15.7753,15.7753,1.0
2015-09-16,15.7729,15.7729,15.7729,15.7729,1.0
2015-09-18,15.7848,15.7848,15.7848,15.7848,1.0
2015-09-21,15.7968,15.7968,15.7968,15.7968,1.0
2015-09-22,15.8009,15.8009,15.8009,15.8009,1.0
2015-09-23,15.8024,15.8024,15.8024,15.8024,1.0
2015-09-24,15.8073,15.8073,15.8073,15.8073,1.0
2015-09-28,15.8268,15.8268,15.8268,15.8268,1.0
2015-09-29,15.8652,15.8652,15.8652,15.8652,1.0
2015-09-30,15.878,15.878,15.878,15.878,1.0
2015-10-01,15.8793,15.8793,15.8793,15.8793,1.0
2015-10-05,15.8994,15.8994,15.8994,15.8994,1.0
2015-10-06,15.9047,15.9047,15.9047,15.9047,1.0
2015-10-07,15.9096,15.9096,15.9096,15.9096,1.0
2015-10-08,15.9161,15.9161,15.9161,15.9161,1.0
2015-10-09,15.9204,15.9204,15.9204,15.9204,1.0
2015-10-12,15.928,15.928,15.928,15.928,1.0
2015-10-13,15.9325,15.9325,15.9325,15.9325,1.0
2015-10-14,15.935,15.935,15.935,15.935,1.0
2015-10-15,15.9403,15.9403,15.9403,15.9403,1.0
2015-10-16,15.9458,15.9458,15.9458,15.9458,1.0
2015-10-19,15.9562,15.9562,15.9562,15.9562,1.0
2015-10-20,15.9607,15.9607,15.9607,15.9607,1.0
2015-10-21,15.9623,15.9623,15.9623,15.9623,1.0
2015-10-23,15.9728,15.9728,15.9728,15.9728,1.0
2015-10-26,15.9822,15.9822,15.9822,15.9822,1.0
2015-10-27,15.9867,15.9867,15.9867,15.9867,1.0
2015-10-28,15.9899,15.9899,15.9899,15.9899,1.0
2015-10-29,15.9896,15.9896,15.9896,15.9896,1.0
2015-10-30,15.9899,15.9899,15.9899,15.9899,1.0
2015-11-02,15.9986,15.9986,15.9986,15.9986,1.0
2015-11-03,16.0025,16.0025,16.0025,16.0025,1.0
2015-11-04,16.0009,16.0009,16.0009,16.0009,1.0
2015-11-05,16.0013,16.0013,16.0013,16.0013,1.0
2015-11-06,16.0042,16.0042,16.0042,16.0042,1.0
2015-11-09,16.0102,16.0102,16.0102,16.0102,1.0
2015-11-10,16.0145,16.0145,16.0145,16.0145,1.0
2015-11-13,16.0276,16.0276,16.0276,16.0276,1.0
2015-11-16,16.0396,16.0396,16.0396,16.0396,1.0
2015-11-17,16.0421,16.0421,16.0421,16.0421,1.0
2015-11-18,16.0445,16.0445,16.0445,16.0445,1.0
2015-11-19,16.0486,16.0486,16.0486,16.0486,1.0
2015-11-20,16.051,16.051,16.051,16.051,1.0
2015-11-23,16.0606,16.0606,16.0606,16.0606,1.0
2015-11-24,16.0619,16.0619,16.0619,16.0619,1.0
2015-11-26,16.0679,16.0679,16.0679,16.0679,1.0
2015-11-27,16.0681,16.0681,16.0681,16.0681,1.0
2015-11-30,16.0733,16.0733,16.0733,16.0733,1.0
2015-12-01,16.0774,16.0774,16.0774,16.0774,1.0
2015-12-02,16.0842,16.0842,16.0842,16.0842,1.0
2015-12-03,16.09,16.09,16.09,16.09,1.0
2015-12-04,16.0921,16.0921,16.0921,16.0921,1.0
2015-12-07,16.0976,16.0976,16.0976,16.0976,1.0
2015-12-08,16.094,16.094,16.094,16.094,1.0
2015-12-09,16.094,16.094,16.094,16.094,1.0
2015-12-10,16.0929,16.0929,16.0929,16.0929,1.0
2015-12-11,16.0878,16.0878,16.0878,16.0878,1.0
2015-12-14,16.0919,16.0919,16.0919,16.0919,1.0
2015-12-15,16.0909,16.0909,16.0909,16.0909,1.0
2015-12-16,16.0943,16.0943,16.0943,16.0943,1.0
2015-12-17,16.1003,16.1003,16.1003,16.1003,1.0
2015-12-18,16.1056,16.1056,16.1056,16.1056,1.0
2015-12-21,16.1143,16.1143,16.1143,16.1143,1.0
2015-12-22,16.1179,16.1179,16.1179,16.1179,1.0
2015-12-23,16.1195,16.1195,16.1195,16.1195,1.0
2015-12-28,16.1376,16.1376,16.1376,16.1376,1.0
2015-12-29,16.1421,16.1421,16.1421,16.1421,1.0
2015-12-30,16.1473,16.1473,16.1473,16.1473,1.0
2015-12-31,16.1551,16.1551,16.1551,16.1551,1.0
2016-01-01,16.1623,16.1623,16.1623,16.1623,1.0
2016-01-04,16.1764,16.1764,16.1764,16.1764,1.0
2016-01-05,16.1825,16.1825,16.1825,16.1825,1.0
2016-01-06,16.1861,16.1861,16.1861,16.1861,1.0
2016-01-07,16.1922,16.1922,16.1922,16.1922,1.0
2016-01-08,16.2037,16.2037,16.2037,16.2037,1.0
2016-01-11,16.215,16.215,16.215,16.215,1.0
2016-01-12,16.2092,16.2092,16.2092,16.2092,1.0
2016-01-13,16.21,16.21,16.21,16.21,1.0
2016-01-14,16.2092,16.2092,16.2092,16.2092,1.0
2016-01-15,16.2056,16.2056,16.2056,16.2056,1.0
2016-01-18,16.2173,16.2173,16.2173,16.2173,1.0
2016-01-19,16.2226,16.2226,16.2226,16.2226,1.0
2016-01-20,16.2232,16.2232,16.2232,16.2232,1.0
2016-01-21,16.2294,16.2294,16.2294,16.2294,1.0
2016-01-22,16.2353,16.2353,16.2353,16.2353,1.0
2016-01-25,16.2455,16.2455,16.2455,16.2455,1.0
2016-01-27,16.2509,16.2509,16.2509,16.2509,1.0
2016-01-28,16.2484,16.2484,16.2484,16.2484,1.0
2016-01-29,16.2546,16.2546,16.2546,16.2546,1.0
2016-02-01,16.2629,16.2629,16.2629,16.2629,1.0
2016-02-02,16.2563,16.2563,16.2563,16.2563,1.0
2016-02-03,16.2504,16.2504,16.2504,16.2504,1.0
2016-02-04,16.2532,16.2532,16.2532,16.2532,1.0
2016-02-05,16.257,16.257,16.257,16.257,1.0
2016-02-08,16.2657,16.2657,16.2657,16.2657,1.0
2016-02-09,16.2671,16.2671,16.2671,16.2671,1.0
2016-02-10,16.2736,16.2736,16.2736,16.2736,1.0
2016-02-11,16.2745,16.2745,16.2745,16.2745,1.0
2016-02-12,16.2718,16.2718,16.2718,16.2718,1.0
2016-02-15,16.2749,16.2749,16.2749,16.2749,1.0
2016-02-16,16.2689,16.2689,16.2689,16.2689,1.0
2016-02-17,16.2633,16.2633,16.2633,16.2633,1.0
2016-02-18,16.2682,16.2682,16.2682,16.2682,1.0
2016-02-22,16.27,16.27,16.27,16.27,1.0
2016-02-23,16.2438,16.2438,16.2438,16.2438,1.0
2016-02-24,16.2363,16.2363,16.2363,16.2363,1.0
2016-02-25,16.2116,16.2116,16.2116,16.2116,1.0
2016-02-26,16.2236,16.2236,16.2236,16.2236,1.0
2016-02-29,16.3021,16.3021,16.3021,16.3021,1.0
2016-03-01,16.3227,16.3227,16.3227,16.3227,1.0
2016-03-02,16.3295,16.3295,16.3295,16.3295,1.0
2016-03-03,16.3299,16.3299,16.3299,16.3299,1.0
2016-03-04,16.333,16.333,16.333,16.333,1.0
2016-03-08,16.3423,16.3423,16.3423,16.3423,1.0
2016-03-09,16.3495,16.3495,16.3495,16.3495,1.0
2016-03-10,16.352,16.352,16.352,16.352,1.0
2016-03-11,16.3523,16.3523,16.3523,16.3523,1.0
2016-03-14,16.3741,16.3741,16.3741,16.3741,1.0
2016-03-15,16.3877,16.3877,16.3877,16.3877,1.0
2016-03-16,16.3981,16.3981,16.3981,16.3981,1.0
2016-03-17,16.4218,16.4218,16.4218,16.4218,1.0
2016-03-18,16.4289,16.4289,16.4289,16.4289,1.0
2016-03-21,16.4597,16.4597,16.4597,16.4597,1.0
2016-03-22,16.4657,16.4657,16.4657,16.4657,1.0
2016-03-23,16.4707,16.4707,16.4707,16.4707,1.0
2016-03-28,16.488,16.488,16.488,16.488,1.0
2016-03-29,16.4869,16.4869,16.4869,16.4869,1.0
2016-03-30,16.4997,16.4997,16.4997,16.4997,1.0
2016-03-31,16.5369,16.5369,16.5369,16.5369,1.0
2016-04-04,16.585,16.585,16.585,16.585,1.0
2016-04-05,16.6011,16.6011,16.6011,16.6011,1.0
2016-04-06,16.6161,16.6161,16.6161,16.6161,1.0
2016-04-07,16.6257,16.6257,16.6257,16.6257,1.0
2016-04-11,16.6468,16.6468,16.6468,16.6468,1.0
2016-04-12,16.6581,16.6581,16.6581,16.6581,1.0
2016-04-13,16.6505,16.6505,16.6505,16.6505,1.0
2016-04-18,16.6672,16.6672,16.6672,16.6672,1.0
2016-04-20,16.6655,16.6655,16.6655,16.6655,1.0
2016-04-21,16.6526,16.6526,16.6526,16.6526,1.0
2016-04-22,16.6593,16.6593,16.6593,16.6593,1.0
2016-04-25,16.6667,16.6667,16.6667,16.6667,1.0
2016-04-26,16.6634,16.6634,16.6634,16.6634,1.0
2016-04-27,16.6635,16.6635,16.6635,16.6635,1.0
2016-04-28,16.6673,16.6673,16.6673,16.6673,1.0
2016-04-29,16.6738,16.6738,16.6738,16.6738,1.0
2016-05-02,16.6864,16.6864,16.6864,16.6864,1.0
2016-05-03,16.689,16.689,16.689,16.689,1.0
2016-05-04,16.6929,16.6929,16.6929,16.6929,1.0
2016-05-05,16.6977,16.6977,16.6977,16.6977,1.0
2016-05-06,16.7029,16.7029,16.7029,16.7029,1.0
2016-05-09,16.7121,16.7121,16.7121,16.7121,1.0
2016-05-10,16.7177,16.7177,16.7177,16.7177,1.0
2016-05-11,16.7214,16.7214,16.7214,16.7214,1.0
2016-05-12,16.7341,16.7341,16.7341,16.7341,1.0
2016-05-13,16.7326,16.7326,16.7326,16.7326,1.0
2016-05-16,16.7436,16.7436,16.7436,16.7436,1.0
2016-05-17,16.7462,16.7462,16.7462,16.7462,1.0
2016-05-18,16.7467,16.7467,16.7467,16.7467,1.0
2016-05-19,16.7487,16.7487,16.7487,16.7487,1.0
2016-05-20,16.7495,16.7495,16.7495,16.7495,1.0
2016-05-23,16.7638,16.7638,16.7638,16.7638,1.0
2016-05-24,16.7657,16.7657,16.7657,16.7657,1.0
2016-05-25,16.7677,16.7677,16.7677,16.7677,1.0
2016-05-26,16.7682,16.7682,16.7682,16.7682,1.0
2016-05-27,16.7741,16.7741,16.7741,16.7741,1.0
2016-05-30,16.7837,16.7837,16.7837,16.7837,1.0
2016-05-31,16.7861,16.7861,16.7861,16.7861,1.0
2016-06-01,16.7854,16.7854,16.7854,16.7854,1.0
2016-06-02,16.7917,16.7917,16.7917,16.7917,1.0
2016-06-03,16.796,16.796,16.796,16.796,1.0
2016-06-06,16.8109,16.8109,16.8109,16.8109,1.0
2016-06-07,16.8164,16.8164,16.8164,16.8164,1.0
2016-06-08,16.8225,16.8225,16.8225,16.8225,1.0
2016-06-09,16.8341,16.8341,16.8341,16.8341,1.0
2016-06-10,16.8377,16.8377,16.8377,16.8377,1.0
2016-06-13,16.8426,16.8426,16.8426,16.8426,1.0
2016-06-14,16.8446,16.8446,16.8446,16.8446,1.0
2016-06-15,16.8458,16.8458,16.8458,16.8458,1.0
2016-06-16,16.8525,16.8525,16.8525,16.8525,1.0
2016-06-17,16.8572,16.8572,16.8572,16.8572,1.0
2016-06-20,16.8574,16.8574,16.8574,16.8574,1.0
2016-06-21,16.8677,16.8677,16.8677,16.8677,1.0
2016-06-22,16.8738,16.8738,16.8738,16.8738,1.0
2016-06-23,16.881,16.881,16.881,16.881,1.0
2016-06-24,16.8821,16.8821,16.8821,16.8821,1.0
2016-06-27,16.8969,16.8969,16.8969,16.8969,1.0
2016-06-28,16.9022,16.9022,16.9022,16.9022,1.0
2016-06-29,16.9096,16.9096,16.9096,16.9096,1.0
2016-06-30,16.9196,16.9196,16.9196,16.9196,1.0
2016-07-01,16.9289,16.9289,16.9289,16.9289,1.0
2016-07-04,16.9448,16.9448,16.9448,16.9448,1.0
2016-07-05,16.9616,16.9616,16.9616,16.9616,1.0
2016-07-07,16.9784,16.9784,16.9784,16.9784,1.0
2016-07-08,16.9874,16.9874,16.9874,16.9874,1.0
2016-07-11,17.008,17.008,17.008,17.008,1.0
2016-07-12,17.0407,17.0407,17.0407,17.0407,1.0
2016-07-13,17.0574,17.0574,17.0574,17.0574,1.0
2016-07-14,17.0643,17.0643,17.0643,17.0643,1.0
2016-07-15,17.0713,17.0713,17.0713,17.0713,1.0
2016-07-18,17.0821,17.0821,17.0821,17.0821,1.0
2016-07-19,17.0871,17.0871,17.0871,17.0871,1.0
2016-07-20,17.1113,17.1113,17.1113,17.1113,1.0
2016-07-21,17.1202,17.1202,17.1202,17.1202,1.0
2016-07-22,17.1262,17.1262,17.1262,17.1262,1.0
2016-07-25,17.141,17.141,17.141,17.141,1.0
2016-07-26,17.1514,17.1514,17.1514,17.1514,1.0
2016-07-27,17.1614,17.1614,17.1614,17.1614,1.0
2016-07-28,17.1891,17.1891,17.1891,17.1891,1.0
2016-07-29,17.2119,17.2119,17.2119,17.2119,1.0
2016-08-01,17.2303,17.2303,17.2303,17.2303,1.0
2016-08-02,17.2278,17.2278,17.2278,17.2278,1.0
2016-08-03,17.2133,17.2133,17.2133,17.2133,1.0
2016-08-04,17.2187,17.2187,17.2187,17.2187,1.0
2016-08-05,17.2251,17.2251,17.2251,17.2251,1.0
2016-08-08,17.2371,17.2371,17.2371,17.2371,1.0
2016-08-09,17.265,17.265,17.265,17.265,1.0
2016-08-10,17.2916,17.2916,17.2916,17.2916,1.0
2016-08-11,17.3076,17.3076,17.3076,17.3076,1.0
2016-08-12,17.304,17.304,17.304,17.304,1.0
2016-08-16,17.3209,17.3209,17.3209,17.3209,1.0
2016-08-18,17.3074,17.3074,17.3074,17.3074,1.0
2016-08-19,17.3072,17.3072,17.3072,17.3072,1.0
2016-08-22,17.3039,17.3039,17.3039,17.3039,1.0
2016-08-23,17.3012,17.3012,17.3012,17.3012,1.0
2016-08-24,17.3149,17.3149,17.3149,17.3149,1.0
2016-08-25,17.3304,17.3304,17.3304,17.3304,1.0
2016-08-26,17.3442,17.3442,17.3442,17.3442,1.0
2016-08-29,17.3531,17.3531,17.3531,17.3531,1.0
2016-08-30,17.36,17.36,17.36,17.36,1.0
2016-08-31,17.3621,17.3621,17.3621,17.3621,1.0
2016-09-01,17.3694,17.3694,17.3694,17.3694,1.0
2016-09-02,17.3766,17.3766,17.3766,17.3766,1.0
2016-09-06,17.3992,17.3992,17.3992,17.3992,1.0
2016-09-07,17.4184,17.4184,17.4184,17.4184,1.0
2016-09-08,17.4293,17.4293,17.4293,17.4293,1.0
2016-09-09,17.4337,17.4337,17.4337,17.4337,1.0
2016-09-12,17.4365,17.4365,17.4365,17.4365,1.0
2016-09-14,17.4239,17.4239,17.4239,17.4239,1.0
2016-09-15,17.4349,17.4349,17.4349,17.4349,1.0
2016-09-16,17.4436,17.4436,17.4436,17.4436,1.0
2016-09-19,17.4531,17.4531,17.4531,17.4531,1.0
2016-09-20,17.4495,17.4495,17.4495,17.4495,1.0
2016-09-21,17.4545,17.4545,17.4545,17.4545,1.0
2016-09-22,17.4788,17.4788,17.4788,17.4788,1.0
2016-09-23,17.4911,17.4911,17.4911,17.4911,1.0
2016-09-26,17.5164,17.5164,17.5164,17.5164,1.0
2016-09-27,17.5297,17.5297,17.5297,17.5297,1.0
2016-09-28,17.5397,17.5397,17.5397,17.5397,1.0
2016-09-29,17.5199,17.5199,17.5199,17.5199,1.0
2016-09-30,17.5257,17.5257,17.5257,17.5257,1.0
2016-10-03,17.56,17.56,17.56,17.56,1.0
2016-10-04,17.5842,17.5842,17.5842,17.5842,1.0
2016-10-05,17.6422,17.6422,17.6422,17.6422,1.0
2016-10-06,17.6488,17.6488,17.6488,17.6488,1.0
2016-10-07,17.6389,17.6389,17.6389,17.6389,1.0
2016-10-10,17.6594,17.6594,17.6594,17.6594,1.0
2016-10-13,17.6606,17.6606,17.6606,17.6606,1.0
2016-10-14,17.6509,17.6509,17.6509,17.6509,1.0
2016-10-17,17.6488,17.6488,17.6488,17.6488,1.0
2016-10-18,17.6531,17.6531,17.6531,17.6531,1.0
2016-10-19,17.6599,17.6599,17.6599,17.6599,1.0
2016-10-20,17.6603,17.6603,17.6603,17.6603,1.0
2016-10-21,17.6618,17.6618,17.6618,17.6618,1.0
2016-10-24,17.6686,17.6686,17.6686,17.6686,1.0
2016-10-25,17.664,17.664,17.664,17.664,1.0
2016-10-26,17.6601,17.6601,17.6601,17.6601,1.0
2016-10-27,17.6557,17.6557,17.6557,17.6557,1.0
2016-10-28,17.654,17.654,17.654,17.654,1.0
2016-11-01,17.6664,17.6664,17.6664,17.6664,1.0
2016-11-02,17.6649,17.6649,17.6649,17.6649,1.0
2016-11-03,17.6672,17.6672,17.6672,17.6672,1.0
2016-11-04,17.6668,17.6668,17.6668,17.6668,1.0
2016-11-07,17.6762,17.6762,17.6762,17.6762,1.0
2016-11-08,17.6814,17.6814,17.6814,17.6814,1.0
2016-11-09,17.7277,17.7277,17.7277,17.7277,1.0
2016-11-10,17.7557,17.7557,17.7557,17.7557,1.0
2016-11-11,17.7438,17.7438,17.7438,17.7438,1.0
2016-11-15,17.8076,17.8076,17.8076,17.8076,1.0
2016-11-16,17.8826,17.8826,17.8826,17.8826,1.0
2016-11-17,17.8955,17.8955,17.8955,17.8955,1.0
2016-11-18,17.8852,17.8852,17.8852,17.8852,1.0
2016-11-21,17.9316,17.9316,17.9316,17.9316,1.0
2016-11-22,17.9416,17.9416,17.9416,17.9416,1.0
2016-11-23,17.9669,17.9669,17.9669,17.9669,1.0
2016-11-24,18.0016,18.0016,18.0016,18.0016,1.0
2016-11-25,17.9989,17.9989,17.9989,17.9989,1.0
2016-11-28,17.9769,17.9769,17.9769,17.9769,1.0
2016-11-29,17.9731,17.9731,17.9731,17.9731,1.0
2016-11-30,17.9926,17.9926,17.9926,17.9926,1.0
2016-12-01,18.0055,18.0055,18.0055,18.0055,1.0
2016-12-02,18.0009,18.0009,18.0009,18.0009,1.0
2016-12-05,18.0125,18.0125,18.0125,18.0125,1.0
2016-12-06,18.0146,18.0146,18.0146,18.0146,1.0
2016-12-07,17.9058,17.9058,17.9058,17.9058,1.0
2016-12-08,17.8684,17.8684,17.8684,17.8684,1.0
2016-12-09,17.8865,17.8865,17.8865,17.8865,1.0
2016-12-13,17.8968,17.8968,17.8968,17.8968,1.0
2016-12-14,17.9026,17.9026,17.9026,17.9026,1.0
2016-12-15,17.8806,17.8806,17.8806,17.8806,1.0
2016-12-16,17.8692,17.8692,17.8692,17.8692,1.0
2016-12-19,17.8773,17.8773,17.8773,17.8773,1.0
2016-12-20,17.882,17.882,17.882,17.882,1.0
2016-12-21,17.8812,17.8812,17.8812,17.8812,1.0
2016-12-22,17.8781,17.8781,17.8781,17.8781,1.0
2016-12-23,17.8729,17.8729,17.8729,17.8729,1.0
2016-12-26,17.8642,17.8642,17.8642,17.8642,1.0
2016-12-27,17.8451,17.8451,17.8451,17.8451,1.0
2016-12-28,17.8423,17.8423,17.8423,17.8423,1.0
2016-12-29,17.8677,17.8677,17.8677,17.8677,1.0
2016-12-30,17.8905,17.8905,17.8905,17.8905,1.0
2017-01-02,17.9509,17.9509,17.9509,17.9509,1.0
2017-01-03,17.9724,17.9724,17.9724,17.9724,1.0
2017-01-04,17.9933,17.9933,17.9933,17.9933,1.0
2017-01-05,18.0014,18.0014,18.0014,18.0014,1.0
2017-01-06,18.0116,18.0116,18.0116,18.0116,1.0
2017-01-09,18.0285,18.0285,18.0285,18.0285,1.0
2017-01-10,18.0413,18.0413,18.0413,18.0413,1.0
2017-01-11,18.0514,18.0514,18.0514,18.0514,1.0
2017-01-12,18.0666,18.0666,18.0666,18.0666,1.0
2017-01-13,18.0675,18.0675,18.0675,18.0675,1.0
2017-01-16,18.0702,18.0702,18.0702,18.0702,1.0
2017-01-17,18.0745,18.0745,18.0745,18.0745,1.0
2017-01-18,18.0781,18.0781,18.0781,18.0781,1.0
2017-01-19,18.0784,18.0784,18.0784,18.0784,1.0
2017-01-20,18.0812,18.0812,18.0812,18.0812,1.0
2017-01-23,18.0909,18.0909,18.0909,18.0909,1.0
2017-01-24,18.089,18.089,18.089,18.089,1.0
2017-01-25,18.0934,18.0934,18.0934,18.0934,1.0
2017-01-27,18.0949,18.0949,18.0949,18.0949,1.0
2017-01-30,18.1053,18.1053,18.1053,18.1053,1.0
2017-01-31,18.1095,18.1095,18.1095,18.1095,1.0
2017-02-01,18.1149,18.1149,18.1149,18.1149,1.0
2017-02-02,18.1277,18.1277,18.1277,18.1277,1.0
2017-02-03,18.1347,18.1347,18.1347,18.1347,1.0
2017-02-06,18.1494,18.1494,18.1494,18.1494,1.0
2017-02-07,18.1559,18.1559,18.1559,18.1559,1.0
2017-02-08,18.0309,18.0309,18.0309,18.0309,1.0
2017-02-09,17.9989,17.9989,17.9989,17.9989,1.0
2017-02-10,18.0416,18.0416,18.0416,18.0416,1.0
2017-02-13,18.0601,18.0601,18.0601,18.0601,1.0
2017-02-14,18.0606,18.0606,18.0606,18.0606,1.0
2017-02-15,18.0742,18.0742,18.0742,18.0742,1.0
2017-02-16,18.0738,18.0738,18.0738,18.0738,1.0
2017-02-17,18.0678,18.0678,18.0678,18.0678,1.0
2017-02-20,18.0739,18.0739,18.0739,18.0739,1.0
2017-02-22,18.0587,18.0587,18.0587,18.0587,1.0
2017-02-23,18.067,18.067,18.067,18.067,1.0
2017-02-27,18.0776,18.0776,18.0776,18.0776,1.0
2017-02-28,18.0823,18.0823,18.0823,18.0823,1.0
2017-03-01,18.0683,18.0683,18.0683,18.0683,1.0
2017-03-02,18.061,18.061,18.061,18.061,1.0
2017-03-03,18.0714,18.0714,18.0714,18.0714,1.0
2017-03-06,18.0637,18.0637,18.0637,18.0637,1.0
2017-03-07,18.0529,18.0529,18.0529,18.0529,1.0
2017-03-08,18.0418,18.0418,18.0418,18.0418,1.0
2017-03-09,18.0282,18.0282,18.0282,18.0282,1.0
2017-03-10,18.0131,18.0131,18.0131,18.0131,1.0
2017-03-14,18.0259,18.0259,18.0259,18.0259,1.0
2017-03-15,18.0451,18.0451,18.0451,18.0451,1.0
2017-03-16,18.0625,18.0625,18.0625,18.0625,1.0
2017-03-17,18.0589,18.0589,18.0589,18.0589,1.0
2017-03-20,18.0631,18.0631,18.0631,18.0631,1.0
2017-03-21,18.0697,18.0697,18.0697,18.0697,1.0
2017-03-22,18.1064,18.1064,18.1064,18.1064,1.0
2017-03-23,18.1106,18.1106,18.1106,18.1106,1.0
2017-03-24,18.121,18.121,18.121,18.121,1.0
2017-03-27,18.1454,18.1454,18.1454,18.1454,1.0
2017-03-29,18.1529,18.1529,18.1529,18.1529,1.0
2017-03-30,18.1701,18.1701,18.1701,18.1701,1.0
2017-03-31,18.1775,18.1775,18.1775,18.1775,1.0
2017-04-03,18.1995,18.1995,18.1995,18.1995,1.0
2017-04-05,18.2031,18.2031,18.2031,18.2031,1.0
2017-04-06,18.1739,18.1739,18.1739,18.1739,1.0
2017-04-07,18.1626,18.1626,18.1626,18.1626,1.0
2017-04-10,18.1734,18.1734,18.1734,18.1734,1.0
2017-04-11,18.1942,18.1942,18.1942,18.1942,1.0
2017-04-12,18.2084,18.2084,18.2084,18.2084,1.0
2017-04-13,18.2306,18.2306,18.2306,18.2306,1.0
2017-04-17,18.2371,18.2371,18.2371,18.2371,1.0
2017-04-18,18.2412,18.2412,18.2412,18.2412,1.0
2017-04-19,18.2529,18.2529,18.2529,18.2529,1.0
2017-04-20,18.2634,18.2634,18.2634,18.2634,1.0
2017-04-21,18.2474,18.2474,18.2474,18.2474,1.0
2017-04-24,18.2563,18.2563,18.2563,18.2563,1.0
2017-04-25,18.2592,18.2592,18.2592,18.2592,1.0
2017-04-26,18.2451,18.2451,18.2451,18.2451,1.0
2017-04-27,18.2487,18.2487,18.2487,18.2487,1.0
2017-04-28,18.2522,18.2522,18.2522,18.2522,1.0
2017-05-02,18.2583,18.2583,18.2583,18.2583,1.0
2017-05-03,18.2602,18.2602,18.2602,18.2602,1.0
2017-05-04,18.263,18.263,18.263,18.263,1.0
2017-05-05,18.2717,18.2717,18.2717,18.2717,1.0
2017-05-08,18.2803,18.2803,18.2803,18.2803,1.0
2017-05-09,18.2872,18.2872,18.2872,18.2872,1.0
2017-05-11,18.2924,18.2924,18.2924,18.2924,1.0
2017-05-12,18.2986,18.2986,18.2986,18.2986,1.0
2017-05-15,18.3311,18.3311,18.3311,18.3311,1.0
2017-05-16,18.3298,18.3298,18.3298,18.3298,1.0
2017-05-17,18.3331,18.3331,18.3331,18.3331,1.0
2017-05-18,18.3356,18.3356,18.3356,18.3356,1.0
2017-05-19,18.3372,18.3372,18.3372,18.3372,1.0
2017-05-22,18.3499,18.3499,18.3499,18.3499,1.0
2017-05-23,18.3572,18.3572,18.3572,18.3572,1.0
2017-05-24,18.3617,18.3617,18.3617,18.3617,1.0
2017-05-25,18.3751,18.3751,18.3751,18.3751,1.0
2017-05-26,18.3857,18.3857,18.3857,18.3857,1.0
2017-05-29,18.3881,18.3881,18.3881,18.3881,1.0
2017-05-30,18.3926,18.3926,18.3926,18.3926,1.0
2017-05-31,18.4017,18.4017,18.4017,18.4017,1.0
2017-06-01,18.4189,18.4189,18.4189,18.4189,1.0
2017-06-02,18.4265,18.4265,18.4265,18.4265,1.0
2017-06-05,18.4362,18.4362,18.4362,18.4362,1.0
2017-06-06,18.4435,18.4435,18.4435,18.4435,1.0
2017-06-07,18.4788,18.4788,18.4788,18.4788,1.0
2017-06-08,18.5206,18.5206,18.5206,18.5206,1.0
2017-06-09,18.5334,18.5334,18.5334,18.5334,1.0
2017-06-12,18.5447,18.5447,18.5447,18.5447,1.0
2017-06-13,18.5607,18.5607,18.5607,18.5607,1.0
2017-06-14,18.5594,18.5594,18.5594,18.5594,1.0
2017-06-15,18.565,18.565,18.565,18.565,1.0
2017-06-16,18.5616,18.5616,18.5616,18.5616,1.0
2017-06-19,18.5733,18.5733,18.5733,18.5733,1.0
2017-06-20,18.5782,18.5782,18.5782,18.5782,1.0
2017-06-21,18.5831,18.5831,18.5831,18.5831,1.0
2017-06-22,18.5856,18.5856,18.5856,18.5856,1.0
2017-06-23,18.587,18.587,18.587,18.587,1.0
2017-06-27,18.5948,18.5948,18.5948,18.5948,1.0
2017-06-28,18.5864,18.5864,18.5864,18.5864,1.0
2017-06-29,18.587,18.587,18.587,18.587,1.0
2017-06-30,18.5864,18.5864,18.5864,18.5864,1.0
2017-07-03,18.5748,18.5748,18.5748,18.5748,1.0
2017-07-04,18.5873,18.5873,18.5873,18.5873,1.0
2017-07-05,18.6047,18.6047,18.6047,18.6047,1.0
2017-07-06,18.6153,18.6153,18.6153,18.6153,1.0
2017-07-07,18.6216,18.6216,18.6216,18.6216,1.0
2017-07-10,18.6453,18.6453,18.6453,18.6453,1.0
2017-07-11,18.6542,18.6542,18.6542,18.6542,1.0
2017-07-12,18.6636,18.6636,18.6636,18.6636,1.0
2017-07-13,18.6724,18.6724,18.6724,18.6724,1.0
2017-07-14,18.6764,18.6764,18.6764,18.6764,1.0
2017-07-17,18.6943,18.6943,18.6943,18.6943,1.0
2017-07-18,18.7057,18.7057,18.7057,18.7057,1.0
2017-07-19,18.7155,18.7155,18.7155,18.7155,1.0
2017-07-20,18.723,18.723,18.723,18.723,1.0
2017-07-21,18.741,18.741,18.741,18.741,1.0
2017-07-24,18.7502,18.7502,18.7502,18.7502,1.0
2017-07-25,18.7551,18.7551,18.7551,18.7551,1.0
2017-07-26,18.7562,18.7562,18.7562,18.7562,1.0
2017-07-27,18.7653,18.7653,18.7653,18.7653,1.0
2017-07-28,18.7701,18.7701,18.7701,18.7701,1.0
2017-07-31,18.7783,18.7783,18.7783,18.7783,1.0
2017-08-01,18.7852,18.7852,18.7852,18.7852,1.0
2017-08-02,18.7943,18.7943,18.7943,18.7943,1.0
2017-08-03,18.823,18.823,18.823,18.823,1.0
2017-08-04,18.8258,18.8258,18.8258,18.8258,1.0
2017-08-07,18.8364,18.8364,18.8364,18.8364,1.0
2017-08-08,18.8415,18.8415,18.8415,18.8415,1.0
2017-08-09,18.8461,18.8461,18.8461,18.8461,1.0
2017-08-10,18.8429,18.8429,18.8429,18.8429,1.0
2017-08-11,18.8399,18.8399,18.8399,18.8399,1.0
2017-08-14,18.8498,18.8498,18.8498,18.8498,1.0
2017-08-16,18.8517,18.8517,18.8517,18.8517,1.0
2017-08-18,18.8637,18.8637,18.8637,18.8637,1.0
2017-08-21,18.874,18.874,18.874,18.874,1.0
2017-08-22,18.8756,18.8756,18.8756,18.8756,1.0
2017-08-23,18.8761,18.8761,18.8761,18.8761,1.0
2017-08-24,18.8803,18.8803,18.8803,18.8803,1.0
2017-08-28,18.8922,18.8922,18.8922,18.8922,1.0
2017-08-29,18.8977,18.8977,18.8977,18.8977,1.0
2017-08-30,18.9001,18.9001,18.9001,18.9001,1.0
2017-08-31,18.909,18.909,18.909,18.909,1.0
2017-09-01,18.9324,18.9324,18.9324,18.9324,1.0
2017-09-04,18.9408,18.9408,18.9408,18.9408,1.0
2017-09-05,18.9401,18.9401,18.9401,18.9401,1.0
2017-09-06,18.9457,18.9457,18.9457,18.9457,1.0
2017-09-07,18.9455,18.9455,18.9455,18.9455,1.0
2017-09-08,18.9462,18.9462,18.9462,18.9462,1.0
2017-09-11,18.9525,18.9525,18.9525,18.9525,1.0
2017-09-12,18.948,18.948,18.948,18.948,1.0
2017-09-13,18.948,18.948,18.948,18.948,1.0
2017-09-14,18.9487,18.9487,18.9487,18.9487,1.0
2017-09-15,18.9461,18.9461,18.9461,18.9461,1.0
2017-09-18,18.9496,18.9496,18.9496,18.9496,1.0
2017-09-19,18.9552,18.9552,18.9552,18.9552,1.0
2017-09-20,18.959,18.959,18.959,18.959,1.0
2017-09-21,18.9345,18.9345,18.9345,18.9345,1.0
2017-09-22,18.932,18.932,18.932,18.932,1.0
2017-09-25,18.9476,18.9476,18.9476,18.9476,1.0
2017-09-26,18.9457,18.9457,18.9457,18.9457,1.0
2017-09-27,18.9481,18.9481,18.9481,18.9481,1.0
2017-09-28,18.9575,18.9575,18.9575,18.9575,1.0
2017-09-29,18.9603,18.9603,18.9603,18.9603,1.0
2017-10-03,18.9936,18.9936,18.9936,18.9936,1.0
2017-10-04,18.9858,18.9858,18.9858,18.9858,1.0
2017-10-05,18.9828,18.9828,18.9828,18.9828,1.0
2017-10-06,18.9842,18.9842,18.9842,18.9842,1.0
2017-10-09,18.9898,18.9898,18.9898,18.9898,1.0
2017-10-10,18.991,18.991,18.991,18.991,1.0
2017-10-11,18.9964,18.9964,18.9964,18.9964,1.0
2017-10-12,19.0003,19.0003,19.0003,19.0003,1.0
2017-10-13,19.0153,19.0153,19.0153,19.0153,1.0
2017-10-16,19.029,19.029,19.029,19.029,1.0
2017-10-17,19.0336,19.0336,19.0336,19.0336,1.0
2017-10-18,19.0361,19.0361,19.0361,19.0361,1.0
2017-10-23,19.0449,19.0449,19.0449,19.0449,1.0
2017-10-24,19.0484,19.0484,19.0484,19.0484,1.0
2017-10-25,19.0475,19.0475,19.0475,19.0475,1.0
2017-10-26,19.0512,19.0512,19.0512,19.0512,1.0
2017-10-27,19.0531,19.0531,19.0531,19.0531,1.0
2017-10-30,19.0561,19.0561,19.0561,19.0561,1.0
2017-10-31,19.0607,19.0607,19.0607,19.0607,1.0
2017-11-01,19.0654,19.0654,19.0654,19.0654,1.0
2017-11-02,19.0693,19.0693,19.0693,19.0693,1.0
2017-11-03,19.0743,19.0743,19.0743,19.0743,1.0
2017-11-06,19.0812,19.0812,19.0812,19.0812,1.0
2017-11-07,19.0766,19.0766,19.0766,19.0766,1.0
2017-11-08,19.0803,19.0803,19.0803,19.0803,1.0
2017-11-09,19.0836,19.0836,19.0836,19.0836,1.0
2017-11-10,19.0894,19.0894,19.0894,19.0894,1.0
2017-11-13,19.0968,19.0968,19.0968,19.0968,1.0
2017-11-14,19.0752,19.0752,19.0752,19.0752,1.0
2017-11-15,19.079,19.079,19.079,19.079,1.0
2017-11-16,19.0648,19.0648,19.0648,19.0648,1.0
2017-11-17,19.0769,19.0769,19.0769,19.0769,1.0
2017-11-20,19.1154,19.1154,19.1154,19.1154,1.0
2017-11-21,19.1197,19.1197,19.1197,19.1197,1.0
2017-11-22,19.1052,19.1052,19.1052,19.1052,1.0
2017-11-23,19.0951,19.0951,19.0951,19.0951,1.0
2017-11-24,19.0963,19.0963,19.0963,19.0963,1.0
2017-11-27,19.1026,19.1026,19.1026,19.1026,1.0
2017-11-28,19.1006,19.1006,19.1006,19.1006,1.0
2017-11-29,19.1039,19.1039,19.1039,19.1039,1.0
2017-11-30,19.1078,19.1078,19.1078,19.1078,1.0
2017-12-04,19.1163,19.1163,19.1163,19.1163,1.0
2017-12-05,19.1175,19.1175,19.1175,19.1175,1.0
2017-12-06,19.1227,19.1227,19.1227,19.1227,1.0
2017-12-07,19.1279,19.1279,19.1279,19.1279,1.0
2017-12-08,19.1304,19.1304,19.1304,19.1304,1.0
2017-12-11,19.121,19.121,19.121,19.121,1.0
2017-12-12,19.1144,19.1144,19.1144,19.1144,1.0
2017-12-13,19.1077,19.1077,19.1077,19.1077,1.0
2017-12-14,19.1015,19.1015,19.1015,19.1015,1.0
2017-12-15,19.1018,19.1018,19.1018,19.1018,1.0
2017-12-18,19.1108,19.1108,19.1108,19.1108,1.0
2017-12-19,19.111,19.111,19.111,19.111,1.0
2017-12-20,19.0963,19.0963,19.0963,19.0963,1.0
2017-12-21,19.0834,19.0834,19.0834,19.0834,1.0
2017-12-22,19.0739,19.0739,19.0739,19.0739,1.0
2017-12-26,19.0738,19.0738,19.0738,19.0738,1.0
2017-12-27,19.0725,19.0725,19.0725,19.0725,1.0
2017-12-28,19.0481,19.0481,19.0481,19.0481,1.0
2017-12-29,19.0729,19.0729,19.0729,19.0729,1.0
2018-01-01,19.0932,19.0932,19.0932,19.0932,1.0
2018-01-02,19.0979,19.0979,19.0979,19.0979,1.0
2018-01-03,19.0978,19.0978,19.0978,19.0978,1.0
2018-01-04,19.0936,19.0936,19.0936,19.0936,1.0
2018-01-05,19.1139,19.1139,19.1139,19.1139,1.0
2018-01-08,19.1255,19.1255,19.1255,19.1255,1.0
2018-01-09,19.1227,19.1227,19.1227,19.1227,1.0
2018-01-10,19.1044,19.1044,19.1044,19.1044,1.0
2018-01-11,19.1019,19.1019,19.1019,19.1019,1.0
2018-01-12,19.1031,19.1031,19.1031,19.1031,1.0
2018-01-15,19.1199,19.1199,19.1199,19.1199,1.0
2018-01-16,19.1038,19.1038,19.1038,19.1038,1.0
2018-01-17,19.1287,19.1287,19.1287,19.1287,1.0
2018-01-18,19.1281,19.1281,19.1281,19.1281,1.0
2018-01-19,19.1308,19.1308,19.1308,19.1308,1.0
2018-01-22,19.1372,19.1372,19.1372,19.1372,1.0
2018-01-23,19.1472,19.1472,19.1472,19.1472,1.0
2018-01-24,19.1472,19.1472,19.1472,19.1472,1.0
2018-01-25,19.1432,19.1432,19.1432,19.1432,1.0
2018-01-29,19.1507,19.1507,19.1507,19.1507,1.0
2018-01-30,19.1379,19.1379,19.1379,19.1379,1.0
2018-01-31,19.1442,19.1442,19.1442,19.1442,1.0
2018-02-01,19.1073,19.1073,19.1073,19.1073,1.0
2018-02-02,19.1142,19.1142,19.1142,19.1142,1.0
2018-02-05,19.1247,19.1247,19.1247,19.1247,1.0
2018-02-06,19.1359,19.1359,19.1359,19.1359,1.0
2018-02-07,19.1559,19.1559,19.1559,19.1559,1.0
2018-02-08,19.1705,19.1705,19.1705,19.1705,1.0
2018-02-09,19.1727,19.1727,19.1727,19.1727,1.0
2018-02-12,19.1819,19.1819,19.1819,19.1819,1.0
2018-02-14,19.1902,19.1902,19.1902,19.1902,1.0
2018-02-15,19.1787,19.1787,19.1787,19.1787,1.0
2018-02-16,19.1831,19.1831,19.1831,19.1831,1.0
2018-02-20,19.1781,19.1781,19.1781,19.1781,1.0
2018-02-21,19.1714,19.1714,19.1714,19.1714,1.0
2018-02-22,19.1524,19.1524,19.1524,19.1524,1.0
2018-02-23,19.1682,19.1682,19.1682,19.1682,1.0
2018-02-26,19.1774,19.1774,19.1774,19.1774,1.0
2018-02-27,19.1706,19.1706,19.1706,19.1706,1.0
2018-02-28,19.1702,19.1702,19.1702,19.1702,1.0
2018-03-01,19.1646,19.1646,19.1646,19.1646,1.0
2018-03-05,19.1808,19.1808,19.1808,19.1808,1.0
2018-03-06,19.1867,19.1867,19.1867,19.1867,1.0
2018-03-07,19.2136,19.2136,19.2136,19.2136,1.0
2018-03-08,19.2297,19.2297,19.2297,19.2297,1.0
2018-03-09,19.2314,19.2314,19.2314,19.2314,1.0
2018-03-12,19.2596,19.2596,19.2596,19.2596,1.0
2018-03-13,19.2744,19.2744,19.2744,19.2744,1.0
2018-03-14,19.276,19.276,19.276,19.276,1.0
2018-03-15,19.29,19.29,19.29,19.29,1.0
2018-03-16,19.3113,19.3113,19.3113,19.3113,1.0
2018-03-19,19.3168,19.3168,19.3168,19.3168,1.0
2018-03-20,19.3195,19.3195,19.3195,19.3195,1.0
2018-03-21,19.3201,19.3201,19.3201,19.3201,1.0
2018-03-22,19.3261,19.3261,19.3261,19.3261,1.0
2018-03-23,19.3325,19.3325,19.3325,19.3325,1.0
2018-03-26,19.3362,19.3362,19.3362,19.3362,1.0
2018-03-27,19.3939,19.3939,19.3939,19.3939,1.0
2018-03-28,19.4077,19.4077,19.4077,19.4077,1.0
2018-04-03,19.4445,19.4445,19.4445,19.4445,1.0
2018-04-04,19.4524,19.4524,19.4524,19.4524,1.0
2018-04-05,19.4862,19.4862,19.4862,19.4862,1.0
2018-04-06,19.4956,19.4956,19.4956,19.4956,1.0
2018-04-09,19.5039,19.5039,19.5039,19.5039,1.0
2018-04-10,19.4816,19.4816,19.4816,19.4816,1.0
2018-04-11,19.4603,19.4603,19.4603,19.4603,1.0
2018-04-12,19.461,19.461,19.461,19.461,1.0
2018-04-13,19.4646,19.4646,19.4646,19.4646,1.0
2018-04-16,19.4722,19.4722,19.4722,19.4722,1.0
2018-04-17,19.4718,19.4718,19.4718,19.4718,1.0
2018-04-18,19.456,19.456,19.456,19.456,1.0
2018-04-19,19.4275,19.4275,19.4275,19.4275,1.0
2018-04-20,19.3964,19.3964,19.3964,19.3964,1.0
2018-04-23,19.3922,19.3922,19.3922,19.3922,1.0
2018-04-24,19.384,19.384,19.384,19.384,1.0
2018-04-25,19.3562,19.3562,19.3562,19.3562,1.0
2018-04-26,19.3352,19.3352,19.3352,19.3352,1.0
2018-04-27,19.335,19.335,19.335,19.335,1.0
2018-05-02,19.3628,19.3628,19.3628,19.3628,1.0
2018-05-03,19.3655,19.3655,19.3655,19.3655,1.0
2018-05-04,19.3683,19.3683,19.3683,19.3683,1.0
2018-05-07,19.3902,19.3902,19.3902,19.3902,1.0
2018-05-08,19.3934,19.3934,19.3934,19.3934,1.0
2018-05-09,19.3704,19.3704,19.3704,19.3704,1.0
2018-05-10,19.3646,19.3646,19.3646,19.3646,1.0
2018-05-11,19.3607,19.3607,19.3607,19.3607,1.0
2018-05-14,19.3556,19.3556,19.3556,19.3556,1.0
2018-05-15,19.3361,19.3361,19.3361,19.3361,1.0
2018-05-16,19.3108,19.3108,19.3108,19.3108,1.0
2018-05-17,19.2928,19.2928,19.2928,19.2928,1.0
2018-05-18,19.314,19.314,19.314,19.314,1.0
2018-05-21,19.3157,19.3157,19.3157,19.3157,1.0
2018-05-22,19.32,19.32,19.32,19.32,1.0
2018-05-23,19.3154,19.3154,19.3154,19.3154,1.0
2018-05-24,19.3146,19.3146,19.3146,19.3146,1.0
2018-05-25,19.3337,19.3337,19.3337,19.3337,1.0
2018-05-28,19.3594,19.3594,19.3594,19.3594,1.0
2018-05-29,19.3622,19.3622,19.3622,19.3622,1.0
2018-05-30,19.372,19.372,19.372,19.372,1.0
2018-05-31,19.3553,19.3553,19.3553,19.3553,1.0
2018-06-01,19.3487,19.3487,19.3487,19.3487,1.0
2018-06-04,19.3579,19.3579,19.3579,19.3579,1.0
2018-06-05,19.3642,19.3642,19.3642,19.3642,1.0
2018-06-06,19.348,19.348,19.348,19.348,1.0
2018-06-07,19.3306,19.3306,19.3306,19.3306,1.0
2018-06-08,19.339,19.339,19.339,19.339,1.0
2018-06-11,19.3511,19.3511,19.3511,19.3511,1.0
2018-06-12,19.3551,19.3551,19.3551,19.3551,1.0
2018-06-13,19.3694,19.3694,19.3694,19.3694,1.0
2018-06-14,19.3778,19.3778,19.3778,19.3778,1.0
2018-06-15,19.39,19.39,19.39,19.39,1.0
2018-06-18,19.4123,19.4123,19.4123,19.4123,1.0
2018-06-19,19.4221,19.4221,19.4221,19.4221,1.0
2018-06-20,19.4338,19.4338,19.4338,19.4338,1.0
2018-06-21,19.4551,19.4551,19.4551,19.4551,1.0
2018-06-22,19.4576,19.4576,19.4576,19.4576,1.0
2018-06-25,19.4662,19.4662,19.4662,19.4662,1.0
2018-06-26,19.4703,19.4703,19.4703,19.4703,1.0
2018-06-27,19.4672,19.4672,19.4672,19.4672,1.0
2018-06-28,19.454,19.454,19.454,19.454,1.0
2018-06-29,19.4604,19.4604,19.4604,19.4604,1.0
2018-07-02,19.4813,19.4813,19.4813,19.4813,1.0
2018-07-03,19.4859,19.4859,19.4859,19.4859,1.0
2018-07-04,19.5028,19.5028,19.5028,19.5028,1.0
2018-07-05,19.5046,19.5046,19.5046,19.5046,1.0
2018-07-06,19.5046,19.5046,19.5046,19.5046,1.0
2018-07-09,19.5211,19.5211,19.5211,19.5211,1.0
2018-07-10,19.5292,19.5292,19.5292,19.5292,1.0
2018-07-11,19.5359,19.5359,19.5359,19.5359,1.0
2018-07-12,19.5543,19.5543,19.5543,19.5543,1.0
2018-07-13,19.5679,19.5679,19.5679,19.5679,1.0
2018-07-16,19.5765,19.5765,19.5765,19.5765,1.0
2018-07-17,19.591,19.591,19.591,19.591,1.0
2018-07-18,19.596,19.596,19.596,19.596,1.0
2018-07-19,19.5987,19.5987,19.5987,19.5987,1.0
2018-07-20,19.5991,19.5991,19.5991,19.5991,1.0
2018-07-23,19.6093,19.6093,19.6093,19.6093,1.0
2018-07-24,19.6105,19.6105,19.6105,19.6105,1.0
2018-07-25,19.6135,19.6135,19.6135,19.6135,1.0
2018-07-26,19.6212,19.6212,19.6212,19.6212,1.0
2018-07-27,19.6254,19.6254,19.6254,19.6254,1.0
2018-07-30,19.6359,19.6359,19.6359,19.6359,1.0
2018-07-31,19.6457,19.6457,19.6457,19.6457,1.0
2018-08-01,19.6628,19.6628,19.6628,19.6628,1.0
2018-08-02,19.6716,19.6716,19.6716,19.6716,1.0
2018-08-03,19.6723,19.6723,19.6723,19.6723,1.0
2018-08-06,19.6835,19.6835,19.6835,19.6835,1.0
2018-08-07,19.6855,19.6855,19.6855,19.6855,1.0
2018-08-08,19.6916,19.6916,19.6916,19.6916,1.0
2018-08-09,19.6992,19.6992,19.6992,19.6992,1.0
2018-08-10,19.7057,19.7057,19.7057,19.7057,1.0
2018-08-13,19.7077,19.7077,19.7077,19.7077,1.0
2018-08-14,19.7109,19.7109,19.7109,19.7109,1.0
2018-08-16,19.7112,19.7112,19.7112,19.7112,1.0
2018-08-20,19.7305,19.7305,19.7305,19.7305,1.0
2018-08-21,19.735,19.735,19.735,19.735,1.0
2018-08-23,19.7417,19.7417,19.7417,19.7417,1.0
2018-08-24,19.7418,19.7418,19.7418,19.7418,1.0
2018-08-27,19.7557,19.7557,19.7557,19.7557,1.0
2018-08-28,19.7567,19.7567,19.7567,19.7567,1.0
2018-08-29,19.7599,19.7599,19.7599,19.7599,1.0
2018-08-30,19.7549,19.7549,19.7549,19.7549,1.0
2018-08-31,19.7545,19.7545,19.7545,19.7545,1.0
2018-09-03,19.7614,19.7614,19.7614,19.7614,1.0
2018-09-04,19.7421,19.7421,19.7421,19.7421,1.0
2018-09-05,19.7245,19.7245,19.7245,19.7245,1.0
2018-09-06,19.727,19.727,19.727,19.727,1.0
2018-09-07,19.7328,19.7328,19.7328,19.7328,1.0
2018-09-10,19.7062,19.7062,19.7062,19.7062,1.0
2018-09-11,19.7038,19.7038,19.7038,19.7038,1.0
2018-09-12,19.6966,19.6966,19.6966,19.6966,1.0
2018-09-14,19.7093,19.7093,19.7093,19.7093,1.0
2018-09-17,19.7131,19.7131,19.7131,19.7131,1.0
2018-09-18,19.7209,19.7209,19.7209,19.7209,1.0
2018-09-19,19.7261,19.7261,19.7261,19.7261,1.0
2018-09-21,19.7242,19.7242,19.7242,19.7242,1.0
2018-09-24,19.6971,19.6971,19.6971,19.6971,1.0
2018-09-25,19.666,19.666,19.666,19.666,1.0
2018-09-26,19.6767,19.6767,19.6767,19.6767,1.0
2018-09-27,19.7126,19.7126,19.7126,19.7126,1.0
2018-09-28,19.7367,19.7367,19.7367,19.7367,1.0
2018-10-01,19.762,19.762,19.762,19.762,1.0
2018-10-03,19.7554,19.7554,19.7554,19.7554,1.0
2018-10-04,19.7349,19.7349,19.7349,19.7349,1.0
2018-10-05,19.7715,19.7715,19.7715,19.7715,1.0
2018-10-08,19.7907,19.7907,19.7907,19.7907,1.0
2018-10-09,19.7781,19.7781,19.7781,19.7781,1.0
2018-10-10,19.7874,19.7874,19.7874,19.7874,1.0
2018-10-11,19.8027,19.8027,19.8027,19.8027,1.0
2018-10-12,19.8112,19.8112,19.8112,19.8112,1.0
2018-10-15,19.8373,19.8373,19.8373,19.8373,1.0
2018-10-16,19.8499,19.8499,19.8499,19.8499,1.0
2018-10-17,19.8476,19.8476,19.8476,19.8476,1.0
2018-10-19,19.8579,19.8579,19.8579,19.8579,1.0
2018-10-22,19.8673,19.8673,19.8673,19.8673,1.0
2018-10-23,19.8678,19.8678,19.8678,19.8678,1.0
2018-10-24,19.8718,19.8718,19.8718,19.8718,1.0
2018-10-25,19.8753,19.8753,19.8753,19.8753,1.0
2018-10-26,19.8755,19.8755,19.8755,19.8755,1.0
2018-10-29,19.8893,19.8893,19.8893,19.8893,1.0
2018-10-30,19.8929,19.8929,19.8929,19.8929,1.0
2018-10-31,19.8954,19.8954,19.8954,19.8954,1.0
2018-11-01,19.9049,19.9049,19.9049,19.9049,1.0
2018-11-02,19.9217,19.9217,19.9217,19.9217,1.0
2018-11-05,19.9348,19.9348,19.9348,19.9348,1.0
2018-11-06,19.94,19.94,19.94,19.94,1.0
2018-11-09,19.9559,19.9559,19.9559,19.9559,1.0
2018-11-12,19.9675,19.9675,19.9675,19.9675,1.0
2018-11-13,19.9825,19.9825,19.9825,19.9825,1.0
2018-11-14,20.0008,20.0008,20.0008,20.0008,1.0
2018-11-15,20.0163,20.0163,20.0163,20.0163,1.0
2018-11-16,20.0164,20.0164,20.0164,20.0164,1.0
2018-11-19,20.0307,20.0307,20.0307,20.0307,1.0
2018-11-20,20.0422,20.0422,20.0422,20.0422,1.0
2018-11-22,20.0611,20.0611,20.0611,20.0611,1.0
2018-11-26,20.0817,20.0817,20.0817,20.0817,1.0
2018-11-27,20.0866,20.0866,20.0866,20.0866,1.0
2018-11-28,20.1048,20.1048,20.1048,20.1048,1.0
2018-11-29,20.1294,20.1294,20.1294,20.1294,1.0
2018-11-30,20.1431,20.1431,20.1431,20.1431,1.0
2018-12-03,20.1523,20.1523,20.1523,20.1523,1.0
2018-12-04,20.1638,20.1638,20.1638,20.1638,1.0
2018-12-05,20.1975,20.1975,20.1975,20.1975,1.0
2018-12-06,20.2099,20.2099,20.2099,20.2099,1.0
2018-12-07,20.2048,20.2048,20.2048,20.2048,1.0
2018-12-10,20.1836,20.1836,20.1836,20.1836,1.0
2018-12-11,20.1794,20.1794,20.1794,20.1794,1.0
2018-12-12,20.2046,20.2046,20.2046,20.2046,1.0
2018-12-13,20.2045,20.2045,20.2045,20.2045,1.0
2018-12-14,20.2072,20.2072,20.2072,20.2072,1.0
2018-12-17,20.2203,20.2203,20.2203,20.2203,1.0
2018-12-18,20.2324,20.2324,20.2324,20.2324,1.0
2018-12-19,20.2722,20.2722,20.2722,20.2722,1.0
2018-12-20,20.2837,20.2837,20.2837,20.2837,1.0
2018-12-21,20.2917,20.2917,20.2917,20.2917,1.0
2018-12-24,20.3003,20.3003,20.3003,20.3003,1.0
2018-12-26,20.3236,20.3236,20.3236,20.3236,1.0
2018-12-27,20.3346,20.3346,20.3346,20.3346,1.0
2018-12-28,20.3232,20.3232,20.3232,20.3232,1.0
2018-12-31,20.3367,20.3367,20.3367,20.3367,1.0
2019-01-01,20.3302,20.3302,20.3302,20.3302,1.0
2019-01-02,20.3394,20.3394,20.3394,20.3394,1.0
2019-01-03,20.3376,20.3376,20.3376,20.3376,1.0
2019-01-04,20.3414,20.3414,20.3414,20.3414,1.0
2019-01-07,20.3479,20.3479,20.3479,20.3479,1.0
2019-01-08,20.369,20.369,20.369,20.369,1.0
2019-01-09,20.3756,20.3756,20.3756,20.3756,1.0
2019-01-10,20.3813,20.3813,20.3813,20.3813,1.0
2019-01-11,20.3953,20.3953,20.3953,20.3953,1.0
2019-01-14,20.4259,20.4259,20.4259,20.4259,1.0
2019-01-15,20.426,20.426,20.426,20.426,1.0
2019-01-16,20.4206,20.4206,20.4206,20.4206,1.0
2019-01-17,20.4225,20.4225,20.4225,20.4225,1.0
2019-01-18,20.4185,20.4185,20.4185,20.4185,1.0
2019-01-21,20.4182,20.4182,20.4182,20.4182,1.0
2019-01-22,20.4429,20.4429,20.4429,20.4429,1.0
2019-01-23,20.4435,20.4435,20.4435,20.4435,1.0
2019-01-24,20.4483,20.4483,20.4483,20.4483,1.0
2019-01-25,20.4523,20.4523,20.4523,20.4523,1.0
2019-01-28,20.4646,20.4646,20.4646,20.4646,1.0
2019-01-29,20.4673,20.4673,20.4673,20.4673,1.0
2019-01-30,20.4634,20.4634,20.4634,20.4634,1.0
2019-01-31,20.4744,20.4744,20.4744,20.4744,1.0
2019-02-01,20.442,20.442,20.442,20.442,1.0
2019-02-04,20.4406,20.4406,20.4406,20.4406,1.0
2019-02-05,20.4449,20.4449,20.4449,20.4449,1.0
2019-02-06,20.4577,20.4577,20.4577,20.4577,1.0
2019-02-07,20.5064,20.5064,20.5064,20.5064,1.0
2019-02-08,20.5228,20.5228,20.5228,20.5228,1.0
2019-02-11,20.5331,20.5331,20.5331,20.5331,1.0
2019-02-12,20.531,20.531,20.531,20.531,1.0
2019-02-13,20.5749,20.5749,20.5749,20.5749,1.0
2019-02-14,20.5694,20.5694,20.5694,20.5694,1.0
2019-02-15,20.5616,20.5616,20.5616,20.5616,1.0
2019-02-18,20.5524,20.5524,20.5524,20.5524,1.0
2019-02-20,20.569,20.569,20.569,20.569,1.0
2019-02-21,20.5706,20.5706,20.5706,20.5706,1.0
2019-02-22,20.5736,20.5736,20.5736,20.5736,1.0
2019-02-25,20.587,20.587,20.587,20.587,1.0
2019-02-26,20.5868,20.5868,20.5868,20.5868,1.0
2019-02-27,20.5667,20.5667,20.5667,20.5667,1.0
2019-02-28,20.5822,20.5822,20.5822,20.5822,1.0
2019-03-01,20.6034,20.6034,20.6034,20.6034,1.0
2019-03-05,20.6335,20.6335,20.6335,20.6335,1.0
2019-03-06,20.6429,20.6429,20.6429,20.6429,1.0
2019-03-07,20.6673,20.6673,20.6673,20.6673,1.0
2019-03-08,20.6872,20.6872,20.6872,20.6872,1.0
2019-03-11,20.7215,20.7215,20.7215,20.7215,1.0
2019-03-12,20.7415,20.7415,20.7415,20.7415,1.0
2019-03-13,20.7435,20.7435,20.7435,20.7435,1.0
2019-03-14,20.7818,20.7818,20.7818,20.7818,1.0
2019-03-15,20.7914,20.7914,20.7914,20.7914,1.0
2019-03-18,20.8162,20.8162,20.8162,20.8162,1.0
2019-03-19,20.8056,20.8056,20.8056,20.8056,1.0
2019-03-20,20.8252,20.8252,20.8252,20.8252,1.0
2019-03-22,20.8488,20.8488,20.8488,20.8488,1.0
2019-03-25,20.879,20.879,20.879,20.879,1.0
2019-03-26,20.8786,20.8786,20.8786,20.8786,1.0
2019-03-27,20.8797,20.8797,20.8797,20.8797,1.0
2019-03-28,20.9051,20.9051,20.9051,20.9051,1.0
2019-03-29,20.9357,20.9357,20.9357,20.9357,1.0
2019-04-02,20.9998,20.9998,20.9998,20.9998,1.0
2019-04-03,20.9944,20.9944,20.9944,20.9944,1.0
2019-04-04,20.9649,20.9649,20.9649,20.9649,1.0
2019-04-05,20.9533,20.9533,20.9533,20.9533,1.0
2019-04-08,20.9321,20.9321,20.9321,20.9321,1.0
2019-04-09,20.9371,20.9371,20.9371,20.9371,1.0
2019-04-10,20.9504,20.9504,20.9504,20.9504,1.0
2019-04-11,20.9449,20.9449,20.9449,20.9449,1.0
2019-04-12,20.9325,20.9325,20.9325,20.9325,1.0
2019-04-15,20.9348,20.9348,20.9348,20.9348,1.0
2019-04-16,20.9356,20.9356,20.9356,20.9356,1.0
2019-04-18,20.9391,20.9391,20.9391,20.9391,1.0
2019-04-22,20.9216,20.9216,20.9216,20.9216,1.0
2019-04-23,20.9235,20.9235,20.9235,20.9235,1.0
2019-04-24,20.9351,20.9351,20.9351,20.9351,1.0
2019-04-25,20.9246,20.9246,20.9246,20.9246,1.0
2019-04-26,20.9387,20.9387,20.9387,20.9387,1.0
2019-04-30,20.9553,20.9553,20.9553,20.9553,1.0
2019-05-02,20.9569,20.9569,20.9569,20.9569,1.0
2019-05-03,20.9543,20.9543,20.9543,20.9543,1.0
2019-05-06,20.9689,20.9689,20.9689,20.9689,1.0
2019-05-07,20.9763,20.9763,20.9763,20.9763,1.0
2019-05-08,20.9861,20.9861,20.9861,20.9861,1.0
2019-05-09,20.991,20.991,20.991,20.991,1.0
2019-05-10,20.9931,20.9931,20.9931,20.9931,1.0
2019-05-13,21.0128,21.0128,21.0128,21.0128,1.0
2019-05-14,21.0315,21.0315,21.0315,21.0315,1.0
2019-05-15,21.0375,21.0375,21.0375,21.0375,1.0
2019-05-16,21.0405,21.0405,21.0405,21.0405,1.0
2019-05-17,21.0596,21.0596,21.0596,21.0596,1.0
2019-05-20,21.108,21.108,21.108,21.108,1.0
2019-05-21,21.1077,21.1077,21.1077,21.1077,1.0
2019-05-22,21.1168,21.1168,21.1168,21.1168,1.0
2019-05-23,21.1568,21.1568,21.1568,21.1568,1.0
2019-05-24,21.1841,21.1841,21.1841,21.1841,1.0
2019-05-27,21.2503,21.2503,21.2503,21.2503,1.0
2019-05-28,21.2601,21.2601,21.2601,21.2601,1.0
2019-05-29,21.2623,21.2623,21.2623,21.2623,1.0
2019-05-30,21.2558,21.2558,21.2558,21.2558,1.0
2019-05-31,21.3004,21.3004,21.3004,21.3004,1.0
2019-06-03,21.3288,21.3288,21.3288,21.3288,1.0
2019-06-04,21.3186,21.3186,21.3186,21.3186,1.0
2019-06-06,21.3675,21.3675,21.3675,21.3675,1.0
2019-06-07,21.3402,21.3402,21.3402,21.3402,1.0
2019-06-10,21.3117,21.3117,21.3117,21.3117,1.0
2019-06-11,21.3172,21.3172,21.3172,21.3172,1.0
2019-06-12,21.3345,21.3345,21.3345,21.3345,1.0
2019-06-13,21.3431,21.3431,21.3431,21.3431,1.0
2019-06-14,21.3747,21.3747,21.3747,21.3747,1.0
2019-06-17,21.3848,21.3848,21.3848,21.3848,1.0
2019-06-18,21.4292,21.4292,21.4292,21.4292,1.0
2019-06-19,21.44,21.44,21.44,21.44,1.0
2019-06-20,21.4629,21.4629,21.4629,21.4629,1.0
2019-06-21,21.4335,21.4335,21.4335,21.4335,1.0
2019-06-24,21.4354,21.4354,21.4354,21.4354,1.0
2019-06-25,21.421,21.421,21.421,21.421,1.0
2019-06-26,21.3983,21.3983,21.3983,21.3983,1.0
2019-06-27,21.4111,21.4111,21.4111,21.4111,1.0
2019-06-28,21.4213,21.4213,21.4213,21.4213,1.0
2019-07-01,21.4228,21.4228,21.4228,21.4228,1.0
2019-07-02,21.4383,21.4383,21.4383,21.4383,1.0
2019-07-03,21.4679,21.4679,21.4679,21.4679,1.0
2019-07-04,21.5004,21.5004,21.5004,21.5004,1.0
2019-07-05,21.5513,21.5513,21.5513,21.5513,1.0
2019-07-08,21.6215,21.6215,21.6215,21.6215,1.0
2019-07-09,21.6223,21.6223,21.6223,21.6223,1.0
2019-07-10,21.6488,21.6488,21.6488,21.6488,1.0
2019-07-11,21.6747,21.6747,21.6747,21.6747,1.0
2019-07-12,21.6878,21.6878,21.6878,21.6878,1.0
2019-07-15,21.7291,21.7291,21.7291,21.7291,1.0
2019-07-16,21.7719,21.7719,21.7719,21.7719,1.0
2019-07-17,21.762,21.762,21.762,21.762,1.0
2019-07-18,21.757,21.757,21.757,21.757,1.0
2019-07-19,21.7689,21.7689,21.7689,21.7689,1.0
2019-07-22,21.7492,21.7492,21.7492,21.7492,1.0
2019-07-23,21.7273,21.7273,21.7273,21.7273,1.0
2019-07-24,21.7399,21.7399,21.7399,21.7399,1.0
2019-07-25,21.6885,21.6885,21.6885,21.6885,1.0
2019-07-26,21.6947,21.6947,21.6947,21.6947,1.0
2019-07-29,21.755,21.755,21.755,21.755,1.0
2019-07-30,21.7778,21.7778,21.7778,21.7778,1.0
2019-07-31,21.7971,21.7971,21.7971,21.7971,1.0
2019-08-01,21.7943,21.7943,21.7943,21.7943,1.0
2019-08-02,21.8472,21.8472,21.8472,21.8472,1.0
2019-08-05,21.8353,21.8353,21.8353,21.8353,1.0
2019-08-06,21.8586,21.8586,21.8586,21.8586,1.0
2019-08-07,21.8955,21.8955,21.8955,21.8955,1.0
2019-08-08,21.9176,21.9176,21.9176,21.9176,1.0
2019-08-09,21.8766,21.8766,21.8766,21.8766,1.0
2019-08-13,21.882,21.882,21.882,21.882,1.0
2019-08-14,21.8242,21.8242,21.8242,21.8242,1.0
2019-08-16,21.8668,21.8668,21.8668,21.8668,1.0
2019-08-19,21.8728,21.8728,21.8728,21.8728,1.0
2019-08-20,21.8963,21.8963,21.8963,21.8963,1.0
2019-08-21,21.917,21.917,21.917,21.917,1.0
2019-08-22,21.9371,21.9371,21.9371,21.9371,1.0
2019-08-23,21.9459,21.9459,21.9459,21.9459,1.0
2019-08-26,21.9911,21.9911,21.9911,21.9911,1.0
2019-08-27,21.9881,21.9881,21.9881,21.9881,1.0
2019-08-28,21.9836,21.9836,21.9836,21.9836,1.0
2019-08-29,21.9722,21.9722,21.9722,21.9722,1.0
2019-08-30,21.9728,21.9728,21.9728,21.9728,1.0
2019-09-03,22.0192,22.0192,22.0192,22.0192,1.0
2019-09-04,22.0338,22.0338,22.0338,22.0338,1.0
2019-09-05,22.0299,22.0299,22.0299,22.0299,1.0
2019-09-06,22.026,22.026,22.026,22.026,1.0
2019-09-09,22.0591,22.0591,22.0591,22.0591,1.0
2019-09-11,22.0343,22.0343,22.0343,22.0343,1.0
2019-09-12,22.0203,22.0203,22.0203,22.0203,1.0
2019-09-13,22.039,22.039,22.039,22.039,1.0
2019-09-16,22.0268,22.0268,22.0268,22.0268,1.0
2019-09-17,22.0107,22.0107,22.0107,22.0107,1.0
2019-09-18,22.0578,22.0578,22.0578,22.0578,1.0
2019-09-19,22.0538,22.0538,22.0538,22.0538,1.0
2019-09-20,21.9565,21.9565,21.9565,21.9565,1.0
2019-09-23,21.9816,21.9816,21.9816,21.9816,1.0
2019-09-24,21.9697,21.9697,21.9697,21.9697,1.0
2019-09-25,21.9768,21.9768,21.9768,21.9768,1.0
2019-09-26,21.9908,21.9908,21.9908,21.9908,1.0
2019-09-27,21.9922,21.9922,21.9922,21.9922,1.0
2019-09-30,22.01,22.01,22.01,22.01,1.0
2019-10-01,22.0291,22.0291,22.0291,22.0291,1.0
2019-10-03,22.0693,22.0693,22.0693,22.0693,1.0
2019-10-04,22.0539,22.0539,22.0539,22.0539,1.0
2019-10-07,22.0645,22.0645,22.0645,22.0645,1.0
2019-10-09,22.0804,22.0804,22.0804,22.0804,1.0
2019-10-10,22.0805,22.0805,22.0805,22.0805,1.0
2019-10-11,22.0751,22.0751,22.0751,22.0751,1.0
2019-10-14,22.1023,22.1023,22.1023,22.1023,1.0
2019-10-15,22.112,22.112,22.112,22.112,1.0
2019-10-16,22.1274,22.1274,22.1274,22.1274,1.0
2019-10-17,21.9423,21.9423,21.9423,21.9423,1.0
2019-10-18,22.1191,22.1191,22.1191,22.1191,1.0
2019-10-22,22.1469,22.1469,22.1469,22.1469,1.0
2019-10-23,22.1584,22.1584,22.1584,22.1584,1.0
2019-10-24,22.1666,22.1666,22.1666,22.1666,1.0
2019-10-25,22.177,22.177,22.177,22.177,1.0
2019-10-29,22.2005,22.2005,22.2005,22.2005,1.0
2019-10-30,22.2195,22.2195,22.2195,22.2195,1.0
2019-10-31,22.2486,22.2486,22.2486,22.2486,1.0
2019-11-01,22.2752,22.2752,22.2752,22.2752,1.0
2019-11-04,22.275,22.275,22.275,22.275,1.0
2019-11-05,22.2666,22.2666,22.2666,22.2666,1.0
2019-11-06,22.2418,22.2418,22.2418,22.2418,1.0
2019-11-07,22.2435,22.2435,22.2435,22.2435,1.0
2019-11-08,22.2292,22.2292,22.2292,22.2292,1.0
2019-11-11,22.2296,22.2296,22.2296,22.2296,1.0
2019-11-13,22.2579,22.2579,22.2579,22.2579,1.0
2019-11-14,22.2828,22.2828,22.2828,22.2828,1.0
2019-11-15,22.2999,22.2999,22.2999,22.2999,1.0
2019-11-18,22.3262,22.3262,22.3262,22.3262,1.0
2019-11-19,22.3368,22.3368,22.3368,22.3368,1.0
2019-11-20,22.3559,22.3559,22.3559,22.3559,1.0
2019-11-21,22.3561,22.3561,22.3561,22.3561,1.0
2019-11-22,22.3605,22.3605,22.3605,22.3605,1.0
2019-11-25,22.3864,22.3864,22.3864,22.3864,1.0
2019-11-26,22.3951,22.3951,22.3951,22.3951,1.0
2019-11-27,22.3968,22.3968,22.3968,22.3968,1.0
2019-11-28,22.423,22.423,22.423,22.423,1.0
2019-11-29,22.4288,22.4288,22.4288,22.4288,1.0
2019-12-02,22.4366,22.4366,22.4366,22.4366,1.0
2019-12-03,22.4415,22.4415,22.4415,22.4415,1.0
2019-12-04,22.4592,22.4592,22.4592,22.4592,1.0
2019-12-05,22.3633,22.3633,22.3633,22.3633,1.0
2019-12-06,22.3417,22.3417,22.3417,22.3417,1.0
2019-12-09,22.3492,22.3492,22.3492,22.3492,1.0
2019-12-10,22.3288,22.3288,22.3288,22.3288,1.0
2019-12-11,22.3041,22.3041,22.3041,22.3041,1.0
2019-12-12,22.2997,22.2997,22.2997,22.2997,1.0
2019-12-13,22.2883,22.2883,22.2883,22.2883,1.0
2019-12-16,22.3071,22.3071,22.3071,22.3071,1.0
2019-12-17,22.3218,22.3218,22.3218,22.3218,1.0
2019-12-18,22.35,22.35,22.35,22.35,1.0
2019-12-19,22.3489,22.3489,22.3489,22.3489,1.0
2019-12-20,22.4188,22.4188,22.4188,22.4188,1.0
2019-12-23,22.4429,22.4429,22.4429,22.4429,1.0
2019-12-24,22.4452,22.4452,22.4452,22.4452,1.0
2019-12-26,22.4503,22.4503,22.4503,22.4503,1.0
2019-12-27,22.4651,22.4651,22.4651,22.4651,1.0
2019-12-30,22.4593,22.4593,22.4593,22.4593,1.0
2019-12-31,22.461,22.461,22.461,22.461,1.0
2020-01-01,22.4841,22.4841,22.4841,22.4841,1.0
2020-01-02,22.4897,22.4897,22.4897,22.4897,1.0
2020-01-03,22.5067,22.5067,22.5067,22.5067,1.0
2020-01-06,22.49,22.49,22.49,22.49,1.0
2020-01-07,22.5053,22.5053,22.5053,22.5053,1.0
2020-01-08,22.5099,22.5099,22.5099,22.5099,1.0
2020-01-09,22.5301,22.5301,22.5301,22.5301,1.0
2020-01-10,22.5112,22.5112,22.5112,22.5112,1.0
2020-01-13,22.5151,22.5151,22.5151,22.5151,1.0
2020-01-14,22.4833,22.4833,22.4833,22.4833,1.0
2020-01-15,22.497,22.497,22.497,22.497,1.0
2020-01-16,22.5116,22.5116,22.5116,22.5116,1.0
2020-01-17,22.5273,22.5273,22.5273,22.5273,1.0
2020-01-20,22.5371,22.5371,22.5371,22.5371,1.0
2020-01-21,22.5502,22.5502,22.5502,22.5502,1.0
2020-01-22,22.5643,22.5643,22.5643,22.5643,1.0
2020-01-23,22.5834,22.5834,22.5834,22.5834,1.0
2020-01-24,22.5971,22.5971,22.5971,22.5971,1.0
2020-01-27,22.6191,22.6191,22.6191,22.6191,1.0
2020-01-28,22.6223,22.6223,22.6223,22.6223,1.0
2020-01-29,22.6204,22.6204,22.6204,22.6204,1.0
2020-01-30,22.6224,22.6224,22.6224,22.6224,1.0
2020-01-31,22.6252,22.6252,22.6252,22.6252,1.0
2020-02-03,22.6842,22.6842,22.6842,22.6842,1.0
2020-02-04,22.6997,22.6997,22.6997,22.6997,1.0
2020-02-05,22.7018,22.7018,22.7018,22.7018,1.0
2020-02-06,22.7861,22.7861,22.7861,22.7861,1.0
2020-02-07,22.8485,22.8485,22.8485,22.8485,1.0
2020-02-10,22.8613,22.8613,22.8613,22.8613,1.0
2020-02-11,22.864,22.864,22.864,22.864,1.0
2020-02-12,22.8606,22.8606,22.8606,22.8606,1.0
2020-02-13,22.8901,22.8901,22.8901,22.8901,1.0
2020-02-14,22.9091,22.9091,22.9091,22.9091,1.0
2020-02-17,22.9288,22.9288,22.9288,22.9288,1.0
2020-02-18,22.909,22.909,22.909,22.909,1.0
2020-02-20,22.9101,22.9101,22.9101,22.9101,1.0
2020-02-24,22.9437,22.9437,22.9437,22.9437,1.0
2020-02-25,22.9333,22.9333,22.9333,22.9333,1.0
2020-02-26,22.9597,22.9597,22.9597,22.9597,1.0
2020-02-27,22.9555,22.9555,22.9555,22.9555,1.0
2020-02-28,22.9403,22.9403,22.9403,22.9403,1.0
2020-03-02,22.9595,22.9595,22.9595,22.9595,1.0
2020-03-03,22.9571,22.9571,22.9571,22.9571,1.0
2020-03-04,23.0229,23.0229,23.0229,23.0229,1.0
2020-03-05,23.0282,23.0282,23.0282,23.0282,1.0
2020-03-06,23.0459,23.0459,23.0459,23.0459,1.0
2020-03-09,23.0518,23.0518,23.0518,23.0518,1.0
2020-03-11,23.0235,23.0235,23.0235,23.0235,1.0
2020-03-12,22.9094,22.9094,22.9094,22.9094,1.0
2020-03-13,22.7922,22.7922,22.7922,22.7922,1.0
2020-03-16,22.7813,22.7813,22.7813,22.7813,1.0
2020-03-17,22.683,22.683,22.683,22.683,1.0
2020-03-18,22.5975,22.5975,22.5975,22.5975,1.0
2020-03-19,22.42,22.42,22.42,22.42,1.0
2020-03-20,22.5264,22.5264,22.5264,22.5264,1.0
2020-03-23,22.4299,22.4299,22.4299,22.4299,1.0
2020-03-24,22.4473,22.4473,22.4473,22.4473,1.0
2020-03-26,22.4856,22.4856,22.4856,22.4856,1.0
2020-03-27,23.0541,23.0541,23.0541,23.0541,1.0
2020-03-30,23.0297,23.0297,23.0297,23.0297,1.0
2020-03-31,23.0836,23.0836,23.0836,23.0836,1.0
2020-04-03,23.0439,23.0439,23.0439,23.0439,1.0
2020-04-07,22.9259,22.9259,22.9259,22.9259,1.0
2020-04-08,22.8162,22.8162,22.8162,22.8162,1.0
2020-04-09,22.8107,22.8107,22.8107,22.8107,1.0
2020-04-13,22.8357,22.8357,22.8357,22.8357,1.0
2020-04-15,22.8808,22.8808,22.8808,22.8808,1.0
2020-04-16,22.9442,22.9442,22.9442,22.9442,1.0
2020-04-17,23.069,23.069,23.069,23.069,1.0
2020-04-20,23.193,23.193,23.193,23.193,1.0
2020-04-21,23.2388,23.2388,23.2388,23.2388,1.0
2020-04-22,23.2529,23.2529,23.2529,23.2529,1.0
2020-04-23,23.308,23.308,23.308,23.308,1.0
2020-04-24,23.1624,23.1624,23.1624,23.1624,1.0
2020-04-27,23.1696,23.1696,23.1696,23.1696,1.0
2020-04-28,23.1398,23.1398,23.1398,23.1398,1.0
2020-04-29,23.149,23.149,23.149,23.149,1.0
2020-04-30,23.1487,23.1487,23.1487,23.1487,1.0
2020-05-04,23.2094,23.2094,23.2094,23.2094,1.0
2020-05-05,23.2556,23.2556,23.2556,23.2556,1.0
2020-05-06,23.3239,23.3239,23.3239,23.3239,1.0
2020-05-08,23.3703,23.3703,23.3703,23.3703,1.0
2020-05-11,23.3318,23.3318,23.3318,23.3318,1.0
2020-05-12,23.3791,23.3791,23.3791,23.3791,1.0
2020-05-13,23.4014,23.4014,23.4014,23.4014,1.0
2020-05-14,23.4428,23.4428,23.4428,23.4428,1.0
2020-05-15,23.4583,23.4583,23.4583,23.4583,1.0
2020-05-18,23.4871,23.4871,23.4871,23.4871,1.0
2020-05-19,23.5082,23.5082,23.5082,23.5082,1.0
2020-05-20,23.5262,23.5262,23.5262,23.5262,1.0
2020-05-21,23.5497,23.5497,23.5497,23.5497,1.0
2020-05-22,23.648,23.648,23.648,23.648,1.0
2020-05-26,23.6701,23.6701,23.6701,23.6701,1.0
2020-05-27,23.6725,23.6725,23.6725,23.6725,1.0
2020-05-28,23.6716,23.6716,23.6716,23.6716,1.0
2020-05-29,23.6674,23.6674,23.6674,23.6674,1.0
2020-06-01,23.6634,23.6634,23.6634,23.6634,1.0
2020-06-02,23.6517,23.6517,23.6517,23.6517,1.0
2020-06-03,23.6733,23.6733,23.6733,23.6733,1.0
2020-06-04,23.6677,23.6677,23.6677,23.6677,1.0
2020-06-05,23.6906,23.6906,23.6906,23.6906,1.0
2020-06-08,23.6916,23.6916,23.6916,23.6916,1.0
2020-06-09,23.704,23.704,23.704,23.704,1.0
2020-06-10,23.7233,23.7233,23.7233,23.7233,1.0
2020-06-11,23.7449,23.7449,23.7449,23.7449,1.0
2020-06-12,23.7534,23.7534,23.7534,23.7534,1.0
2020-06-15,23.7706,23.7706,23.7706,23.7706,1.0
2020-06-16,23.7969,23.7969,23.7969,23.7969,1.0
2020-06-17,23.8139,23.8139,23.8139,23.8139,1.0
2020-06-18,23.8516,23.8516,23.8516,23.8516,1.0
2020-06-19,23.9085,23.9085,23.9085,23.9085,1.0
2020-06-22,23.9356,23.9356,23.9356,23.9356,1.0
2020-06-23,23.9603,23.9603,23.9603,23.9603,1.0
2020-06-24,23.967,23.967,23.967,23.967,1.0
2020-06-25,24.0082,24.0082,24.0082,24.0082,1.0
2020-06-26,24.043,24.043,24.043,24.043,1.0
2020-06-29,24.0709,24.0709,24.0709,24.0709,1.0
2020-06-30,24.1023,24.1023,24.1023,24.1023,1.0
2020-07-01,24.1279,24.1279,24.1279,24.1279,1.0
2020-07-02,24.1564,24.1564,24.1564,24.1564,1.0
2020-07-03,24.1778,24.1778,24.1778,24.1778,1.0
2020-07-06,24.2099,24.2099,24.2099,24.2099,1.0
2020-07-07,24.2473,24.2473,24.2473,24.2473,1.0
2020-07-08,24.289,24.289,24.289,24.289,1.0
2020-07-09,24.313,24.313,24.313,24.313,1.0
2020-07-10,24.3754,24.3754,24.3754,24.3754,1.0
2020-07-13,24.3931,24.3931,24.3931,24.3931,1.0
2020-07-14,24.375,24.375,24.375,24.375,1.0
2020-07-15,24.3986,24.3986,24.3986,24.3986,1.0
2020-07-16,24.3988,24.3988,24.3988,24.3988,1.0
2020-07-17,24.3991,24.3991,24.3991,24.3991,1.0
2020-07-20,24.4138,24.4138,24.4138,24.4138,1.0
2020-07-21,24.4093,24.4093,24.4093,24.4093,1.0
2020-07-22,24.3984,24.3984,24.3984,24.3984,1.0
2020-07-23,24.4026,24.4026,24.4026,24.4026,1.0
2020-07-24,24.4078,24.4078,24.4078,24.4078,1.0
2020-07-27,24.3898,24.3898,24.3898,24.3898,1.0
2020-07-28,24.3727,24.3727,24.3727,24.3727,1.0
2020-07-29,24.3839,24.3839,24.3839,24.3839,1.0
2020-07-30,24.3988,24.3988,24.3988,24.3988,1.0
2020-07-31,24.4232,24.4232,24.4232,24.4232,1.0
2020-08-03,24.4364,24.4364,24.4364,24.4364,1.0
2020-08-04,24.4421,24.4421,24.4421,24.4421,1.0
2020-08-05,24.4463,24.4463,24.4463,24.4463,1.0
2020-08-06,24.4162,24.4162,24.4162,24.4162,1.0
2020-08-07,24.4052,24.4052,24.4052,24.4052,1.0
2020-08-10,24.395,24.395,24.395,24.395,1.0
2020-08-11,24.3889,24.3889,24.3889,24.3889,1.0
2020-08-12,24.3776,24.3776,24.3776,24.3776,1.0
2020-08-13,24.3931,24.3931,24.3931,24.3931,1.0
2020-08-14,24.3787,24.3787,24.3787,24.3787,1.0
2020-08-17,24.3808,24.3808,24.3808,24.3808,1.0
2020-08-18,24.3672,24.3672,24.3672,24.3672,1.0
2020-08-19,24.3556,24.3556,24.3556,24.3556,1.0
2020-08-20,24.3718,24.3718,24.3718,24.3718,1.0
2020-08-21,24.2999,24.2999,24.2999,24.2999,1.0
2020-08-24,24.2451,24.2451,24.2451,24.2451,1.0
2020-08-25,24.2669,24.2669,24.2669,24.2669,1.0
2020-08-26,24.2517,24.2517,24.2517,24.2517,1.0
2020-08-27,24.2369,24.2369,24.2369,24.2369,1.0
2020-08-28,24.2256,24.2256,24.2256,24.2256,1.0
2020-08-31,24.3204,24.3204,24.3204,24.3204,1.0
2020-09-01,24.4293,24.4293,24.4293,24.4293,1.0
2020-09-02,24.4435,24.4435,24.4435,24.4435,1.0
2020-09-03,24.4914,24.4914,24.4914,24.4914,1.0
2020-09-04,24.496,24.496,24.496,24.496,1.0
2020-09-07,24.4601,24.4601,24.4601,24.4601,1.0
2020-09-08,24.4031,24.4031,24.4031,24.4031,1.0
2020-09-09,24.4184,24.4184,24.4184,24.4184,1.0
2020-09-10,24.4042,24.4042,24.4042,24.4042,1.0
2020-09-11,24.3952,24.3952,24.3952,24.3952,1.0
2020-09-14,24.4023,24.4023,24.4023,24.4023,1.0
2020-09-15,24.3931,24.3931,24.3931,24.3931,1.0
2020-09-16,24.4137,24.4137,24.4137,24.4137,1.0
2020-09-17,24.4142,24.4142,24.4142,24.4142,1.0
2020-09-18,24.4251,24.4251,24.4251,24.4251,1.0
2020-09-21,24.4356,24.4356,24.4356,24.4356,1.0
2020-09-22,24.4338,24.4338,24.4338,24.4338,1.0
2020-09-23,24.4436,24.4436,24.4436,24.4436,1.0
2020-09-24,24.4395,24.4395,24.4395,24.4395,1.0
2020-09-25,24.4272,24.4272,24.4272,24.4272,1.0
2020-09-28,24.4229,24.4229,24.4229,24.4229,1.0
2020-09-29,24.4254,24.4254,24.4254,24.4254,1.0
2020-09-30,24.4501,24.4501,24.4501,24.4501,1.0
2020-10-01,24.4816,24.4816,24.4816,24.4816,1.0
2020-10-05,24.5031,24.5031,24.5031,24.5031,1.0
2020-10-06,24.5121,24.5121,24.5121,24.5121,1.0
2020-10-07,24.5269,24.5269,24.5269,24.5269,1.0
2020-10-08,24.5435,24.5435,24.5435,24.5435,1.0
2020-10-09,24.6633,24.6633,24.6633,24.6633,1.0
2020-10-12,24.6842,24.6842,24.6842,24.6842,1.0
2020-10-13,24.7206,24.7206,24.7206,24.7206,1.0
2020-10-14,24.7344,24.7344,24.7344,24.7344,1.0
2020-10-15,24.7498,24.7498,24.7498,24.7498,1.0
2020-10-16,24.7481,24.7481,24.7481,24.7481,1.0
2020-10-19,24.7635,24.7635,24.7635,24.7635,1.0
2020-10-20,24.782,24.782,24.782,24.782,1.0
2020-10-21,24.7865,24.7865,24.7865,24.7865,1.0
2020-10-22,24.7807,24.7807,24.7807,24.7807,1.0
2020-10-23,24.8072,24.8072,24.8072,24.8072,1.0
2020-10-26,24.8473,24.8473,24.8473,24.8473,1.0
2020-10-27,24.837,24.837,24.837,24.837,1.0
2020-10-28,24.8311,24.8311,24.8311,24.8311,1.0
2020-10-29,24.8273,24.8273,24.8273,24.8273,1.0
2020-11-02,24.8354,24.8354,24.8354,24.8354,1.0
2020-11-03,24.8353,24.8353,24.8353,24.8353,1.0
2020-11-04,24.8351,24.8351,24.8351,24.8351,1.0
2020-11-05,24.8661,24.8661,24.8661,24.8661,1.0
2020-11-06,24.8799,24.8799,24.8799,24.8799,1.0
2020-11-09,24.8825,24.8825,24.8825,24.8825,1.0
2020-11-10,24.8818,24.8818,24.8818,24.8818,1.0
2020-11-11,24.8797,24.8797,24.8797,24.8797,1.0
2020-11-12,24.89,24.89,24.89,24.89,1.0
2020-11-13,24.9014,24.9014,24.9014,24.9014,1.0
2020-11-17,24.9285,24.9285,24.9285,24.9285,1.0
2020-11-18,24.9345,24.9345,24.9345,24.9345,1.0
2020-11-19,24.9528,24.9528,24.9528,24.9528,1.0
2020-11-20,24.9747,24.9747,24.9747,24.9747,1.0
2020-11-23,24.9849,24.9849,24.9849,24.9849,1.0
2020-11-24,24.9952,24.9952,24.9952,24.9952,1.0
2020-11-25,25.014,25.014,25.014,25.014,1.0
2020-11-26,25.0335,25.0335,25.0335,25.0335,1.0
2020-11-27,25.0324,25.0324,25.0324,25.0324,1.0
2020-12-01,25.0231,25.0231,25.0231,25.0231,1.0
2020-12-02,25.012,25.012,25.012,25.012,1.0
2020-12-03,25.0138,25.0138,25.0138,25.0138,1.0
2020-12-04,25.0573,25.0573,25.0573,25.0573,1.0
2020-12-07,25.0632,25.0632,25.0632,25.0632,1.0
2020-12-08,25.0595,25.0595,25.0595,25.0595,1.0
2020-12-09,25.0635,25.0635,25.0635,25.0635,1.0
2020-12-10,25.0683,25.0683,25.0683,25.0683,1.0
2020-12-11,25.0526,25.0526,25.0526,25.0526,1.0
2020-12-14,25.0619,25.0619,25.0619,25.0619,1.0
2020-12-15,25.0848,25.0848,25.0848,25.0848,1.0
2020-12-16,25.09,25.09,25.09,25.09,1.0
2020-12-17,25.1005,25.1005,25.1005,25.1005,1.0
2020-12-18,25.1074,25.1074,25.1074,25.1074,1.0
2020-12-21,25.0934,25.0934,25.0934,25.0934,1.0
2020-12-22,25.1054,25.1054,25.1054,25.1054,1.0
2020-12-23,25.1117,25.1117,25.1117,25.1117,1.0
2020-12-24,25.124,25.124,25.124,25.124,1.0
2020-12-28,25.1545,25.1545,25.1545,25.1545,1.0
2020-12-29,25.1574,25.1574,25.1574,25.1574,1.0
2020-12-30,25.1712,25.1712,25.1712,25.1712,1.0
2020-12-31,25.176,25.176,25.176,25.176,1.0
2021-01-01,25.19,25.19,25.19,25.19,1.0
2021-01-04,25.2149,25.2149,25.2149,25.2149,1.0
2021-01-05,25.2346,25.2346,25.2346,25.2346,1.0
2021-01-06,25.2351,25.2351,25.2351,25.2351,1.0
2021-01-07,25.247,25.247,25.247,25.247,1.0
2021-01-08,25.2564,25.2564,25.2564,25.2564,1.0
2021-01-11,25.2206,25.2206,25.2206,25.2206,1.0
2021-01-12,25.1946,25.1946,25.1946,25.1946,1.0
2021-01-13,25.1875,25.1875,25.1875,25.1875,1.0
2021-01-14,25.1622,25.1622,25.1622,25.1622,1.0
2021-01-15,25.1539,25.1539,25.1539,25.1539,1.0
2021-01-18,25.1276,25.1276,25.1276,25.1276,1.0
2021-01-19,25.1279,25.1279,25.1279,25.1279,1.0
2021-01-20,25.143,25.143,25.143,25.143,1.0
2021-01-21,25.1445,25.1445,25.1445,25.1445,1.0
2021-01-22,25.1359,25.1359,25.1359,25.1359,1.0
2021-01-25,25.1418,25.1418,25.1418,25.1418,1.0
2021-01-27,25.1498,25.1498,25.1498,25.1498,1.0
2021-01-28,25.1519,25.1519,25.1519,25.1519,1.0
2021-01-29,25.1576,25.1576,25.1576,25.1576,1.0
2021-02-01,25.0604,25.0604,25.0604,25.0604,1.0
2021-02-02,24.9925,24.9925,24.9925,24.9925,1.0
2021-02-03,25.0072,25.0072,25.0072,25.0072,1.0
2021-02-04,25.0126,25.0126,25.0126,25.0126,1.0
2021-02-05,24.979,24.979,24.979,24.979,1.0
2021-02-08,24.9994,24.9994,24.9994,24.9994,1.0
2021-02-09,24.9767,24.9767,24.9767,24.9767,1.0
2021-02-10,24.9793,24.9793,24.9793,24.9793,1.0
2021-02-11,25.0023,25.0023,25.0023,25.0023,1.0
2021-02-12,25.0104,25.0104,25.0104,25.0104,1.0
2021-02-15,25.0227,25.0227,25.0227,25.0227,1.0
2021-02-16,25.0372,25.0372,25.0372,25.0372,1.0
2021-02-17,25.0185,25.0185,25.0185,25.0185,1.0
2021-02-18,25.0008,25.0008,25.0008,25.0008,1.0
2021-02-22,24.9568,24.9568,24.9568,24.9568,1.0
2021-02-23,24.9451,24.9451,24.9451,24.9451,1.0
2021-02-24,24.9573,24.9573,24.9573,24.9573,1.0
2021-02-25,24.9632,24.9632,24.9632,24.9632,1.0
2021-02-26,24.9438,24.9438,24.9438,24.9438,1.0
2021-03-01,24.9605,24.9605,24.9605,24.9605,1.0
2021-03-02,24.971,24.971,24.971,24.971,1.0
2021-03-03,24.9824,24.9824,24.9824,24.9824,1.0
2021-03-04,24.9887,24.9887,24.9887,24.9887,1.0
2021-03-05,24.9715,24.9715,24.9715,24.9715,1.0
2021-03-08,24.9769,24.9769,24.9769,24.9769,1.0
2021-03-09,24.9741,24.9741,24.9741,24.9741,1.0
2021-03-10,24.9714,24.9714,24.9714,24.9714,1.0
2021-03-12,24.9581,24.9581,24.9581,24.9581,1.0
2021-03-15,24.9182,24.9182,24.9182,24.9182,1.0
2021-03-16,24.9166,24.9166,24.9166,24.9166,1.0
2021-03-17,24.9248,24.9248,24.9248,24.9248,1.0
2021-03-18,24.937,24.937,24.937,24.937,1.0
2021-03-19,24.9837,24.9837,24.9837,24.9837,1.0
2021-03-22,25.0277,25.0277,25.0277,25.0277,1.0
2021-03-23,25.0836,25.0836,25.0836,25.0836,1.0
2021-03-24,25.1152,25.1152,25.1152,25.1152,1.0
2021-03-25,25.1304,25.1304,25.1304,25.1304,1.0
2021-03-26,25.1508,25.1508,25.1508,25.1508,1.0
2021-03-30,25.1681,25.1681,25.1681,25.1681,1.0
2021-03-31,25.1835,25.1835,25.1835,25.1835,1.0
2021-04-05,25.2283,25.2283,25.2283,25.2283,1.0
2021-04-06,25.2539,25.2539,25.2539,25.2539,1.0
2021-04-07,25.2594,25.2594,25.2594,25.2594,1.0
2021-04-08,25.2634,25.2634,25.2634,25.2634,1.0
2021-04-09,25.2724,25.2724,25.2724,25.2724,1.0
2021-04-12,25.2809,25.2809,25.2809,25.2809,1.0
2021-04-15,25.2534,25.2534,25.2534,25.2534,1.0
2021-04-16,25.239,25.239,25.239,25.239,1.0
2021-04-19,25.2581,25.2581,25.2581,25.2581,1.0
2021-04-20,25.2636,25.2636,25.2636,25.2636,1.0
2021-04-22,25.2768,25.2768,25.2768,25.2768,1.0
2021-04-23,25.2857,25.2857,25.2857,25.2857,1.0
2021-04-26,25.325,25.325,25.325,25.325,1.0
2021-04-27,25.3485,25.3485,25.3485,25.3485,1.0
2021-04-28,25.3631,25.3631,25.3631,25.3631,1.0
2021-04-29,25.3688,25.3688,25.3688,25.3688,1.0
2021-04-30,25.3835,25.3835,25.3835,25.3835,1.0
2021-05-03,25.3992,25.3992,25.3992,25.3992,1.0
2021-05-04,25.4012,25.4012,25.4012,25.4012,1.0
2021-05-05,25.4171,25.4171,25.4171,25.4171,1.0
2021-05-06,25.417,25.417,25.417,25.417,1.0
2021-05-07,25.4207,25.4207,25.4207,25.4207,1.0
2021-05-10,25.4235,25.4235,25.4235,25.4235,1.0
2021-05-11,25.448,25.448,25.448,25.448,1.0
2021-05-12,25.4469,25.4469,25.4469,25.4469,1.0
2021-05-14,25.4534,25.4534,25.4534,25.4534,1.0
2021-05-17,25.4676,25.4676,25.4676,25.4676,1.0
2021-05-18,25.4697,25.4697,25.4697,25.4697,1.0
2021-05-19,25.4993,25.4993,25.4993,25.4993,1.0
2021-05-20,25.4958,25.4958,25.4958,25.4958,1.0
2021-05-21,25.5084,25.5084,25.5084,25.5084,1.0
2021-05-24,25.5214,25.5214,25.5214,25.5214,1.0
2021-05-25,25.5447,25.5447,25.5447,25.5447,1.0
2021-05-27,25.5451,25.5451,25.5451,25.5451,1.0
2021-05-28,25.5383,25.5383,25.5383,25.5383,1.0
2021-05-31,25.5406,25.5406,25.5406,25.5406,1.0
2021-06-01,25.5382,25.5382,25.5382,25.5382,1.0
2021-06-02,25.542,25.542,25.542,25.542,1.0
2021-06-03,25.5603,25.5603,25.5603,25.5603,1.0
2021-06-04,25.5676,25.5676,25.5676,25.5676,1.0
2021-06-07,25.5896,25.5896,25.5896,25.5896,1.0
2021-06-08,25.5943,25.5943,25.5943,25.5943,1.0
2021-06-09,25.6228,25.6228,25.6228,25.6228,1.0
2021-06-10,25.6252,25.6252,25.6252,25.6252,1.0
2021-06-11,25.6382,25.6382,25.6382,25.6382,1.0
2021-06-14,25.6494,25.6494,25.6494,25.6494,1.0
2021-06-15,25.6233,25.6233,25.6233,25.6233,1.0
2021-06-16,25.5829,25.5829,25.5829,25.5829,1.0
2021-06-17,25.5723,25.5723,25.5723,25.5723,1.0
2021-06-18,25.5828,25.5828,25.5828,25.5828,1.0
2021-06-21,25.5955,25.5955,25.5955,25.5955,1.0
2021-06-22,25.586,25.586,25.586,25.586,1.0
2021-06-23,25.5851,25.5851,25.5851,25.5851,1.0
2021-06-24,25.5908,25.5908,25.5908,25.5908,1.0
2021-06-25,25.5818,25.5818,25.5818,25.5818,1.0
2021-06-28,25.576,25.576,25.576,25.576,1.0
2021-06-29,25.5744,25.5744,25.5744,25.5744,1.0
2021-06-30,25.5648,25.5648,25.5648,25.5648,1.0
2021-07-01,25.5722,25.5722,25.5722,25.5722,1.0
2021-07-02,25.5703,25.5703,25.5703,25.5703,1.0
2021-07-05,25.5848,25.5848,25.5848,25.5848,1.0
2021-07-06,25.5644,25.5644,25.5644,25.5644,1.0
2021-07-07,25.5804,25.5804,25.5804,25.5804,1.0
2021-07-08,25.6168,25.6168,25.6168,25.6168,1.0
2021-07-09,25.6221,25.6221,25.6221,25.6221,1.0
2021-07-12,25.5963,25.5963,25.5963,25.5963,1.0
2021-07-13,25.6226,25.6226,25.6226,25.6226,1.0
2021-07-14,25.6297,25.6297,25.6297,25.6297,1.0
2021-07-15,25.6456,25.6456,25.6456,25.6456,1.0
2021-07-16,25.6747,25.6747,25.6747,25.6747,1.0
2021-07-19,25.6891,25.6891,25.6891,25.6891,1.0
2021-07-20,25.6957,25.6957,25.6957,25.6957,1.0
2021-07-22,25.6972,25.6972,25.6972,25.6972,1.0
2021-07-23,25.7024,25.7024,25.7024,25.7024,1.0
2021-07-26,25.7194,25.7194,25.7194,25.7194,1.0
2021-07-27,25.7344,25.7344,25.7344,25.7344,1.0
2021-07-28,25.7358,25.7358,25.7358,25.7358,1.0
2021-07-29,25.7346,25.7346,25.7346,25.7346,1.0
2021-07-30,25.732,25.732,25.732,25.732,1.0
2021-08-02,25.7497,25.7497,25.7497,25.7497,1.0
2021-08-03,25.7561,25.7561,25.7561,25.7561,1.0
2021-08-04,25.7605,25.7605,25.7605,25.7605,1.0
2021-08-05,25.7729,25.7729,25.7729,25.7729,1.0
2021-08-06,25.7431,25.7431,25.7431,25.7431,1.0
2021-08-09,25.7613,25.7613,25.7613,25.7613,1.0
2021-08-10,25.7712,25.7712,25.7712,25.7712,1.0
2021-08-11,25.7702,25.7702,25.7702,25.7702,1.0
2021-08-12,25.7836,25.7836,25.7836,25.7836,1.0
2021-08-13,25.7985,25.7985,25.7985,25.7985,1.0
2021-08-17,25.8245,25.8245,25.8245,25.8245,1.0
2021-08-18,25.8501,25.8501,25.8501,25.8501,1.0
2021-08-20,25.8622,25.8622,25.8622,25.8622,1.0
2021-08-23,25.8761,25.8761,25.8761,25.8761,1.0
2021-08-24,25.8817,25.8817,25.8817,25.8817,1.0
2021-08-25,25.8882,25.8882,25.8882,25.8882,1.0
2021-08-26,25.883,25.883,25.883,25.883,1.0
2021-08-27,25.89,25.89,25.89,25.89,1.0
2021-08-30,25.9191,25.9191,25.9191,25.9191,1.0
2021-08-31,25.9256,25.9256,25.9256,25.9256,1.0
2021-09-01,25.9413,25.9413,25.9413,25.9413,1.0
2021-09-02,25.9642,25.9642,25.9642,25.9642,1.0
2021-09-03,25.9726,25.9726,25.9726,25.9726,1.0
2021-09-06,25.9761,25.9761,25.9761,25.9761,1.0
2021-09-07,25.9741,25.9741,25.9741,25.9741,1.0
2021-09-08,25.9889,25.9889,25.9889,25.9889,1.0
2021-09-09,25.9905,25.9905,25.9905,25.9905,1.0
2021-09-13,26.0089,26.0089,26.0089,26.0089,1.0
2021-09-14,26.0157,26.0157,26.0157,26.0157,1.0
2021-09-15,26.0301,26.0301,26.0301,26.0301,1.0
2021-09-16,26.0428,26.0428,26.0428,26.0428,1.0
2021-09-17,26.0474,26.0474,26.0474,26.0474,1.0
2021-09-20,26.066,26.066,26.066,26.066,1.0
2021-09-21,26.0664,26.0664,26.0664,26.0664,1.0
2021-09-22,26.0805,26.0805,26.0805,26.0805,1.0
2021-09-23,26.0859,26.0859,26.0859,26.0859,1.0
2021-09-24,26.0536,26.0536,26.0536,26.0536,1.0
2021-09-27,26.048,26.048,26.048,26.048,1.0
2021-09-28,26.0559,26.0559,26.0559,26.0559,1.0
2021-09-29,26.0458,26.0458,26.0458,26.0458,1.0
2021-09-30,26.0521,26.0521,26.0521,26.0521,1.0
2021-10-01,26.0455,26.0455,26.0455,26.0455,1.0
2021-10-04,26.0593,26.0593,26.0593,26.0593,1.0
2021-10-05,26.0494,26.0494,26.0494,26.0494,1.0
2021-10-06,26.0471,26.0471,26.0471,26.0471,1.0
2021-10-07,26.0416,26.0416,26.0416,26.0416,1.0
2021-10-08,26.0307,26.0307,26.0307,26.0307,1.0
2021-10-11,26.0324,26.0324,26.0324,26.0324,1.0
2021-10-12,26.0406,26.0406,26.0406,26.0406,1.0
2021-10-13,26.0538,26.0538,26.0538,26.0538,1.0
2021-10-14,26.0516,26.0516,26.0516,26.0516,1.0
2021-10-18,26.0485,26.0485,26.0485,26.0485,1.0
2021-10-20,26.0444,26.0444,26.0444,26.0444,1.0
2021-10-21,26.065,26.065,26.065,26.065,1.0
2021-10-22,26.0736,26.0736,26.0736,26.0736,1.0
2021-10-25,26.1001,26.1001,26.1001,26.1001,1.0
2021-10-26,26.0911,26.0911,26.0911,26.0911,1.0
2021-10-27,26.0912,26.0912,26.0912,26.0912,1.0
2021-10-28,26.0905,26.0905,26.0905,26.0905,1.0
2021-10-29,26.078,26.078,26.078,26.078,1.0
2021-11-01,26.0766,26.0766,26.0766,26.0766,1.0
2021-11-02,26.0777,26.0777,26.0777,26.0777,1.0
2021-11-03,26.0812,26.0812,26.0812,26.0812,1.0
2021-11-08,26.1219,26.1219,26.1219,26.1219,1.0
2021-11-09,26.1294,26.1294,26.1294,26.1294,1.0
2021-11-10,26.1309,26.1309,26.1309,26.1309,1.0
2021-11-11,26.1384,26.1384,26.1384,26.1384,1.0
2021-11-12,26.1474,26.1474,26.1474,26.1474,1.0
2021-11-15,26.1643,26.1643,26.1643,26.1643,1.0
2021-11-16,26.1625,26.1625,26.1625,26.1625,1.0
2021-11-17,26.1656,26.1656,26.1656,26.1656,1.0
2021-11-18,26.1687,26.1687,26.1687,26.1687,1.0
2021-11-22,26.1867,26.1867,26.1867,26.1867,1.0
2021-11-23,26.1906,26.1906,26.1906,26.1906,1.0
2021-11-24,26.1909,26.1909,26.1909,26.1909,1.0
2021-11-25,26.1914,26.1914,26.1914,26.1914,1.0
2021-11-26,26.1918,26.1918,26.1918,26.1918,1.0
2021-11-29,26.197,26.197,26.197,26.197,1.0
2021-11-30,26.2052,26.2052,26.2052,26.2052,1.0
2021-12-01,26.2077,26.2077,26.2077,26.2077,1.0
2021-12-02,26.2239,26.2239,26.2239,26.2239,1.0
2021-12-03,26.2189,26.2189,26.2189,26.2189,1.0
2021-12-06,26.2421,26.2421,26.2421,26.2421,1.0
2021-12-07,26.2394,26.2394,26.2394,26.2394,1.0
2021-12-08,26.256,26.256,26.256,26.256,1.0
2021-12-09,26.2601,26.2601,26.2601,26.2601,1.0
2021-12-10,26.2616,26.2616,26.2616,26.2616,1.0
2021-12-13,26.2628,26.2628,26.2628,26.2628,1.0
2021-12-14,26.282,26.282,26.282,26.282,1.0
2021-12-15,26.2851,26.2851,26.2851,26.2851,1.0
2021-12-16,26.2884,26.2884,26.2884,26.2884,1.0
2021-12-17,26.2741,26.2741,26.2741,26.2741,1.0
2021-12-20,26.261,26.261,26.261,26.261,1.0
2021-12-21,26.2328,26.2328,26.2328,26.2328,1.0
2021-12-22,26.2265,26.2265,26.2265,26.2265,1.0
2021-12-23,26.2286,26.2286,26.2286,26.2286,1.0
2021-12-24,26.2296,26.2296,26.2296,26.2296,1.0
2021-12-27,26.2359,26.2359,26.2359,26.2359,1.0
2021-12-28,26.2301,26.2301,26.2301,26.2301,1.0
2021-12-29,26.239,26.239,26.239,26.239,1.0
2021-12-30,26.2314,26.2314,26.2314,26.2314,1.0
2021-12-31,26.2391,26.2391,26.2391,26.2391,1.0
2022-01-03,26.2455,26.2455,26.2455,26.2455,1.0
2022-01-04,26.2164,26.2164,26.2164,26.2164,1.0
2022-01-05,26.2097,26.2097,26.2097,26.2097,1.0
2022-01-06,26.2027,26.2027,26.2027,26.2027,1.0
2022-01-07,26.205,26.205,26.205,26.205,1.0
2022-01-10,26.1862,26.1862,26.1862,26.1862,1.0
2022-01-11,26.2031,26.2031,26.2031,26.2031,1.0
2022-01-12,26.2083,26.2083,26.2083,26.2083,1.0
2022-01-13,26.2219,26.2219,26.2219,26.2219,1.0
2022-01-14,26.2281,26.2281,26.2281,26.2281,1.0
2022-01-17,26.2146,26.2146,26.2146,26.2146,1.0
2022-01-18,26.2172,26.2172,26.2172,26.2172,1.0
2022-01-19,26.2233,26.2233,26.2233,26.2233,1.0
2022-01-20,26.2321,26.2321,26.2321,26.2321,1.0
2022-01-21,26.2369,26.2369,26.2369,26.2369,1.0
2022-01-24,26.2401,26.2401,26.2401,26.2401,1.0
2022-01-25,26.2469,26.2469,26.2469,26.2469,1.0
2022-01-27,26.2253,26.2253,26.2253,26.2253,1.0
2022-01-28,26.2322,26.2322,26.2322,26.2322,1.0
2022-01-31,26.2639,26.2639,26.2639,26.2639,1.0
2022-02-01,26.1929,26.1929,26.1929,26.1929,1.0
2022-02-02,26.162,26.162,26.162,26.162,1.0
2022-02-03,26.1605,26.1605,26.1605,26.1605,1.0
2022-02-04,26.1628,26.1628,26.1628,26.1628,1.0
2022-02-08,26.2074,26.2074,26.2074,26.2074,1.0
2022-02-09,26.2357,26.2357,26.2357,26.2357,1.0
2022-02-10,26.3055,26.3055,26.3055,26.3055,1.0
2022-02-11,26.334,26.334,26.334,26.334,1.0
2022-02-14,26.3622,26.3622,26.3622,26.3622,1.0
2022-02-15,26.3564,26.3564,26.3564,26.3564,1.0
2022-02-16,26.3616,26.3616,26.3616,26.3616,1.0
2022-02-17,26.3618,26.3618,26.3618,26.3618,1.0
2022-02-18,26.3656,26.3656,26.3656,26.3656,1.0
2022-02-21,26.3719,26.3719,26.3719,26.3719,1.0
2022-02-22,26.3654,26.3654,26.3654,26.3654,1.0
2022-02-23,26.3711,26.3711,26.3711,26.3711,1.0
2022-02-24,26.3551,26.3551,26.3551,26.3551,1.0
2022-02-25,26.3521,26.3521,26.3521,26.3521,1.0
2022-02-28,26.3588,26.3588,26.3588,26.3588,1.0
2022-03-02,26.3438,26.3438,26.3438,26.3438,1.0
2022-03-03,26.3397,26.3397,26.3397,26.3397,1.0
2022-03-04,26.3475,26.3475,26.3475,26.3475,1.0
2022-03-07,26.327,26.327,26.327,26.327,1.0
2022-03-08,26.324,26.324,26.324,26.324,1.0
2022-03-09,26.3349,26.3349,26.3349,26.3349,1.0
2022-03-10,26.3501,26.3501,26.3501,26.3501,1.0
2022-03-11,26.3513,26.3513,26.3513,26.3513,1.0
2022-03-14,26.3642,26.3642,26.3642,26.3642,1.0
2022-03-15,26.388,26.388,26.388,26.388,1.0
2022-03-16,26.3823,26.3823,26.3823,26.3823,1.0
2022-03-17,26.418,26.418,26.418,26.418,1.0
2022-03-21,26.4315,26.4315,26.4315,26.4315,1.0
2022-03-22,26.4317,26.4317,26.4317,26.4317,1.0
2022-03-23,26.4345,26.4345,26.4345,26.4345,1.0
2022-03-24,26.4348,26.4348,26.4348,26.4348,1.0
2022-03-25,26.4426,26.4426,26.4426,26.4426,1.0
2022-03-28,26.4503,26.4503,26.4503,26.4503,1.0
2022-03-29,26.4544,26.4544,26.4544,26.4544,1.0
2022-03-30,26.4645,26.4645,26.4645,26.4645,1.0
2022-03-31,26.4814,26.4814,26.4814,26.4814,1.0
2022-04-04,26.4826,26.4826,26.4826,26.4826,1.0
2022-04-05,26.4932,26.4932,26.4932,26.4932,1.0
2022-04-06,26.484,26.484,26.484,26.484,1.0
2022-04-07,26.4853,26.4853,26.4853,26.4853,1.0
2022-04-08,26.3905,26.3905,26.3905,26.3905,1.0
2022-04-11,26.3508,26.3508,26.3508,26.3508,1.0
2022-04-12,26.338,26.338,26.338,26.338,1.0
2022-04-13,26.2835,26.2835,26.2835,26.2835,1.0
2022-04-18,26.3254,26.3254,26.3254,26.3254,1.0
2022-04-19,26.3406,26.3406,26.3406,26.3406,1.0
2022-04-20,26.3506,26.3506,26.3506,26.3506,1.0
2022-04-21,26.3496,26.3496,26.3496,26.3496,1.0
2022-04-22,26.3496,26.3496,26.3496,26.3496,1.0
2022-04-25,26.3848,26.3848,26.3848,26.3848,1.0
2022-04-26,26.3896,26.3896,26.3896,26.3896,1.0
2022-04-27,26.3981,26.3981,26.3981,26.3981,1.0
2022-04-28,26.3883,26.3883,26.3883,26.3883,1.0
2022-04-29,26.3883,26.3883,26.3883,26.3883,1.0
2022-05-02,26.3974,26.3974,26.3974,26.3974,1.0
2022-05-04,26.1491,26.1491,26.1491,26.1491,1.0
2022-05-05,26.1378,26.1378,26.1378,26.1378,1.0
2022-05-06,26.1046,26.1046,26.1046,26.1046,1.0
2022-05-09,26.1045,26.1045,26.1045,26.1045,1.0
2022-05-10,26.1398,26.1398,26.1398,26.1398,1.0
2022-05-11,26.1571,26.1571,26.1571,26.1571,1.0
2022-05-12,26.173,26.173,26.173,26.173,1.0
2022-05-13,26.1389,26.1389,26.1389,26.1389,1.0
2022-05-17,26.1462,26.1462,26.1462,26.1462,1.0
2022-05-18,26.1585,26.1585,26.1585,26.1585,1.0
2022-05-19,26.1612,26.1612,26.1612,26.1612,1.0
2022-05-20,26.1462,26.1462,26.1462,26.1462,1.0
2022-05-23,26.1626,26.1626,26.1626,26.1626,1.0
2022-05-24,26.1827,26.1827,26.1827,26.1827,1.0
2022-05-25,26.1869,26.1869,26.1869,26.1869,1.0
2022-05-26,26.1936,26.1936,26.1936,26.1936,1.0
2022-05-27,26.1901,26.1901,26.1901,26.1901,1.0
2022-05-30,26.1947,26.1947,26.1947,26.1947,1.0
2022-05-31,26.2047,26.2047,26.2047,26.2047,1.0
2022-06-01,26.1675,26.1675,26.1675,26.1675,1.0
2022-06-02,26.1558,26.1558,26.1558,26.1558,1.0
2022-06-03,26.1346,26.1346,26.1346,26.1346,1.0
2022-06-06,26.1136,26.1136,26.1136,26.1136,1.0
2022-06-07,26.0845,26.0845,26.0845,26.0845,1.0
2022-06-08,26.1239,26.1239,26.1239,26.1239,1.0
2022-06-09,26.1464,26.1464,26.1464,26.1464,1.0
2022-06-10,26.1529,26.1529,26.1529,26.1529,1.0
2022-06-13,26.1155,26.1155,26.1155,26.1155,1.0
2022-06-14,26.1105,26.1105,26.1105,26.1105,1.0
2022-06-15,26.1026,26.1026,26.1026,26.1026,1.0
2022-06-16,26.1098,26.1098,26.1098,26.1098,1.0
2022-06-17,26.0923,26.0923,26.0923,26.0923,1.0
2022-06-20,26.1523,26.1523,26.1523,26.1523,1.0
2022-06-21,26.1631,26.1631,26.1631,26.1631,1.0
2022-06-22,26.1736,26.1736,26.1736,26.1736,1.0
2022-06-23,26.1808,26.1808,26.1808,26.1808,1.0
2022-06-24,26.1741,26.1741,26.1741,26.1741,1.0
2022-06-27,26.1874,26.1874,26.1874,26.1874,1.0
2022-06-28,26.1901,26.1901,26.1901,26.1901,1.0
2022-06-29,26.2004,26.2004,26.2004,26.2004,1.0
2022-06-30,26.2266,26.2266,26.2266,26.2266,1.0
2022-07-01,26.2405,26.2405,26.2405,26.2405,1.0
2022-07-04,26.2829,26.2829,26.2829,26.2829,1.0
2022-07-05,26.2978,26.2978,26.2978,26.2978,1.0
2022-07-06,26.3397,26.3397,26.3397,26.3397,1.0
2022-07-07,26.3431,26.3431,26.3431,26.3431,1.0
2022-07-08,26.3362,26.3362,26.3362,26.3362,1.0
2022-07-11,26.3342,26.3342,26.3342,26.3342,1.0
2022-07-12,26.3483,26.3483,26.3483,26.3483,1.0
2022-07-13,26.3756,26.3756,26.3756,26.3756,1.0
2022-07-14,26.3817,26.3817,26.3817,26.3817,1.0
2022-07-15,26.3741,26.3741,26.3741,26.3741,1.0
2022-07-18,26.3813,26.3813,26.3813,26.3813,1.0
2022-07-19,26.3764,26.3764,26.3764,26.3764,1.0
2022-07-20,26.3922,26.3922,26.3922,26.3922,1.0
2022-07-21,26.3937,26.3937,26.3937,26.3937,1.0
2022-07-22,26.3892,26.3892,26.3892,26.3892,1.0
2022-07-25,26.4105,26.4105,26.4105,26.4105,1.0
2022-07-26,26.415,26.415,26.415,26.415,1.0
2022-07-27,26.4207,26.4207,26.4207,26.4207,1.0
2022-07-28,26.4345,26.4345,26.4345,26.4345,1.0
2022-07-29,26.4513,26.4513,26.4513,26.4513,1.0
2022-08-01,26.4893,26.4893,26.4893,26.4893,1.0
2022-08-02,26.5153,26.5153,26.5153,26.5153,1.0
2022-08-03,26.507,26.507,26.507,26.507,1.0
2022-08-04,26.5337,26.5337,26.5337,26.5337,1.0
2022-08-05,26.4764,26.4764,26.4764,26.4764,1.0
2022-08-08,26.4832,26.4832,26.4832,26.4832,1.0
2022-08-10,26.5216,26.5216,26.5216,26.5216,1.0
2022-08-11,26.5435,26.5435,26.5435,26.5435,1.0
2022-08-12,26.5583,26.5583,26.5583,26.5583,1.0
2022-08-17,26.6311,26.6311,26.6311,26.6311,1.0
2022-08-18,26.6285,26.6285,26.6285,26.6285,1.0
2022-08-19,26.6212,26.6212,26.6212,26.6212,1.0
2022-08-22,26.6428,26.6428,26.6428,26.6428,1.0
2022-08-23,26.6483,26.6483,26.6483,26.6483,1.0
2022-08-24,26.6611,26.6611,26.6611,26.6611,1.0
2022-08-25,26.6664,26.6664,26.6664,26.6664,1.0
2022-08-26,26.6913,26.6913,26.6913,26.6913,1.0
2022-08-29,26.7129,26.7129,26.7129,26.7129,1.0
2022-08-30,26.7212,26.7212,26.7212,26.7212,1.0
2022-09-01,26.7302,26.7302,26.7302,26.7302,1.0
2022-09-02,26.7381,26.7381,26.7381,26.7381,1.0
2022-09-05,26.7486,26.7486,26.7486,26.7486,1.0
2022-09-06,26.7621,26.7621,26.7621,26.7621,1.0
2022-09-07,26.7684,26.7684,26.7684,26.7684,1.0
2022-09-08,26.7924,26.7924,26.7924,26.7924,1.0
2022-09-09,26.7876,26.7876,26.7876,26.7876,1.0
2022-09-12,26.7981,26.7981,26.7981,26.7981,1.0
2022-09-13,26.8184,26.8184,26.8184,26.8184,1.0
2022-09-14,26.8082,26.8082,26.8082,26.8082,1.0
2022-09-15,26.7899,26.7899,26.7899,26.7899,1.0
2022-09-16,26.7558,26.7558,26.7558,26.7558,1.0
2022-09-19,26.7586,26.7586,26.7586,26.7586,1.0
2022-09-20,26.7381,26.7381,26.7381,26.7381,1.0
2022-09-21,26.7387,26.7387,26.7387,26.7387,1.0
2022-09-22,26.72,26.72,26.72,26.72,1.0
2022-09-23,26.6653,26.6653,26.6653,26.6653,1.0
2022-09-26,26.6806,26.6806,26.6806,26.6806,1.0
2022-09-27,26.6723,26.6723,26.6723,26.6723,1.0
2022-09-28,26.6699,26.6699,26.6699,26.6699,1.0
2022-09-29,26.6935,26.6935,26.6935,26.6935,1.0
2022-09-30,26.7324,26.7324,26.7324,26.7324,1.0
2022-10-03,26.7152,26.7152,26.7152,26.7152,1.0
2022-10-04,26.74,26.74,26.74,26.74,1.0
2022-10-06,26.7338,26.7338,26.7338,26.7338,1.0
2022-10-07,26.7131,26.7131,26.7131,26.7131,1.0
2022-10-10,26.6992,26.6992,26.6992,26.6992,1.0
2022-10-11,26.6905,26.6905,26.6905,26.6905,1.0
2022-10-12,26.7021,26.7021,26.7021,26.7021,1.0
2022-10-13,26.6969,26.6969,26.6969,26.6969,1.0
2022-10-14,26.6993,26.6993,26.6993,26.6993,1.0
2022-10-17,26.7445,26.7445,26.7445,26.7445,1.0
2022-10-18,26.7558,26.7558,26.7558,26.7558,1.0
2022-10-19,26.7659,26.7659,26.7659,26.7659,1.0
2022-10-20,26.7618,26.7618,26.7618,26.7618,1.0
2022-10-21,26.7562,26.7562,26.7562,26.7562,1.0
2022-10-25,26.8045,26.8045,26.8045,26.8045,1.0
2022-10-27,26.8282,26.8282,26.8282,26.8282,1.0
2022-10-28,26.8292,26.8292,26.8292,26.8292,1.0
2022-10-31,26.8423,26.8423,26.8423,26.8423,1.0
2022-11-01,26.8423,26.8423,26.8423,26.8423,1.0
2022-11-02,26.8489,26.8489,26.8489,26.8489,1.0
2022-11-03,26.8433,26.8433,26.8433,26.8433,1.0
2022-11-04,26.857,26.857,26.857,26.857,1.0
2022-11-07,26.8675,26.8675,26.8675,26.8675,1.0
2022-11-09,26.8901,26.8901,26.8901,26.8901,1.0
2022-11-10,26.9071,26.9071,26.9071,26.9071,1.0
2022-11-11,26.9394,26.9394,26.9394,26.9394,1.0
2022-11-14,26.9515,26.9515,26.9515,26.9515,1.0
2022-11-15,26.9684,26.9684,26.9684,26.9684,1.0
2022-11-16,26.9779,26.9779,26.9779,26.9779,1.0
2022-11-17,26.992,26.992,26.992,26.992,1.0
2022-11-18,26.9898,26.9898,26.9898,26.9898,1.0
2022-11-21,26.9913,26.9913,26.9913,26.9913,1.0
2022-11-22,27.0076,27.0076,27.0076,27.0076,1.0
2022-11-23,27.0101,27.0101,27.0101,27.0101,1.0
2022-11-24,27.0267,27.0267,27.0267,27.0267,1.0
2022-11-25,27.0275,27.0275,27.0275,27.0275,1.0
2022-11-28,27.053,27.053,27.053,27.053,1.0
2022-11-29,27.0486,27.0486,27.0486,27.0486,1.0
2022-11-30,27.0561,27.0561,27.0561,27.0561,1.0
2022-12-01,27.0727,27.0727,27.0727,27.0727,1.0
2022-12-02,27.0724,27.0724,27.0724,27.0724,1.0
2022-12-05,27.0844,27.0844,27.0844,27.0844,1.0
2022-12-06,27.0858,27.0858,27.0858,27.0858,1.0
2022-12-07,27.0822,27.0822,27.0822,27.0822,1.0
2022-12-08,27.0887,27.0887,27.0887,27.0887,1.0
2022-12-09,27.0867,27.0867,27.0867,27.0867,1.0
2022-12-12,27.1035,27.1035,27.1035,27.1035,1.0
2022-12-13,27.1102,27.1102,27.1102,27.1102,1.0
2022-12-14,27.1336,27.1336,27.1336,27.1336,1.0
2022-12-15,27.1286,27.1286,27.1286,27.1286,1.0
2022-12-16,27.1264,27.1264,27.1264,27.1264,1.0
2022-12-19,27.1403,27.1403,27.1403,27.1403,1.0
2022-12-20,27.1471,27.1471,27.1471,27.1471,1.0
2022-12-21,27.1434,27.1434,27.1434,27.1434,1.0
2022-12-22,27.1448,27.1448,27.1448,27.1448,1.0
2022-12-23,27.1418,27.1418,27.1418,27.1418,1.0
2022-12-26,27.1525,27.1525,27.1525,27.1525,1.0
2022-12-27,27.1615,27.1615,27.1615,27.1615,1.0
2022-12-28,27.1493,27.1493,27.1493,27.1493,1.0
2022-12-29,27.1663,27.1663,27.1663,27.1663,1.0
2022-12-30,27.1732,27.1732,27.1732,27.1732,1.0
2023-01-02,27.1833,27.1833,27.1833,27.1833,1.0
2023-01-03,27.1893,27.1893,27.1893,27.1893,1.0
2023-01-04,27.1927,27.1927,27.1927,27.1927,1.0
2023-01-05,27.1946,27.1946,27.1946,27.1946,1.0
2023-01-06,27.1913,27.1913,27.1913,27.1913,1.0
2023-01-09,27.216,27.216,27.216,27.216,1.0
2023-01-10,27.2132,27.2132,27.2132,27.2132,1.0
2023-01-11,27.2255,27.2255,27.2255,27.2255,1.0
2023-01-12,27.241,27.241,27.241,27.241,1.0
2023-01-13,27.244,27.244,27.244,27.244,1.0
2023-01-16,27.2526,27.2526,27.2526,27.2526,1.0
2023-01-17,27.2565,27.2565,27.2565,27.2565,1.0
2023-01-18,27.2612,27.2612,27.2612,27.2612,1.0
2023-01-19,27.2656,27.2656,27.2656,27.2656,1.0
2023-01-20,27.2592,27.2592,27.2592,27.2592,1.0
2023-01-23,27.2712,27.2712,27.2712,27.2712,1.0
2023-01-24,27.276,27.276,27.276,27.276,1.0
2023-01-25,27.2782,27.2782,27.2782,27.2782,1.0
2023-01-27,27.274,27.274,27.274,27.274,1.0
2023-01-30,27.2773,27.2773,27.2773,27.2773,1.0
2023-01-31,27.2846,27.2846,27.2846,27.2846,1.0
2023-02-01,27.3179,27.3179,27.3179,27.3179,1.0
2023-02-02,27.3177,27.3177,27.3177,27.3177,1.0
2023-02-03,27.3262,27.3262,27.3262,27.3262,1.0
2023-02-06,27.3391,27.3391,27.3391,27.3391,1.0
2023-02-07,27.3446,27.3446,27.3446,27.3446,1.0
2023-02-08,27.3387,27.3387,27.3387,27.3387,1.0
2023-02-09,27.3366,27.3366,27.3366,27.3366,1.0
2023-02-10,27.3426,27.3426,27.3426,27.3426,1.0
2023-02-13,27.3545,27.3545,27.3545,27.3545,1.0
2023-02-14,27.338,27.338,27.338,27.338,1.0
2023-02-15,27.3482,27.3482,27.3482,27.3482,1.0
2023-02-16,27.354,27.354,27.354,27.354,1.0
2023-02-17,27.3486,27.3486,27.3486,27.3486,1.0
2023-02-20,27.3712,27.3712,27.3712,27.3712,1.0
2023-02-21,27.3724,27.3724,27.3724,27.3724,1.0
2023-02-22,27.3727,27.3727,27.3727,27.3727,1.0
2023-02-23,27.381,27.381,27.381,27.381,1.0
2023-02-24,27.3829,27.3829,27.3829,27.3829,1.0
2023-02-27,27.385,27.385,27.385,27.385,1.0
2023-02-28,27.3851,27.3851,27.3851,27.3851,1.0
2023-03-01,27.3922,27.3922,27.3922,27.3922,1.0
2023-03-02,27.3945,27.3945,27.3945,27.3945,1.0
2023-03-03,27.4055,27.4055,27.4055,27.4055,1.0
2023-03-06,27.4204,27.4204,27.4204,27.4204,1.0
2023-03-08,27.4111,27.4111,27.4111,27.4111,1.0
2023-03-09,27.4176,27.4176,27.4176,27.4176,1.0
2023-03-10,27.4099,27.4099,27.4099,27.4099,1.0
2023-03-13,27.4537,27.4537,27.4537,27.4537,1.0
2023-03-14,27.4635,27.4635,27.4635,27.4635,1.0
2023-03-15,27.4754,27.4754,27.4754,27.4754,1.0
2023-03-16,27.4707,27.4707,27.4707,27.4707,1.0
2023-03-17,27.4828,27.4828,27.4828,27.4828,1.0
2023-03-20,27.5014,27.5014,27.5014,27.5014,1.0
2023-03-21,27.5136,27.5136,27.5136,27.5136,1.0
2023-03-23,27.5292,27.5292,27.5292,27.5292,1.0
2023-03-24,27.5384,27.5384,27.5384,27.5384,1.0
2023-03-27,27.5572,27.5572,27.5572,27.5572,1.0
2023-03-28,27.5479,27.5479,27.5479,27.5479,1.0
2023-03-29,27.5752,27.5752,27.5752,27.5752,1.0
2023-03-31,27.6193,27.6193,27.6193,27.6193,1.0
2023-04-03,27.6146,27.6146,27.6146,27.6146,1.0
2023-04-05,27.6529,27.6529,27.6529,27.6529,1.0
2023-04-06,27.7133,27.7133,27.7133,27.7133,1.0
2023-04-10,27.7329,27.7329,27.7329,27.7329,1.0
2023-04-11,27.735,27.735,27.735,27.735,1.0
2023-04-12,27.7502,27.7502,27.7502,27.7502,1.0
2023-04-13,27.7551,27.7551,27.7551,27.7551,1.0
2023-04-17,27.774,27.774,27.774,27.774,1.0
2023-04-18,27.7792,27.7792,27.7792,27.7792,1.0
2023-04-19,27.7854,27.7854,27.7854,27.7854,1.0
2023-04-20,27.8008,27.8008,27.8008,27.8008,1.0
2023-04-21,27.816,27.816,27.816,27.816,1.0
2023-04-24,27.8529,27.8529,27.8529,27.8529,1.0
2023-04-25,27.8674,27.8674,27.8674,27.8674,1.0
2023-04-26,27.8851,27.8851,27.8851,27.8851,1.0
2023-04-27,27.8983,27.8983,27.8983,27.8983,1.0
2023-04-28,27.9039,27.9039,27.9039,27.9039,1.0
2023-05-02,27.9244,27.9244,27.9244,27.9244,1.0
2023-05-03,27.9527,27.9527,27.9527,27.9527,1.0
2023-05-04,27.9578,27.9578,27.9578,27.9578,1.0
2023-05-08,27.9902,27.9902,27.9902,27.9902,1.0
2023-05-09,27.9909,27.9909,27.9909,27.9909,1.0
2023-05-10,27.9955,27.9955,27.9955,27.9955,1.0
2023-05-11,27.999,27.999,27.999,27.999,1.0
2023-05-12,28.0204,28.0204,28.0204,28.0204,1.0
2023-05-15,28.0355,28.0355,28.0355,28.0355,1.0
2023-05-16,28.0446,28.0446,28.0446,28.0446,1.0
2023-05-17,28.0523,28.0523,28.0523,28.0523,1.0
2023-05-18,28.0612,28.0612,28.0612,28.0612,1.0
2023-05-19,28.0677,28.0677,28.0677,28.0677,1.0
2023-05-22,28.1041,28.1041,28.1041,28.1041,1.0
2023-05-23,28.1018,28.1018,28.1018,28.1018,1.0
2023-05-24,28.1099,28.1099,28.1099,28.1099,1.0
2023-05-25,28.1144,28.1144,28.1144,28.1144,1.0
2023-05-26,28.1212,28.1212,28.1212,28.1212,1.0
2023-05-29,28.1295,28.1295,28.1295,28.1295,1.0
2023-05-30,28.1338,28.1338,28.1338,28.1338,1.0
2023-05-31,28.1356,28.1356,28.1356,28.1356,1.0
2023-06-01,28.1522,28.1522,28.1522,28.1522,1.0
2023-06-02,28.1522,28.1522,28.1522,28.1522,1.0
2023-06-05,28.1676,28.1676,28.1676,28.1676,1.0
2023-06-06,28.175,28.175,28.175,28.175,1.0
2023-06-07,28.1853,28.1853,28.1853,28.1853,1.0
2023-06-08,28.1718,28.1718,28.1718,28.1718,1.0
2023-06-09,28.1642,28.1642,28.1642,28.1642,1.0
2023-06-12,28.1786,28.1786,28.1786,28.1786,1.0
2023-06-13,28.1814,28.1814,28.1814,28.1814,1.0
2023-06-14,28.1871,28.1871,28.1871,28.1871,1.0
2023-06-15,28.1849,28.1849,28.1849,28.1849,1.0
2023-06-16,28.1849,28.1849,28.1849,28.1849,1.0
2023-06-19,28.2016,28.2016,28.2016,28.2016,1.0
2023-06-20,28.2132,28.2132,28.2132,28.2132,1.0
2023-06-21,28.204,28.204,28.204,28.204,1.0
2023-06-22,28.1982,28.1982,28.1982,28.1982,1.0
2023-06-23,28.2094,28.2094,28.2094,28.2094,1.0
2023-06-26,28.2278,28.2278,28.2278,28.2278,1.0
2023-06-27,28.2272,28.2272,28.2272,28.2272,1.0
2023-06-28,28.2417,28.2417,28.2417,28.2417,1.0
2023-06-30,28.2436,28.2436,28.2436,28.2436,1.0
2023-07-03,28.2516,28.2516,28.2516,28.2516,1.0
2023-07-04,28.2587,28.2587,28.2587,28.2587,1.0
2023-07-05,28.2679,28.2679,28.2679,28.2679,1.0
2023-07-06,28.2654,28.2654,28.2654,28.2654,1.0
2023-07-07,28.2613,28.2613,28.2613,28.2613,1.0
2023-07-10,28.2779,28.2779,28.2779,28.2779,1.0
2023-07-11,28.299,28.299,28.299,28.299,1.0
2023-07-12,28.3049,28.3049,28.3049,28.3049,1.0
2023-07-13,28.3297,28.3297,28.3297,28.3297,1.0
2023-07-14,28.3382,28.3382,28.3382,28.3382,1.0
2023-07-17,28.3553,28.3553,28.3553,28.3553,1.0
2023-07-18,28.3761,28.3761,28.3761,28.3761,1.0
2023-07-19,28.3809,28.3809,28.3809,28.3809,1.0
2023-07-20,28.3967,28.3967,28.3967,28.3967,1.0
2023-07-21,28.3986,28.3986,28.3986,28.3986,1.0
2023-07-24,28.4169,28.4169,28.4169,28.4169,1.0
2023-07-25,28.4133,28.4133,28.4133,28.4133,1.0
2023-07-26,28.4292,28.4292,28.4292,28.4292,1.0
2023-07-27,28.4371,28.4371,28.4371,28.4371,1.0
2023-07-28,28.4195,28.4195,28.4195,28.4195,1.0
2023-07-31,28.4366,28.4366,28.4366,28.4366,1.0
2023-08-01,28.4498,28.4498,28.4498,28.4498,1.0
2023-08-02,28.4527,28.4527,28.4527,28.4527,1.0
2023-08-03,28.4467,28.4467,28.4467,28.4467,1.0
2023-08-04,28.4371,28.4371,28.4371,28.4371,1.0
2023-08-07,28.4636,28.4636,28.4636,28.4636,1.0
2023-08-08,28.4602,28.4602,28.4602,28.4602,1.0
2023-08-09,28.4684,28.4684,28.4684,28.4684,1.0
2023-08-10,28.4737,28.4737,28.4737,28.4737,1.0
2023-08-11,28.461,28.461,28.461,28.461,1.0
2023-08-14,28.4839,28.4839,28.4839,28.4839,1.0
2023-08-17,28.4876,28.4876,28.4876,28.4876,1.0
2023-08-18,28.4991,28.4991,28.4991,28.4991,1.0
2023-08-21,28.5225,28.5225,28.5225,28.5225,1.0
2023-08-22,28.5211,28.5211,28.5211,28.5211,1.0
2023-08-23,28.5405,28.5405,28.5405,28.5405,1.0
2023-08-24,28.5528,28.5528,28.5528,28.5528,1.0
2023-08-25,28.5651,28.5651,28.5651,28.5651,1.0
2023-08-28,28.5903,28.5903,28.5903,28.5903,1.0
2023-08-29,28.5947,28.5947,28.5947,28.5947,1.0
2023-08-30,28.6059,28.6059,28.6059,28.6059,1.0
2023-08-31,28.6115,28.6115,28.6115,28.6115,1.0
2023-09-01,28.6149,28.6149,28.6149,28.6149,1.0
2023-09-04,28.6374,28.6374,28.6374,28.6374,1.0
2023-09-05,28.6431,28.6431,28.6431,28.6431,1.0
2023-09-06,28.6372,28.6372,28.6372,28.6372,1.0
2023-09-07,28.6571,28.6571,28.6571,28.6571,1.0
2023-09-08,28.6543,28.6543,28.6543,28.6543,1.0
2023-09-11,28.6635,28.6635,28.6635,28.6635,1.0
2023-09-12,28.6546,28.6546,28.6546,28.6546,1.0
2023-09-13,28.6923,28.6923,28.6923,28.6923,1.0
2023-09-14,28.7188,28.7188,28.7188,28.7188,1.0
2023-09-15,28.71,28.71,28.71,28.71,1.0
2023-09-18,28.7188,28.7188,28.7188,28.7188,1.0
2023-09-20,28.7405,28.7405,28.7405,28.7405,1.0
2023-09-21,28.747,28.747,28.747,28.747,1.0
2023-09-22,28.7482,28.7482,28.7482,28.7482,1.0
2023-09-25,28.7574,28.7574,28.7574,28.7574,1.0
2023-09-26,28.7567,28.7567,28.7567,28.7567,1.0
2023-09-27,28.7643,28.7643,28.7643,28.7643,1.0
2023-09-29,28.7597,28.7597,28.7597,28.7597,1.0
2023-09-30,28.7654,28.7654,28.7654,28.7654,1.0
2023-10-03,28.7783,28.7783,28.7783,28.7783,1.0
2023-10-04,28.7814,28.7814,28.7814,28.7814,1.0
2023-10-05,28.8058,28.8058,28.8058,28.8058,1.0
2023-10-06,28.7283,28.7283,28.7283,28.7283,1.0
2023-10-09,28.7205,28.7205,28.7205,28.7205,1.0
2023-10-10,28.7167,28.7167,28.7167,28.7167,1.0
2023-10-11,28.7382,28.7382,28.7382,28.7382,1.0
2023-10-12,28.7466,28.7466,28.7466,28.7466,1.0
2023-10-13,28.7566,28.7566,28.7566,28.7566,1.0
2023-10-16,28.7705,28.7705,28.7705,28.7705,1.0
2023-10-17,28.7769,28.7769,28.7769,28.7769,1.0
2023-10-18,28.7821,28.7821,28.7821,28.7821,1.0
2023-10-19,28.782,28.782,28.782,28.782,1.0
2023-10-20,28.7803,28.7803,28.7803,28.7803,1.0
2023-10-23,28.7911,28.7911,28.7911,28.7911,1.0
2023-10-25,28.8124,28.8124,28.8124,28.8124,1.0
2023-10-26,28.8156,28.8156,28.8156,28.8156,1.0
2023-10-27,28.8215,28.8215,28.8215,28.8215,1.0
2023-10-30,28.8358,28.8358,28.8358,28.8358,1.0
2023-10-31,28.8431,28.8431,28.8431,28.8431,1.0
2023-11-01,28.8476,28.8476,28.8476,28.8476,1.0
2023-11-02,28.8589,28.8589,28.8589,28.8589,1.0
2023-11-03,28.8669,28.8669,28.8669,28.8669,1.0
2023-11-06,28.8818,28.8818,28.8818,28.8818,1.0
2023-11-07,28.8906,28.8906,28.8906,28.8906,1.0
2023-11-08,28.9002,28.9002,28.9002,28.9002,1.0
2023-11-09,28.9166,28.9166,28.9166,28.9166,1.0
2023-11-10,28.9095,28.9095,28.9095,28.9095,1.0
2023-11-13,28.9266,28.9266,28.9266,28.9266,1.0
2023-11-15,28.9502,28.9502,28.9502,28.9502,1.0
2023-11-16,28.9652,28.9652,28.9652,28.9652,1.0
2023-11-17,28.9759,28.9759,28.9759,28.9759,1.0
2023-11-20,28.9867,28.9867,28.9867,28.9867,1.0
2023-11-21,28.9784,28.9784,28.9784,28.9784,1.0
2023-11-22,28.9831,28.9831,28.9831,28.9831,1.0
2023-11-23,28.9841,28.9841,28.9841,28.9841,1.0
2023-11-24,28.9684,28.9684,28.9684,28.9684,1.0
2023-11-28,28.9948,28.9948,28.9948,28.9948,1.0
2023-11-29,29.0092,29.0092,29.0092,29.0092,1.0
2023-11-30,29.0141,29.0141,29.0141,29.0141,1.0
2023-12-01,29.0041,29.0041,29.0041,29.0041,1.0
2023-12-04,29.0206,29.0206,29.0206,29.0206,1.0
2023-12-05,29.0259,29.0259,29.0259,29.0259,1.0
2023-12-06,29.0398,29.0398,29.0398,29.0398,1.0
2023-12-07,29.0503,29.0503,29.0503,29.0503,1.0
2023-12-08,29.055,29.055,29.055,29.055,1.0
2023-12-11,29.0664,29.0664,29.0664,29.0664,1.0
2023-12-12,29.061,29.061,29.061,29.061,1.0
2023-12-13,29.0689,29.0689,29.0689,29.0689,1.0
2023-12-14,29.0901,29.0901,29.0901,29.0901,1.0
2023-12-15,29.1173,29.1173,29.1173,29.1173,1.0
2023-12-18,29.1389,29.1389,29.1389,29.1389,1.0
2023-12-19,29.1439,29.1439,29.1439,29.1439,1.0
2023-12-20,29.1485,29.1485,29.1485,29.1485,1.0
2023-12-21,29.1533,29.1533,29.1533,29.1533,1.0
2023-12-22,29.1607,29.1607,29.1607,29.1607,1.0
2023-12-26,29.1838,29.1838,29.1838,29.1838,1.0
2023-12-27,29.1852,29.1852,29.1852,29.1852,1.0
2023-12-28,29.187,29.187,29.187,29.187,1.0
2023-12-29,29.2075,29.2075,29.2075,29.2075,1.0
2024-01-01,29.2224,29.2224,29.2224,29.2224,1.0
2024-01-02,29.225,29.225,29.225,29.225,1.0
2024-01-03,29.2253,29.2253,29.2253,29.2253,1.0
2024-01-04,29.2228,29.2228,29.2228,29.2228,1.0
2024-01-05,29.2234,29.2234,29.2234,29.2234,1.0
2024-01-08,29.2483,29.2483,29.2483,29.2483,1.0
2024-01-09,29.256,29.256,29.256,29.256,1.0
2024-01-10,29.2634,29.2634,29.2634,29.2634,1.0
2024-01-11,29.2586,29.2586,29.2586,29.2586,1.0
2024-01-12,29.2738,29.2738,29.2738,29.2738,1.0
2024-01-15,29.3089,29.3089,29.3089,29.3089,1.0
2024-01-16,29.3177,29.3177,29.3177,29.3177,1.0
2024-01-17,29.3236,29.3236,29.3236,29.3236,1.0
2024-01-18,29.3251,29.3251,29.3251,29.3251,1.0
2024-01-19,29.3147,29.3147,29.3147,29.3147,1.0
2024-01-23,29.3387,29.3387,29.3387,29.3387,1.0
2024-01-24,29.3441,29.3441,29.3441,29.3441,1.0
2024-01-25,29.3465,29.3465,29.3465,29.3465,1.0
2024-01-29,29.3733,29.3733,29.3733,29.3733,1.0
2024-01-30,29.379,29.379,29.379,29.379,1.0
2024-01-31,29.3959,29.3959,29.3959,29.3959,1.0
2024-02-01,29.4377,29.4377,29.4377,29.4377,1.0
2024-02-02,29.4657,29.4657,29.4657,29.4657,1.0
2024-02-05,29.4682,29.4682,29.4682,29.4682,1.0
2024-02-06,29.4824,29.4824,29.4824,29.4824,1.0
2024-02-07,29.4853,29.4853,29.4853,29.4853,1.0
2024-02-08,29.502,29.502,29.502,29.502,1.0
2024-02-09,29.5073,29.5073,29.5073,29.5073,1.0
2024-02-12,29.5217,29.5217,29.5217,29.5217,1.0
2024-02-13,29.5251,29.5251,29.5251,29.5251,1.0
2024-02-14,29.5222,29.5222,29.5222,29.5222,1.0
2024-02-15,29.5425,29.5425,29.5425,29.5425,1.0
2024-02-16,29.5478,29.5478,29.5478,29.5478,1.0
2024-02-20,29.58,29.58,29.58,29.58,1.0
2024-02-21,29.5969,29.5969,29.5969,29.5969,1.0
2024-02-22,29.6048,29.6048,29.6048,29.6048,1.0
2024-02-23,29.6087,29.6087,29.6087,29.6087,1.0
2024-02-26,29.6285,29.6285,29.6285,29.6285,1.0
2024-02-27,29.6284,29.6284,29.6284,29.6284,1.0
2024-02-28,29.6431,29.6431,29.6431,29.6431,1.0
2024-02-29,29.6581,29.6581,29.6581,29.6581,1.0
2024-03-01,29.6598,29.6598,29.6598,29.6598,1.0
2024-03-04,29.6774,29.6774,29.6774,29.6774,1.0
2024-03-05,29.6803,29.6803,29.6803,29.6803,1.0
2024-03-06,29.6982,29.6982,29.6982,29.6982,1.0
2024-03-07,29.7103,29.7103,29.7103,29.7103,1.0
2024-03-11,29.7569,29.7569,29.7569,29.7569,1.0
2024-03-12,29.7664,29.7664,29.7664,29.7664,1.0
2024-03-13,29.7731,29.7731,29.7731,29.7731,1.0
2024-03-14,29.774,29.774,29.774,29.774,1.0
2024-03-15,29.7864,29.7864,29.7864,29.7864,1.0
2024-03-18,29.7896,29.7896,29.7896,29.7896,1.0
2024-03-19,29.7774,29.7774,29.7774,29.7774,1.0
2024-03-20,29.7904,29.7904,29.7904,29.7904,1.0
2024-03-21,29.8115,29.8115,29.8115,29.8115,1.0
2024-03-22,29.8039,29.8039,29.8039,29.8039,1.0
2024-03-26,29.8136,29.8136,29.8136,29.8136,1.0
2024-03-27,29.8279,29.8279,29.8279,29.8279,1.0
2024-03-28,29.8671,29.8671,29.8671,29.8671,1.0
2024-03-31,29.8835,29.8835,29.8835,29.8835,1.0
2024-04-02,29.9001,29.9001,29.9001,29.9001,1.0
2024-04-03,29.9112,29.9112,29.9112,29.9112,1.0
2024-04-04,29.9183,29.9183,29.9183,29.9183,1.0
2024-04-05,29.9161,29.9161,29.9161,29.9161,1.0
2024-04-08,29.9113,29.9113,29.9113,29.9113,1.0
2024-04-10,29.936,29.936,29.936,29.936,1.0
2024-04-12,29.9137,29.9137,29.9137,29.9137,1.0
2024-04-15,29.9417,29.9417,29.9417,29.9417,1.0
2024-04-16,29.9261,29.9261,29.9261,29.9261,1.0
2024-04-18,29.9419,29.9419,29.9419,29.9419,1.0
2024-04-19,29.9149,29.9149,29.9149,29.9149,1.0
2024-04-22,29.9427,29.9427,29.9427,29.9427,1.0
2024-04-23,29.9612,29.9612,29.9612,29.9612,1.0
2024-04-24,29.9738,29.9738,29.9738,29.9738,1.0
2024-04-25,29.979,29.979,29.979,29.979,1.0
2024-04-26,29.9754,29.9754,29.9754,29.9754,1.0
2024-04-29,29.9949,29.9949,29.9949,29.9949,1.0
2024-04-30,30.0048,30.0048,30.0048,30.0048,1.0
2024-05-02,30.0152,30.0152,30.0152,30.0152,1.0
2024-05-03,30.0254,30.0254,30.0254,30.0254,1.0
2024-05-06,30.0659,30.0659,30.0659,30.0659,1.0
2024-05-07,30.0716,30.0716,30.0716,30.0716,1.0
2024-05-08,30.0736,30.0736,30.0736,30.0736,1.0
2024-05-09,30.0759,30.0759,30.0759,30.0759,1.0
2024-05-10,30.0814,30.0814,30.0814,30.0814,1.0
2024-05-13,30.1013,30.1013,30.1013,30.1013,1.0
2024-05-14,30.1136,30.1136,30.1136,30.1136,1.0
2024-05-15,30.1276,30.1276,30.1276,30.1276,1.0
2024-05-16,30.1572,30.1572,30.1572,30.1572,1.0
2024-05-17,30.1595,30.1595,30.1595,30.1595,1.0
2024-05-21,30.1927,30.1927,30.1927,30.1927,1.0
2024-05-22,30.2085,30.2085,30.2085,30.2085,1.0
2024-05-24,30.2332,30.2332,30.2332,30.2332,1.0
2024-05-27,30.2484,30.2484,30.2484,30.2484,1.0
2024-05-28,30.2489,30.2489,30.2489,30.2489,1.0
2024-05-29,30.2502,30.2502,30.2502,30.2502,1.0
2024-05-30,30.261,30.261,30.261,30.261,1.0
2024-05-31,30.2675,30.2675,30.2675,30.2675,1.0
2024-06-03,30.3009,30.3009,30.3009,30.3009,1.0
2024-06-04,30.2279,30.2279,30.2279,30.2279,1.0
2024-06-05,30.2487,30.2487,30.2487,30.2487,1.0
2024-06-06,30.2703,30.2703,30.2703,30.2703,1.0
2024-06-07,30.2828,30.2828,30.2828,30.2828,1.0
2024-06-10,30.301,30.301,30.301,30.301,1.0
2024-06-11,30.3147,30.3147,30.3147,30.3147,1.0
2024-06-12,30.3243,30.3243,30.3243,30.3243,1.0
2024-06-13,30.3385,30.3385,30.3385,30.3385,1.0
2024-06-14,30.3492,30.3492,30.3492,30.3492,1.0
2024-06-18,30.3759,30.3759,30.3759,30.3759,1.0
2024-06-19,30.3913,30.3913,30.3913,30.3913,1.0
2024-06-20,30.3991,30.3991,30.3991,30.3991,1.0
2024-06-21,30.4092,30.4092,30.4092,30.4092,1.0
2024-06-24,30.4303,30.4303,30.4303,30.4303,1.0
2024-06-25,30.4346,30.4346,30.4346,30.4346,1.0
2024-06-26,30.4325,30.4325,30.4325,30.4325,1.0
2024-06-27,30.4341,30.4341,30.4341,30.4341,1.0
2024-06-28,30.4474,30.4474,30.4474,30.4474,1.0
2024-07-01,30.4599,30.4599,30.4599,30.4599,1.0
2024-07-02,30.4723,30.4723,30.4723,30.4723,1.0
2024-07-03,30.478,30.478,30.478,30.478,1.0
2024-07-04,30.4896,30.4896,30.4896,30.4896,1.0
2024-07-05,30.4989,30.4989,30.4989,30.4989,1.0
2024-07-08,30.52,30.52,30.52,30.52,1.0
2024-07-09,30.5281,30.5281,30.5281,30.5281,1.0
2024-07-10,30.5355,30.5355,30.5355,30.5355,1.0
2024-07-11,30.544,30.544,30.544,30.544,1.0
2024-07-12,30.553,30.553,30.553,30.553,1.0
2024-07-15,30.5733,30.5733,30.5733,30.5733,1.0
2024-07-16,30.5928,30.5928,30.5928,30.5928,1.0
2024-07-18,30.609,30.609,30.609,30.609,1.0
2024-07-19,30.6177,30.6177,30.6177,30.6177,1.0
2024-07-22,30.633,30.633,30.633,30.633,1.0
2024-07-23,30.6337,30.6337,30.6337,30.6337,1.0
2024-07-24,30.6412,30.6412,30.6412,30.6412,1.0
2024-07-25,30.6626,30.6626,30.6626,30.6626,1.0
2024-07-26,30.6947,30.6947,30.6947,30.6947,1.0
2024-07-29,30.7281,30.7281,30.7281,30.7281,1.0
2024-07-30,30.729,30.729,30.729,30.729,1.0
2024-07-31,30.726,30.726,30.726,30.726,1.0
2024-08-01,30.7387,30.7387,30.7387,30.7387,1.0
2024-08-02,30.7525,30.7525,30.7525,30.7525,1.0
2024-08-05,30.7916,30.7916,30.7916,30.7916,1.0
2024-08-06,30.7902,30.7902,30.7902,30.7902,1.0
2024-08-07,30.7968,30.7968,30.7968,30.7968,1.0
2024-08-08,30.8057,30.8057,30.8057,30.8057,1.0
2024-08-09,30.8087,30.8087,30.8087,30.8087,1.0
2024-08-12,30.8256,30.8256,30.8256,30.8256,1.0
2024-08-13,30.8303,30.8303,30.8303,30.8303,1.0
2024-08-14,30.8394,30.8394,30.8394,30.8394,1.0
2024-08-16,30.8468,30.8468,30.8468,30.8468,1.0
2024-08-19,30.8686,30.8686,30.8686,30.8686,1.0
2024-08-20,30.885,30.885,30.885,30.885,1.0
2024-08-21,30.8979,30.8979,30.8979,30.8979,1.0
2024-08-22,30.906,30.906,30.906,30.906,1.0
2024-08-23,30.92,30.92,30.92,30.92,1.0
2024-08-26,30.9398,30.9398,30.9398,30.9398,1.0
2024-08-27,30.9445,30.9445,30.9445,30.9445,1.0
2024-08-28,30.9577,30.9577,30.9577,30.9577,1.0
2024-08-29,30.9591,30.9591,30.9591,30.9591,1.0
2024-08-30,30.9637,30.9637,30.9637,30.9637,1.0
2024-09-02,30.9739,30.9739,30.9739,30.9739,1.0
2024-09-03,30.9873,30.9873,30.9873,30.9873,1.0
2024-09-04,30.9937,30.9937,30.9937,30.9937,1.0
2024-09-05,31.0027,31.0027,31.0027,31.0027,1.0
2024-09-06,31.0096,31.0096,31.0096,31.0096,1.0
2024-09-09,31.0284,31.0284,31.0284,31.0284,1.0
2024-09-10,31.034,31.034,31.034,31.034,1.0
2024-09-11,31.0496,31.0496,31.0496,31.0496,1.0
2024-09-12,31.0597,31.0597,31.0597,31.0597,1.0
2024-09-13,31.0865,31.0865,31.0865,31.0865,1.0
2024-09-16,31.1218,31.1218,31.1218,31.1218,1.0
2024-09-17,31.1282,31.1282,31.1282,31.1282,1.0
2024-09-19,31.1622,31.1622,31.1622,31.1622,1.0
2024-09-20,31.1802,31.1802,31.1802,31.1802,1.0
2024-09-23,31.2059,31.2059,31.2059,31.2059,1.0
2024-09-24,31.2148,31.2148,31.2148,31.2148,1.0
2024-09-25,31.2328,31.2328,31.2328,31.2328,1.0
2024-09-26,31.2566,31.2566,31.2566,31.2566,1.0
2024-09-27,31.2508,31.2508,31.2508,31.2508,1.0
2024-09-30,31.27,31.27,31.27,31.27,1.0
2024-10-01,31.2906,31.2906,31.2906,31.2906,1.0
2024-10-03,31.2893,31.2893,31.2893,31.2893,1.0
2024-10-04,31.2693,31.2693,31.2693,31.2693,1.0
2024-10-07,31.2719,31.2719,31.2719,31.2719,1.0
2024-10-08,31.2932,31.2932,31.2932,31.2932,1.0
2024-10-09,31.3355,31.3355,31.3355,31.3355,1.0
2024-10-10,31.3524,31.3524,31.3524,31.3524,1.0
2024-10-11,31.3639,31.3639,31.3639,31.3639,1.0
2024-10-14,31.3924,31.3924,31.3924,31.3924,1.0
2024-10-15,31.4061,31.4061,31.4061,31.4061,1.0
2024-10-16,31.4042,31.4042,31.4042,31.4042,1.0
2024-10-17,31.4007,31.4007,31.4007,31.4007,1.0
2024-10-18,31.3935,31.3935,31.3935,31.3935,1.0
2024-10-21,31.3935,31.3935,31.3935,31.3935,1.0
2024-10-22,31.3933,31.3933,31.3933,31.3933,1.0
2024-10-23,31.4117,31.4117,31.4117,31.4117,1.0
2024-10-24,31.4199,31.4199,31.4199,31.4199,1.0
2024-10-25,31.4203,31.4203,31.4203,31.4203,1.0
2024-10-28,31.4176,31.4176,31.4176,31.4176,1.0
2024-10-29,31.4292,31.4292,31.4292,31.4292,1.0
2024-10-30,31.4483,31.4483,31.4483,31.4483,1.0
2024-10-31,31.4513,31.4513,31.4513,31.4513,1.0
2024-11-04,31.4711,31.4711,31.4711,31.4711,1.0
2024-11-05,31.4794,31.4794,31.4794,31.4794,1.0
2024-11-06,31.4818,31.4818,31.4818,31.4818,1.0
2024-11-07,31.4897,31.4897,31.4897,31.4897,1.0
2024-11-08,31.5095,31.5095,31.5095,31.5095,1.0
2024-11-11,31.5299,31.5299,31.5299,31.5299,1.0
2024-11-12,31.5302,31.5302,31.5302,31.5302,1.0
2024-11-13,31.5292,31.5292,31.5292,31.5292,1.0
2024-11-14,31.5198,31.5198,31.5198,31.5198,1.0
2024-11-18,31.545,31.545,31.545,31.545,1.0
2024-11-19,31.5587,31.5587,31.5587,31.5587,1.0
2024-11-21,31.5615,31.5615,31.5615,31.5615,1.0
2024-11-22,31.5468,31.5468,31.5468,31.5468,1.0
2024-11-25,31.5699,31.5699,31.5699,31.5699,1.0
2024-11-26,31.5739,31.5739,31.5739,31.5739,1.0
2024-11-27,31.5723,31.5723,31.5723,31.5723,1.0
2024-11-28,31.5812,31.5812,31.5812,31.5812,1.0
2024-11-29,31.6148,31.6148,31.6148,31.6148,1.0
2024-12-02,31.6663,31.6663,31.6663,31.6663,1.0
2024-12-03,31.681,31.681,31.681,31.681,1.0
2024-12-04,31.7079,31.7079,31.7079,31.7079,1.0
2024-12-05,31.7218,31.7218,31.7218,31.7218,1.0
2024-12-06,31.6875,31.6875,31.6875,31.6875,1.0
2024-12-09,31.7109,31.7109,31.7109,31.7109,1.0
2024-12-10,31.7221,31.7221,31.7221,31.7221,1.0
2024-12-11,31.727,31.727,31.727,31.727,1.0
2024-12-12,31.7237,31.7237,31.7237,31.7237,1.0
2024-12-13,31.7291,31.7291,31.7291,31.7291,1.0
2024-12-16,31.7449,31.7449,31.7449,31.7449,1.0
2024-12-17,31.7419,31.7419,31.7419,31.7419,1.0
2024-12-18,31.7546,31.7546,31.7546,31.7546,1.0
2024-12-19,31.7286,31.7286,31.7286,31.7286,1.0
2024-12-20,31.7223,31.7223,31.7223,31.7223,1.0
2024-12-23,31.7495,31.7495,31.7495,31.7495,1.0
2024-12-24,31.7444,31.7444,31.7444,31.7444,1.0
2024-12-26,31.7456,31.7456,31.7456,31.7456,1.0
2024-12-27,31.7551,31.7551,31.7551,31.7551,1.0
2024-12-30,31.7721,31.7721,31.7721,31.7721,1.0
2024-12-31,31.7843,31.7843,31.7843,31.7843,1.0
2025-01-01,31.7838,31.7838,31.7838,31.7838,1.0
2025-01-02,31.785,31.785,31.785,31.785,1.0
2025-01-03,31.7941,31.7941,31.7941,31.7941,1.0
2025-01-06,31.8154,31.8154,31.8154,31.8154,1.0
2025-01-07,31.8353,31.8353,31.8353,31.8353,1.0
2025-01-08,31.8349,31.8349,31.8349,31.8349,1.0
2025-01-09,31.8369,31.8369,31.8369,31.8369,1.0
2025-01-10,31.8417,31.8417,31.8417,31.8417,1.0
2025-01-13,31.8085,31.8085,31.8085,31.8085,1.0
2025-01-14,31.8079,31.8079,31.8079,31.8079,1.0
2025-01-15,31.824,31.824,31.824,31.824,1.0
2025-01-16,31.8684,31.8684,31.8684,31.8684,1.0
2025-01-17,31.8755,31.8755,31.8755,31.8755,1.0
2025-01-20,31.8992,31.8992,31.8992,31.8992,1.0
2025-01-21,31.9202,31.9202,31.9202,31.9202,1.0
2025-01-22,31.9348,31.9348,31.9348,31.9348,1.0
2025-01-23,31.934,31.934,31.934,31.934,1.0
2025-01-24,31.9412,31.9412,31.9412,31.9412,1.0
2025-01-27,31.9787,31.9787,31.9787,31.9787,1.0
2025-01-28,31.9879,31.9879,31.9879,31.9879,1.0
2025-01-29,31.9892,31.9892,31.9892,31.9892,1.0
2025-01-30,31.9967,31.9967,31.9967,31.9967,1.0
2025-01-31,31.9973,31.9973,31.9973,31.9973,1.0
2025-02-03,32.0339,32.0339,32.0339,32.0339,1.0
2025-02-04,32.0351,32.0351,32.0351,32.0351,1.0
2025-02-05,32.0626,32.0626,32.0626,32.0626,1.0
2025-02-06,32.0867,32.0867,32.0867,32.0867,1.0
2025-02-07,32.0643,32.0643,32.0643,32.0643,1.0
2025-02-10,32.0729,32.0729,32.0729,32.0729,1.0
2025-02-11,32.0785,32.0785,32.0785,32.0785,1.0
2025-02-12,32.0702,32.0702,32.0702,32.0702,1.0
2025-02-13,32.0729,32.0729,32.0729,32.0729,1.0
2025-02-14,32.0785,32.0785,32.0785,32.0785,1.0
2025-02-17,32.0941,32.0941,32.0941,32.0941,1.0
2025-02-18,32.1044,32.1044,32.1044,32.1044,1.0
2025-02-20,32.1139,32.1139,32.1139,32.1139,1.0
2025-02-21,32.1128,32.1128,32.1128,32.1128,1.0
2025-02-24,32.1317,32.1317,32.1317,32.1317,1.0
2025-02-25,32.1321,32.1321,32.1321,32.1321,1.0
2025-02-27,32.1082,32.1082,32.1082,32.1082,1.0
2025-02-28,32.1028,32.1028,32.1028,32.1028,1.0
2025-03-03,32.1043,32.1043,32.1043,32.1043,1.0
2025-03-04,32.1034,32.1034,32.1034,32.1034,1.0
2025-03-05,32.1075,32.1075,32.1075,32.1075,1.0
2025-03-06,32.1317,32.1317,32.1317,32.1317,1.0
2025-03-07,32.1383,32.1383,32.1383,32.1383,1.0
2025-03-10,32.1522,32.1522,32.1522,32.1522,1.0
2025-03-11,32.1629,32.1629,32.1629,32.1629,1.0
2025-03-12,32.1731,32.1731,32.1731,32.1731,1.0
2025-03-13,32.188,32.188,32.188,32.188,1.0
2025-03-17,32.2122,32.2122,32.2122,32.2122,1.0
2025-03-18,32.227,32.227,32.227,32.227,1.0
2025-03-19,32.2654,32.2654,32.2654,32.2654,1.0
2025-03-20,32.3023,32.3023,32.3023,32.3023,1.0
2025-03-21,32.334,32.334,32.334,32.334,1.0
2025-03-24,32.3487,32.3487,32.3487,32.3487,1.0
2025-03-25,32.3693,32.3693,32.3693,32.3693,1.0
2025-03-26,32.4068,32.4068,32.4068,32.4068,1.0
2025-03-27,32.4696,32.4696,32.4696,32.4696,1.0
2025-03-28,32.5243,32.5243,32.5243,32.5243,1.0
2025-03-31,32.5415,32.5415,32.5415,32.5415,1.0
2025-04-02,32.6727,32.6727,32.6727,32.6727,1.0
2025-04-03,32.701,32.701,32.701,32.701,1.0
2025-04-04,32.7242,32.7242,32.7242,32.7242,1.0
2025-04-07,32.7357,32.7357,32.7357,32.7357,1.0
2025-04-08,32.7276,32.7276,32.7276,32.7276,1.0
2025-04-09,32.766,32.766,32.766,32.766,1.0
2025-04-11,32.8103,32.8103,32.8103,32.8103,1.0
2025-04-15,32.8424,32.8424,32.8424,32.8424,1.0
2025-04-16,32.8726,32.8726,32.8726,32.8726,1.0
2025-04-17,32.9102,32.9102,32.9102,32.9102,1.0
2025-04-21,32.9693,32.9693,32.9693,32.9693,1.0
2025-04-22,32.9995,32.9995,32.9995,32.9995,1.0
2025-04-23,33.0213,33.0213,33.0213,33.0213,1.0
2025-04-24,33.0195,33.0195,33.0195,33.0195,1.0
2025-04-25,33.001,33.001,33.001,33.001,1.0
2025-04-28,33.0116,33.0116,33.0116,33.0116,1.0
2025-04-29,33.0388,33.0388,33.0388,33.0388,1.0
2025-04-30,33.0283,33.0283,33.0283,33.0283,1.0
2025-05-02,33.045,33.045,33.045,33.045,1.0
2025-05-05,33.0745,33.0745,33.0745,33.0745,1.0
2025-05-06,33.061,33.061,33.061,33.061,1.0
2025-05-07,33.0724,33.0724,33.0724,33.0724,1.0
2025-05-08,32.999,32.999,32.999,32.999,1.0
2025-05-09,32.9834,32.9834,32.9834,32.9834,1.0
2025-05-13,33.111,33.111,33.111,33.111,1.0
2025-05-14,33.1537,33.1537,33.1537,33.1537,1.0
2025-05-15,33.191,33.191,33.191,33.191,1.0
2025-05-16,33.2414,33.2414,33.2414,33.2414,1.0
2025-05-19,33.2742,33.2742,33.2742,33.2742,1.0
2025-05-20,33.3071,33.3071,33.3071,33.3071,1.0
2025-05-21,33.3739,33.3739,33.3739,33.3739,1.0
2025-05-22,33.3738,33.3738,33.3738,33.3738,1.0
2025-05-23,33.3879,33.3879,33.3879,33.3879,1.0
2025-05-26,33.4055,33.4055,33.4055,33.4055,1.0
2025-05-27,33.4036,33.4036,33.4036,33.4036,1.0
2025-05-28,33.4246,33.4246,33.4246,33.4246,1.0
2025-05-29,33.4234,33.4234,33.4234,33.4234,1.0
2025-05-30,33.4151,33.4151,33.4151,33.4151,1.0
2025-06-02,33.4294,33.4294,33.4294,33.4294,1.0
2025-06-03,33.4354,33.4354,33.4354,33.4354,1.0
2025-06-04,33.431,33.431,33.431,33.431,1.0
2025-06-05,33.437,33.437,33.437,33.437,1.0
2025-06-06,33.5011,33.5011,33.5011,33.5011,1.0
2025-06-09,33.4516,33.4516,33.4516,33.4516,1.0
2025-06-10,33.3672,33.3672,33.3672,33.3672,1.0
2025-06-11,33.3367,33.3367,33.3367,33.3367,1.0
2025-06-12,33.3238,33.3238,33.3238,33.3238,1.0
2025-06-13,33.2881,33.2881,33.2881,33.2881,1.0
2025-06-16,33.3277,33.3277,33.3277,33.3277,1.0
2025-06-17,33.3704,33.3704,33.3704,33.3704,1.0
2025-06-18,33.3754,33.3754,33.3754,33.3754,1.0
2025-06-19,33.3351,33.3351,33.3351,33.3351,1.0
2025-06-20,33.333,33.333,33.333,33.333,1.0
2025-06-23,33.3385,33.3385,33.3385,33.3385,1.0
2025-06-24,33.3816,33.3816,33.3816,33.3816,1.0
2025-06-25,33.3606,33.3606,33.3606,33.3606,1.0
2025-06-26,33.356,33.356,33.356,33.356,1.0
2025-06-27,33.341,33.341,33.341,33.341,1.0
2025-06-30,33.3652,33.3652,33.3652,33.3652,1.0
2025-07-01,33.3924,33.3924,33.3924,33.3924,1.0
2025-07-02,33.4279,33.4279,33.4279,33.4279,1.0
2025-07-03,33.448,33.448,33.448,33.448,1.0
2025-07-04,33.4515,33.4515,33.4515,33.4515,1.0
2025-07-07,33.4721,33.4721,33.4721,33.4721,1.0
2025-07-08,33.469,33.469,33.469,33.469,1.0
2025-07-09,33.4672,33.4672,33.4672,33.4672,1.0
2025-07-10,33.4705,33.4705,33.4705,33.4705,1.0
2025-07-11,33.4817,33.4817,33.4817,33.4817,1.0
2025-07-14,33.4994,33.4994,33.4994,33.4994,1.0
2025-07-15,33.5037,33.5037,33.5037,33.5037,1.0
2025-07-16,33.505,33.505,33.505,33.505,1.0
2025-07-17,33.5236,33.5236,33.5236,33.5236,1.0
2025-07-18,33.5478,33.5478,33.5478,33.5478,1.0
2025-07-21,33.5749,33.5749,33.5749,33.5749,1.0
2025-07-22,33.5776,33.5776,33.5776,33.5776,1.0
2025-07-23,33.5884,33.5884,33.5884,33.5884,1.0
2025-07-24,33.5939,33.5939,33.5939,33.5939,1.0
2025-07-25,33.5739,33.5739,33.5739,33.5739,1.0
2025-07-28,33.5737,33.5737,33.5737,33.5737,1.0
2025-07-29,33.569,33.569,33.569,33.569,1.0
2025-07-30,33.5658,33.5658,33.5658,33.5658,1.0
2025-07-31,33.5813,33.5813,33.5813,33.5813,1.0
2025-08-01,33.5995,33.5995,33.5995,33.5995,1.0
2025-08-04,33.6441,33.6441,33.6441,33.6441,1.0
2025-08-05,33.6377,33.6377,33.6377,33.6377,1.0
2025-08-06,33.5612,33.5612,33.5612,33.5612,1.0
2025-08-07,33.5793,33.5793,33.5793,33.5793,1.0
2025-08-08,33.5776,33.5776,33.5776,33.5776,1.0
2025-08-11,33.5483,33.5483,33.5483,33.5483,1.0
2025-08-12,33.4994,33.4994,33.4994,33.4994,1.0
2025-08-13,33.4768,33.4768,33.4768,33.4768,1.0
2025-08-14,33.5384,33.5384,33.5384,33.5384,1.0
2025-08-18,33.5093,33.5093,33.5093,33.5093,1.0
2025-08-19,33.4831,33.4831,33.4831,33.4831,1.0
2025-08-20,33.5112,33.5112,33.5112,33.5112,1.0
2025-08-21,33.5108,33.5108,33.5108,33.5108,1.0
2025-08-22,33.5075,33.5075,33.5075,33.5075,1.0
2025-08-25,33.4921,33.4921,33.4921,33.4921,1.0
2025-08-26,33.4369,33.4369,33.4369,33.4369,1.0
2025-08-28,33.5015,33.5015,33.5015,33.5015,1.0
2025-08-29,33.4711,33.4711,33.4711,33.4711,1.0
2025-09-01,33.477,33.477,33.477,33.477,1.0
2025-09-02,33.4748,33.4748,33.4748,33.4748,1.0
2025-09-03,33.5017,33.5017,33.5017,33.5017,1.0
2025-09-04,33.5385,33.5385,33.5385,33.5385,1.0
2025-09-05,33.5696,33.5696,33.5696,33.5696,1.0
2025-09-09,33.598,33.598,33.598,33.598,1.0
2025-09-10,33.5989,33.5989,33.5989,33.5989,1.0
2025-09-11,33.6058,33.6058,33.6058,33.6058,1.0
2025-09-12,33.6157,33.6157,33.6157,33.6157,1.0
2025-09-15,33.6075,33.6075,33.6075,33.6075,1.0
2025-09-16,33.6098,33.6098,33.6098,33.6098,1.0
2025-09-17,33.6323,33.6323,33.6323,33.6323,1.0
2025-09-18,33.6296,33.6296,33.6296,33.6296,1.0
2025-09-19,33.6302,33.6302,33.6302,33.6302,1.0
2025-09-22,33.6529,33.6529,33.6529,33.6529,1.0
2025-09-23,33.6691,33.6691,33.6691,33.6691,1.0
2025-09-24,33.6695,33.6695,33.6695,33.6695,1.0
2025-09-25,33.6795,33.6795,33.6795,33.6795,1.0
2025-09-26,33.695,33.695,33.695,33.695,1.0
2025-09-30,33.7129,33.7129,33.7129,33.7129,1.0
2025-10-01,33.7493,33.7493,33.7493,33.7493,1.0
2025-10-03,33.7932,33.7932,33.7932,33.7932,1.0
2025-10-06,33.835,33.835,33.835,33.835,1.0
2025-10-07,33.8621,33.8621,33.8621,33.8621,1.0
2025-10-08,33.881,33.881,33.881,33.881,1.0
2025-10-09,33.8816,33.8816,33.8816,33.8816,1.0
2025-10-10,33.8948,33.8948,33.8948,33.8948,1.0
2025-10-13,33.9271,33.9271,33.9271,33.9271,1.0
2025-10-14,33.9347,33.9347,33.9347,33.9347,1.0
2025-10-15,33.9593,33.9593,33.9593,33.9593,1.0
2025-10-16,33.964,33.964,33.964,33.964,1.0
2025-10-17,33.9727,33.9727,33.9727,33.9727,1.0
2025-10-20,33.9855,33.9855,33.9855,33.9855,1.0
2025-10-23,33.9806,33.9806,33.9806,33.9806,1.0
2025-10-24,33.9696,33.9696,33.9696,33.9696,1.0
2025-10-27,33.9787,33.9787,33.9787,33.9787,1.0
2025-10-28,33.9859,33.9859,33.9859,33.9859,1.0
2025-10-29,33.996,33.996,33.996,33.996,1.0
2025-10-30,33.9711,33.9711,33.9711,33.9711,1.0
2025-10-31,33.9882,33.9882,33.9882,33.9882,1.0
2025-11-03,34.0116,34.0116,34.0116,34.0116,1.0
2025-11-04,34.0268,34.0268,34.0268,34.0268,1.0
2025-11-06,34.0449,34.0449,34.0449,34.0449,1.0
2025-11-07,34.0512,34.0512,34.0512,34.0512,1.0
2025-11-10,34.0739,34.0739,34.0739,34.0739,1.0
2025-11-11,34.089,34.089,34.089,34.089,1.0
2025-11-12,34.0967,34.0967,34.0967,34.0967,1.0
2025-11-13,34.0914,34.0914,34.0914,34.0914,1.0
2025-11-14,34.0745,34.0745,34.0745,34.0745,1.0
2025-11-17,34.0758,34.0758,34.0758,34.0758,1.0
2025-11-18,34.0876,34.0876,34.0876,34.0876,1.0
2025-11-19,34.1079,34.1079,34.1079,34.1079,1.0
2025-11-20,34.1146,34.1146,34.1146,34.1146,1.0
2025-11-21,34.1037,34.1037,34.1037,34.1037,1.0
2025-11-24,34.1337,34.1337,34.1337,34.1337,1.0
2025-11-25,34.1549,34.1549,34.1549,34.1549,1.0
2025-11-26,34.1767,34.1767,34.1767,34.1767,1.0
2025-11-27,34.1768,34.1768,34.1768,34.1768,1.0
2025-11-28,34.1633,34.1633,34.1633,34.1633,1.0
2025-12-01,34.144,34.144,34.144,34.144,1.0
2025-12-02,34.1498,34.1498,34.1498,34.1498,1.0
2025-12-03,34.1536,34.1536,34.1536,34.1536,1.0
2025-12-04,34.1564,34.1564,34.1564,34.1564,1.0
2025-12-05,34.2022,34.2022,34.2022,34.2022,1.0
2025-12-08,34.1903,34.1903,34.1903,34.1903,1.0
2025-12-09,34.1304,34.1304,34.1304,34.1304,1.0
2025-12-10,34.0857,34.0857,34.0857,34.0857,1.0
2025-12-11,34.089,34.089,34.089,34.089,1.0
2025-12-12,34.0929,34.0929,34.0929,34.0929,1.0
2025-12-15,34.086,34.086,34.086,34.086,1.0
2025-12-16,34.0924,34.0924,34.0924,34.0924,1.0
2025-12-17,34.0887,34.0887,34.0887,34.0887,1.0
2025-12-18,34.097,34.097,34.097,34.097,1.0
2025-12-19,34.1109,34.1109,34.1109,34.1109,1.0
2025-12-22,34.084,34.084,34.084,34.084,1.0
2025-12-23,34.0857,34.0857,34.0857,34.0857,1.0
2025-12-24,34.1661,34.1661,34.1661,34.1661,1.0
2025-12-26,34.1711,34.1711,34.1711,34.1711,1.0
2025-12-29,34.1857,34.1857,34.1857,34.1857,1.0
2025-12-30,34.1715,34.1715,34.1715,34.1715,1.0
2025-12-31,34.1993,34.1993,34.1993,34.1993,1.0
2026-01-01,34.21,34.21,34.21,34.21,1.0
2026-01-02,34.2043,34.2043,34.2043,34.2043,1.0
2026-01-05,34.1611,34.1611,34.1611,34.1611,1.0
2026-01-06,34.1639,34.1639,34.1639,34.1639,1.0
2026-01-07,34.1584,34.1584,34.1584,34.1584,1.0
2026-01-08,34.1599,34.1599,34.1599,34.1599,1.0
2026-01-09,34.1576,34.1576,34.1576,34.1576,1.0
2026-01-12,34.1837,34.1837,34.1837,34.1837,1.0
2026-01-13,34.1527,34.1527,34.1527,34.1527,1.0
2026-01-14,34.1272,34.1272,34.1272,34.1272,1.0
2026-01-16,34.0773,34.0773,34.0773,34.0773,1.0
2026-01-19,34.0585,34.0585,34.0585,34.0585,1.0
2026-01-20,34.0525,34.0525,34.0525,34.0525,1.0
2026-01-21,34.0556,34.0556,34.0556,34.0556,1.0
2026-01-22,34.0944,34.0944,34.0944,34.0944,1.0
2026-01-23,34.0974,34.0974,34.0974,34.0974,1.0
2026-01-27,34.099,34.099,34.099,34.099,1.0
2026-01-28,34.0976,34.0976,34.0976,34.0976,1.0
2026-01-29,34.1107,34.1107,34.1107,34.1107,1.0
2026-01-30,34.1393,34.1393,34.1393,34.1393,1.0
2026-02-02,34.0887,34.0887,34.0887,34.0887,1.0
2026-02-03,34.1446,34.1446,34.1446,34.1446,1.0
2026-02-04,34.201,34.201,34.201,34.201,1.0
2026-02-05,34.2731,34.2731,34.2731,34.2731,1.0
2026-02-06,34.1816,34.1816,34.1816,34.1816,1.0
2026-02-09,34.1697,34.1697,34.1697,34.1697,1.0
2026-02-10,34.1827,34.1827,34.1827,34.1827,1.0
2026-02-11,34.2149,34.2149,34.2149,34.2149,1.0
2026-02-12,34.254,34.254,34.254,34.254,1.0
2026-02-13,34.3005,34.3005,34.3005,34.3005,1.0
2026-02-16,34.3367,34.3367,34.3367,34.3367,1.0
2026-02-17,34.3516,34.3516,34.3516,34.3516,1.0
2026-02-18,34.3423,34.3423,34.3423,34.3423,1.0
2026-02-20,34.3186,34.3186,34.3186,34.3186,1.0
2026-02-23,34.3524,34.3524,34.3524,34.3524,1.0
2026-02-24,34.3755,34.3755,34.3755,34.3755,1.0
2026-02-25,34.3973,34.3973,34.3973,34.3973,1.0
2026-02-26,34.4068,34.4068,34.4068,34.4068,1.0
2026-02-27,34.421,34.421,34.421,34.421,1.0
2026-03-02,34.4334,34.4334,34.4334,34.4334,1.0
2026-03-04,34.3846,34.3846,34.3846,34.3846,1.0
2026-03-05,34.421,34.421,34.421,34.421,1.0
2026-03-06,34.4111,34.4111,34.4111,34.4111,1.0
2026-03-09,34.3478,34.3478,34.3478,34.3478,1.0
2026-03-10,34.4062,34.4062,34.4062,34.4062,1.0
2026-03-11,34.4275,34.4275,34.4275,34.4275,1.0
2026-03-12,34.3737,34.3737,34.3737,34.3737,1.0
2026-03-13,34.3582,34.3582,34.3582,34.3582,1.0
2026-03-16,34.3415,34.3415,34.3415,34.3415,1.0
2026-03-17,34.3488,34.3488,34.3488,34.3488,1.0
2026-03-18,34.3612,34.3612,34.3612,34.3612,1.0
2026-03-20,34.3347,34.3347,34.3347,34.3347,1.0
2026-03-23,34.2009,34.2009,34.2009,34.2009,1.0
2026-03-24,34.1976,34.1976,34.1976,34.1976,1.0
2026-03-25,34.1957,34.1957,34.1957,34.1957,1.0
2026-03-27,34.1309,34.1309,34.1309,34.1309,1.0
2026-03-30,34.127,34.127,34.127,34.127,1.0
2026-03-31,34.1337,34.1337,34.1337,34.1337,1.0
2026-04-02,34.0641,34.0641,34.0641,34.0641,1.0
2026-04-06,34.1023,34.1023,34.1023,34.1023,1.0
2026-04-07,34.135,34.135,34.135,34.135,1.0
2026-04-08,34.313,34.313,34.313,34.313,1.0
2026-04-09,34.3351,34.3351,34.3351,34.3351,1.0
2026-04-10,34.374,34.374,34.374,34.374,1.0
2026-04-13,34.3683,34.3683,34.3683,34.3683,1.0
2026-04-15,34.4557,34.4557,34.4557,34.4557,1.0
2026-04-16,34.4557,34.4557,34.4557,34.4557,1.0
2026-04-17,34.4571,34.4571,34.4571,34.4571,1.0
2026-04-20,34.4737,34.4737,34.4737,34.4737,1.0
2026-04-21,34.4846,34.4846,34.4846,34.4846,1.0
2026-04-22,34.4768,34.4768,34.4768,34.4768,1.0
2026-04-23,34.442,34.442,34.442,34.442,1.0
2026-04-24,34.4101,34.4101,34.4101,34.4101,1.0
2026-04-27,34.4457,34.4457,34.4457,34.4457,1.0
2026-04-28,34.4185,34.4185,34.4185,34.4185,1.0
2026-04-29,34.3848,34.3848,34.3848,34.3848,1.0
2026-04-30,34.3419,34.3419,34.3419,34.3419,1.0
2026-05-04,34.3754,34.3754,34.3754,34.3754,1.0
2026-05-05,34.366,34.366,34.366,34.366,1.0
2026-05-06,34.4602,34.4602,34.4602,34.4602,1.0
2026-05-07,34.4787,34.4787,34.4787,34.4787,1.0
2026-05-08,34.4666,34.4666,34.4666,34.4666,1.0
2026-05-11,34.4338,34.4338,34.4338,34.4338,1.0
2026-05-12,34.4087,34.4087,34.4087,34.4087,1.0
2026-05-13,34.4033,34.4033,34.4033,34.4033,1.0
2026-05-14,34.4047,34.4047,34.4047,34.4047,1.0
2026-05-15,34.3432,34.3432,34.3432,34.3432,1.0
2026-05-18,34.2315,34.2315,34.2315,34.2315,1.0
2026-05-19,34.2467,34.2467,34.2467,34.2467,1.0
2026-05-20,34.2431,34.2431,34.2431,34.2431,1.0
2026-05-21,34.2095,34.2095,34.2095,34.2095,1.0
2026-05-22,34.244,34.244,34.244,34.244,1.0
2026-05-25,34.3242,34.3242,34.3242,34.3242,1.0
2026-05-26,34.3296,34.3296,34.3296,34.3296,1.0
2026-05-27,34.3517,34.3517,34.3517,34.3517,1.0
2026-05-29,34.3803,34.3803,34.3803,34.3803,1.0
2026-06-01,34.391,34.391,34.391,34.391,1.0
2026-06-02,34.4124,34.4124,34.4124,34.4124,1.0
2026-06-03,34.4073,34.4073,34.4073,34.4073,1.0
2026-06-04,34.4384,34.4384,34.4384,34.4384,1.0
2026-06-05,34.5647,34.5647,34.5647,34.5647,1.0
2026-06-08,34.6292,34.6292,34.6292,34.6292,1.0
2026-06-09,34.7492,34.7492,34.7492,34.7492,1.0
2026-06-10,34.7753,34.7753,34.7753,34.7753,1.0
2026-06-11,34.7487,34.7487,34.7487,34.7487,1.0
2026-06-12,34.7946,34.7946,34.7946,34.7946,1.0
2026-06-15,34.8444,34.8444,34.8444,34.8444,1.0
2026-06-16,34.8537,34.8537,34.8537,34.8537,1.0
2026-06-17,34.868,34.868,34.868,34.868,1.0
2026-06-18,34.8881,34.8881,34.8881,34.8881,1.0
2026-06-19,34.8906,34.8906,34.8906,34.8906,1.0
2026-06-22,34.9237,34.9237,34.9237,34.9237,1.0
2026-06-23,34.9474,34.9474,34.9474,34.9474,1.0
2026-06-24,34.9995,34.9995,34.9995,34.9995,1.0
2026-06-25,35.0621,35.0621,35.0621,35.0621,1.0
2026-06-29,35.1255,35.1255,35.1255,35.1255,1.0
2026-06-30,35.1869,35.1869,35.1869,35.1869,1.0
2026-07-01,35.1895,35.1895,35.1895,35.1895,1.0
2026-07-02,35.2503,35.2503,35.2503,35.2503,1.0
2026-07-03,35.2555,35.2555,35.2555,35.2555,1.0
