Date,Open,High,Low,Close,Volume
2013-05-28,9.9992,9.9992,9.9992,9.9992,1.0
2013-05-29,10.008,10.008,10.008,10.008,1.0
2013-05-30,10.0327,10.0327,10.0327,10.0327,1.0
2013-05-31,10.0154,10.0154,10.0154,10.0154,1.0
2013-06-03,10.0572,10.0572,10.0572,10.0572,1.0
2013-06-04,10.0339,10.0339,10.0339,10.0339,1.0
2013-06-05,10.0273,10.0273,10.0273,10.0273,1.0
2013-06-06,10.0328,10.0328,10.0328,10.0328,1.0
2013-06-07,10.0235,10.0235,10.0235,10.0235,1.0
2013-06-10,9.9957,9.9957,9.9957,9.9957,1.0
2013-06-11,9.954,9.954,9.954,9.954,1.0
2013-06-12,9.9288,9.9288,9.9288,9.9288,1.0
2013-06-13,9.9118,9.9118,9.9118,9.9118,1.0
2013-06-14,9.9549,9.9549,9.9549,9.9549,1.0
2013-06-17,9.9818,9.9818,9.9818,9.9818,1.0
2013-06-18,9.9964,9.9964,9.9964,9.9964,1.0
2013-06-19,10.0085,10.0085,10.0085,10.0085,1.0
2013-06-20,9.9306,9.9306,9.9306,9.9306,1.0
2013-06-21,9.9161,9.9161,9.9161,9.9161,1.0
2013-06-24,9.8034,9.8034,9.8034,9.8034,1.0
2013-06-25,9.7828,9.7828,9.7828,9.7828,1.0
2013-06-26,9.7543,9.7543,9.7543,9.7543,1.0
2013-06-27,9.7919,9.7919,9.7919,9.7919,1.0
2013-06-28,9.8992,9.8992,9.8992,9.8992,1.0
2013-07-01,9.9352,9.9352,9.9352,9.9352,1.0
2013-07-02,9.9357,9.9357,9.9357,9.9357,1.0
2013-07-03,9.9149,9.9149,9.9149,9.9149,1.0
2013-07-04,9.9544,9.9544,9.9544,9.9544,1.0
2013-07-05,9.9713,9.9713,9.9713,9.9713,1.0
2013-07-08,9.9518,9.9518,9.9518,9.9518,1.0
2013-07-09,10.0018,10.0018,10.0018,10.0018,1.0
2013-07-10,10.0079,10.0079,10.0079,10.0079,1.0
2013-07-11,10.0617,10.0617,10.0617,10.0617,1.0
2013-07-12,10.1284,10.1284,10.1284,10.1284,1.0
2013-07-15,10.1833,10.1833,10.1833,10.1833,1.0
2013-07-16,10.1081,10.1081,10.1081,10.1081,1.0
2013-07-17,10.1534,10.1534,10.1534,10.1534,1.0
2013-07-18,10.2163,10.2163,10.2163,10.2163,1.0
2013-07-19,10.1288,10.1288,10.1288,10.1288,1.0
2013-07-22,10.1909,10.1909,10.1909,10.1909,1.0
2013-07-23,10.1664,10.1664,10.1664,10.1664,1.0
2013-07-24,10.0358,10.0358,10.0358,10.0358,1.0
2013-07-25,9.9699,9.9699,9.9699,9.9699,1.0
2013-07-26,9.9594,9.9594,9.9594,9.9594,1.0
2013-07-29,9.8913,9.8913,9.8913,9.8913,1.0
2013-07-30,9.8424,9.8424,9.8424,9.8424,1.0
2013-07-31,9.7726,9.7726,9.7726,9.7726,1.0
2013-08-01,9.7877,9.7877,9.7877,9.7877,1.0
2013-08-02,9.8152,9.8152,9.8152,9.8152,1.0
2013-08-05,9.7889,9.7889,9.7889,9.7889,1.0
2013-08-06,9.6794,9.6794,9.6794,9.6794,1.0
2013-08-07,9.6912,9.6912,9.6912,9.6912,1.0
2013-08-08,9.8041,9.8041,9.8041,9.8041,1.0
2013-08-12,9.8993,9.8993,9.8993,9.8993,1.0
2013-08-13,9.9669,9.9669,9.9669,9.9669,1.0
2013-08-14,9.9589,9.9589,9.9589,9.9589,1.0
2013-08-16,9.8359,9.8359,9.8359,9.8359,1.0
2013-08-19,9.7064,9.7064,9.7064,9.7064,1.0
2013-08-20,9.7127,9.7127,9.7127,9.7127,1.0
2013-08-21,9.6923,9.6923,9.6923,9.6923,1.0
2013-08-22,9.7025,9.7025,9.7025,9.7025,1.0
2013-08-23,9.7798,9.7798,9.7798,9.7798,1.0
2013-08-26,9.7569,9.7569,9.7569,9.7569,1.0
2013-08-27,9.6567,9.6567,9.6567,9.6567,1.0
2013-08-28,9.6251,9.6251,9.6251,9.6251,1.0
2013-08-29,9.649,9.649,9.649,9.649,1.0
2013-08-30,9.6451,9.6451,9.6451,9.6451,1.0
2013-09-02,9.7168,9.7168,9.7168,9.7168,1.0
2013-09-03,9.657,9.657,9.657,9.657,1.0
2013-09-04,9.6588,9.6588,9.6588,9.6588,1.0
2013-09-05,9.7591,9.7591,9.7591,9.7591,1.0
2013-09-06,9.7627,9.7627,9.7627,9.7627,1.0
2013-09-10,9.8876,9.8876,9.8876,9.8876,1.0
2013-09-11,9.9697,9.9697,9.9697,9.9697,1.0
2013-09-12,10.0016,10.0016,10.0016,10.0016,1.0
2013-09-13,10.04,10.04,10.04,10.04,1.0
2013-09-16,10.0314,10.0314,10.0314,10.0314,1.0
2013-09-17,10.0447,10.0447,10.0447,10.0447,1.0
2013-09-18,10.1245,10.1245,10.1245,10.1245,1.0
2013-09-19,10.2081,10.2081,10.2081,10.2081,1.0
2013-09-20,10.162,10.162,10.162,10.162,1.0
2013-09-23,10.0588,10.0588,10.0588,10.0588,1.0
2013-09-24,10.0423,10.0423,10.0423,10.0423,1.0
2013-09-25,10.0896,10.0896,10.0896,10.0896,1.0
2013-09-26,10.1112,10.1112,10.1112,10.1112,1.0
2013-09-27,10.1148,10.1148,10.1148,10.1148,1.0
2013-09-30,10.1415,10.1415,10.1415,10.1415,1.0
2013-10-01,10.189,10.189,10.189,10.189,1.0
2013-10-03,10.2037,10.2037,10.2037,10.2037,1.0
2013-10-04,10.1524,10.1524,10.1524,10.1524,1.0
2013-10-07,10.1578,10.1578,10.1578,10.1578,1.0
2013-10-08,10.1417,10.1417,10.1417,10.1417,1.0
2013-10-09,10.125,10.125,10.125,10.125,1.0
2013-10-10,10.1775,10.1775,10.1775,10.1775,1.0
2013-10-11,10.247,10.247,10.247,10.247,1.0
2013-10-14,10.3426,10.3426,10.3426,10.3426,1.0
2013-10-15,10.3314,10.3314,10.3314,10.3314,1.0
2013-10-17,10.334,10.334,10.334,10.334,1.0
2013-10-18,10.4605,10.4605,10.4605,10.4605,1.0
2013-10-21,10.5421,10.5421,10.5421,10.5421,1.0
2013-10-22,10.5722,10.5722,10.5722,10.5722,1.0
2013-10-23,10.59,10.59,10.59,10.59,1.0
2013-10-24,10.5668,10.5668,10.5668,10.5668,1.0
2013-10-25,10.5451,10.5451,10.5451,10.5451,1.0
2013-10-28,10.5689,10.5689,10.5689,10.5689,1.0
2013-10-29,10.5966,10.5966,10.5966,10.5966,1.0
2013-10-30,10.6077,10.6077,10.6077,10.6077,1.0
2013-10-31,10.6939,10.6939,10.6939,10.6939,1.0
2013-11-01,10.7386,10.7386,10.7386,10.7386,1.0
2013-11-05,10.8176,10.8176,10.8176,10.8176,1.0
2013-11-06,10.8172,10.8172,10.8172,10.8172,1.0
2013-11-07,10.7677,10.7677,10.7677,10.7677,1.0
2013-11-08,10.7003,10.7003,10.7003,10.7003,1.0
2013-11-11,10.6757,10.6757,10.6757,10.6757,1.0
2013-11-12,10.6621,10.6621,10.6621,10.6621,1.0
2013-11-13,10.6513,10.6513,10.6513,10.6513,1.0
2013-11-14,10.7331,10.7331,10.7331,10.7331,1.0
2013-11-18,10.8401,10.8401,10.8401,10.8401,1.0
2013-11-19,10.8503,10.8503,10.8503,10.8503,1.0
2013-11-20,10.8985,10.8985,10.8985,10.8985,1.0
2013-11-21,10.8418,10.8418,10.8418,10.8418,1.0
2013-11-22,10.768,10.768,10.768,10.768,1.0
2013-11-25,10.7797,10.7797,10.7797,10.7797,1.0
2013-11-26,10.7274,10.7274,10.7274,10.7274,1.0
2013-11-27,10.7691,10.7691,10.7691,10.7691,1.0
2013-11-28,10.7991,10.7991,10.7991,10.7991,1.0
2013-11-29,10.846,10.846,10.846,10.846,1.0
2013-12-02,10.8981,10.8981,10.8981,10.8981,1.0
2013-12-03,10.8084,10.8084,10.8084,10.8084,1.0
2013-12-04,10.7896,10.7896,10.7896,10.7896,1.0
2013-12-05,10.8336,10.8336,10.8336,10.8336,1.0
2013-12-06,10.8184,10.8184,10.8184,10.8184,1.0
2013-12-09,10.8408,10.8408,10.8408,10.8408,1.0
2013-12-10,10.7427,10.7427,10.7427,10.7427,1.0
2013-12-11,10.7567,10.7567,10.7567,10.7567,1.0
2013-12-12,10.6884,10.6884,10.6884,10.6884,1.0
2013-12-13,10.6091,10.6091,10.6091,10.6091,1.0
2013-12-16,10.6361,10.6361,10.6361,10.6361,1.0
2013-12-17,10.6524,10.6524,10.6524,10.6524,1.0
2013-12-18,10.7329,10.7329,10.7329,10.7329,1.0
2013-12-19,10.8157,10.8157,10.8157,10.8157,1.0
2013-12-20,10.941,10.941,10.941,10.941,1.0
2013-12-23,11.0652,11.0652,11.0652,11.0652,1.0
2013-12-24,11.0721,11.0721,11.0721,11.0721,1.0
2013-12-26,11.1355,11.1355,11.1355,11.1355,1.0
2013-12-27,11.0722,11.0722,11.0722,11.0722,1.0
2013-12-30,11.1084,11.1084,11.1084,11.1084,1.0
2013-12-31,11.1547,11.1547,11.1547,11.1547,1.0
2014-01-01,11.1989,11.1989,11.1989,11.1989,1.0
2014-01-02,11.1112,11.1112,11.1112,11.1112,1.0
2014-01-03,11.0683,11.0683,11.0683,11.0683,1.0
2014-01-06,11.096,11.096,11.096,11.096,1.0
2014-01-07,11.0785,11.0785,11.0785,11.0785,1.0
2014-01-08,11.1456,11.1456,11.1456,11.1456,1.0
2014-01-09,11.0692,11.0692,11.0692,11.0692,1.0
2014-01-10,11.0265,11.0265,11.0265,11.0265,1.0
2014-01-13,11.0608,11.0608,11.0608,11.0608,1.0
2014-01-14,10.9881,10.9881,10.9881,10.9881,1.0
2014-01-15,11.0221,11.0221,11.0221,11.0221,1.0
2014-01-16,11.0033,11.0033,11.0033,11.0033,1.0
2014-01-17,10.9352,10.9352,10.9352,10.9352,1.0
2014-01-20,10.9517,10.9517,10.9517,10.9517,1.0
2014-01-21,11.0025,11.0025,11.0025,11.0025,1.0
2014-01-22,11.0006,11.0006,11.0006,11.0006,1.0
2014-01-23,10.9885,10.9885,10.9885,10.9885,1.0
2014-01-24,10.8968,10.8968,10.8968,10.8968,1.0
2014-01-27,10.7091,10.7091,10.7091,10.7091,1.0
2014-01-28,10.6857,10.6857,10.6857,10.6857,1.0
2014-01-29,10.6848,10.6848,10.6848,10.6848,1.0
2014-01-30,10.5725,10.5725,10.5725,10.5725,1.0
2014-01-31,10.6438,10.6438,10.6438,10.6438,1.0
2014-02-03,10.5936,10.5936,10.5936,10.5936,1.0
2014-02-04,10.5495,10.5495,10.5495,10.5495,1.0
2014-02-05,10.6007,10.6007,10.6007,10.6007,1.0
2014-02-06,10.5796,10.5796,10.5796,10.5796,1.0
2014-02-07,10.6708,10.6708,10.6708,10.6708,1.0
2014-02-10,10.6731,10.6731,10.6731,10.6731,1.0
2014-02-11,10.6719,10.6719,10.6719,10.6719,1.0
2014-02-12,10.7134,10.7134,10.7134,10.7134,1.0
2014-02-13,10.6896,10.6896,10.6896,10.6896,1.0
2014-02-14,10.6687,10.6687,10.6687,10.6687,1.0
2014-02-17,10.6533,10.6533,10.6533,10.6533,1.0
2014-02-18,10.7411,10.7411,10.7411,10.7411,1.0
2014-02-19,10.7629,10.7629,10.7629,10.7629,1.0
2014-02-20,10.7235,10.7235,10.7235,10.7235,1.0
2014-02-21,10.8109,10.8109,10.8109,10.8109,1.0
2014-02-24,11.0148,11.0148,11.0148,11.0148,1.0
2014-02-25,11.0815,11.0815,11.0815,11.0815,1.0
2014-02-26,11.1744,11.1744,11.1744,11.1744,1.0
2014-02-28,11.2518,11.2518,11.2518,11.2518,1.0
2014-03-03,11.2452,11.2452,11.2452,11.2452,1.0
2014-03-04,11.2667,11.2667,11.2667,11.2667,1.0
2014-03-05,11.2884,11.2884,11.2884,11.2884,1.0
2014-03-06,11.2679,11.2679,11.2679,11.2679,1.0
2014-03-07,11.3085,11.3085,11.3085,11.3085,1.0
2014-03-10,11.4985,11.4985,11.4985,11.4985,1.0
2014-03-11,11.4713,11.4713,11.4713,11.4713,1.0
2014-03-12,11.4834,11.4834,11.4834,11.4834,1.0
2014-03-13,11.3758,11.3758,11.3758,11.3758,1.0
2014-03-14,11.3554,11.3554,11.3554,11.3554,1.0
2014-03-18,11.4273,11.4273,11.4273,11.4273,1.0
2014-03-19,11.5625,11.5625,11.5625,11.5625,1.0
2014-03-20,11.5785,11.5785,11.5785,11.5785,1.0
2014-03-21,11.5856,11.5856,11.5856,11.5856,1.0
2014-03-24,11.5871,11.5871,11.5871,11.5871,1.0
2014-03-25,11.5784,11.5784,11.5784,11.5784,1.0
2014-03-26,11.6398,11.6398,11.6398,11.6398,1.0
2014-03-27,11.6695,11.6695,11.6695,11.6695,1.0
2014-03-28,11.748,11.748,11.748,11.748,1.0
2014-03-31,11.8137,11.8137,11.8137,11.8137,1.0
2014-04-01,11.8804,11.8804,11.8804,11.8804,1.0
2014-04-02,12.0649,12.0649,12.0649,12.0649,1.0
2014-04-03,12.0915,12.0915,12.0915,12.0915,1.0
2014-04-04,12.1481,12.1481,12.1481,12.1481,1.0
2014-04-07,12.0871,12.0871,12.0871,12.0871,1.0
2014-04-09,12.2782,12.2782,12.2782,12.2782,1.0
2014-04-10,12.2949,12.2949,12.2949,12.2949,1.0
2014-04-11,12.3807,12.3807,12.3807,12.3807,1.0
2014-04-15,12.2743,12.2743,12.2743,12.2743,1.0
2014-04-16,12.3187,12.3187,12.3187,12.3187,1.0
2014-04-17,12.4306,12.4306,12.4306,12.4306,1.0
2014-04-21,12.4694,12.4694,12.4694,12.4694,1.0
2014-04-22,12.4885,12.4885,12.4885,12.4885,1.0
2014-04-23,12.4753,12.4753,12.4753,12.4753,1.0
2014-04-25,12.3786,12.3786,12.3786,12.3786,1.0
2014-04-28,12.4204,12.4204,12.4204,12.4204,1.0
2014-04-29,12.4935,12.4935,12.4935,12.4935,1.0
2014-04-30,12.3584,12.3584,12.3584,12.3584,1.0
2014-05-02,12.4242,12.4242,12.4242,12.4242,1.0
2014-05-05,12.4325,12.4325,12.4325,12.4325,1.0
2014-05-06,12.4622,12.4622,12.4622,12.4622,1.0
2014-05-07,12.4311,12.4311,12.4311,12.4311,1.0
2014-05-08,12.4271,12.4271,12.4271,12.4271,1.0
2014-05-09,12.5176,12.5176,12.5176,12.5176,1.0
2014-05-12,12.6053,12.6053,12.6053,12.6053,1.0
2014-05-13,12.7077,12.7077,12.7077,12.7077,1.0
2014-05-14,12.7734,12.7734,12.7734,12.7734,1.0
2014-05-15,12.6632,12.6632,12.6632,12.6632,1.0
2014-05-16,12.7013,12.7013,12.7013,12.7013,1.0
2014-05-19,12.9717,12.9717,12.9717,12.9717,1.0
2014-05-20,13.0987,13.0987,13.0987,13.0987,1.0
2014-05-21,13.1093,13.1093,13.1093,13.1093,1.0
2014-05-22,13.2732,13.2732,13.2732,13.2732,1.0
2014-05-23,13.473,13.473,13.473,13.473,1.0
2014-05-26,13.3511,13.3511,13.3511,13.3511,1.0
2014-05-27,13.4168,13.4168,13.4168,13.4168,1.0
2014-05-28,13.6706,13.6706,13.6706,13.6706,1.0
2014-05-29,13.5845,13.5845,13.5845,13.5845,1.0
2014-05-30,13.4618,13.4618,13.4618,13.4618,1.0
2014-06-02,13.6321,13.6321,13.6321,13.6321,1.0
2014-06-03,13.5443,13.5443,13.5443,13.5443,1.0
2014-06-04,13.6994,13.6994,13.6994,13.6994,1.0
2014-06-05,13.7994,13.7994,13.7994,13.7994,1.0
2014-06-06,13.9518,13.9518,13.9518,13.9518,1.0
2014-06-09,14.0318,14.0318,14.0318,14.0318,1.0
2014-06-10,14.2521,14.2521,14.2521,14.2521,1.0
2014-06-11,14.1681,14.1681,14.1681,14.1681,1.0
2014-06-12,14.1725,14.1725,14.1725,14.1725,1.0
2014-06-13,13.9309,13.9309,13.9309,13.9309,1.0
2014-06-16,13.9161,13.9161,13.9161,13.9161,1.0
2014-06-17,14.051,14.051,14.051,14.051,1.0
2014-06-18,13.9986,13.9986,13.9986,13.9986,1.0
2014-06-19,13.841,13.841,13.841,13.841,1.0
2014-06-20,13.8653,13.8653,13.8653,13.8653,1.0
2014-06-23,13.8812,13.8812,13.8812,13.8812,1.0
2014-06-24,14.0416,14.0416,14.0416,14.0416,1.0
2014-06-25,14.0057,14.0057,14.0057,14.0057,1.0
2014-06-26,13.99,13.99,13.99,13.99,1.0
2014-06-27,14.0133,14.0133,14.0133,14.0133,1.0
2014-06-30,14.138,14.138,14.138,14.138,1.0
2014-07-01,14.2673,14.2673,14.2673,14.2673,1.0
2014-07-02,14.5529,14.5529,14.5529,14.5529,1.0
2014-07-03,14.6173,14.6173,14.6173,14.6173,1.0
2014-07-04,14.7542,14.7542,14.7542,14.7542,1.0
2014-07-07,14.9297,14.9297,14.9297,14.9297,1.0
2014-07-08,14.6602,14.6602,14.6602,14.6602,1.0
2014-07-09,14.5514,14.5514,14.5514,14.5514,1.0
2014-07-10,14.4947,14.4947,14.4947,14.4947,1.0
2014-07-11,14.2041,14.2041,14.2041,14.2041,1.0
2014-07-14,14.216,14.216,14.216,14.216,1.0
2014-07-15,14.4261,14.4261,14.4261,14.4261,1.0
2014-07-16,14.6046,14.6046,14.6046,14.6046,1.0
2014-07-17,14.7858,14.7858,14.7858,14.7858,1.0
2014-07-18,14.832,14.832,14.832,14.832,1.0
2014-07-21,14.8651,14.8651,14.8651,14.8651,1.0
2014-07-22,14.8192,14.8192,14.8192,14.8192,1.0
2014-07-23,14.7925,14.7925,14.7925,14.7925,1.0
2014-07-24,14.8635,14.8635,14.8635,14.8635,1.0
2014-07-25,14.7349,14.7349,14.7349,14.7349,1.0
2014-07-28,14.6928,14.6928,14.6928,14.6928,1.0
2014-07-30,14.6067,14.6067,14.6067,14.6067,1.0
2014-07-31,14.5541,14.5541,14.5541,14.5541,1.0
2014-08-01,14.4505,14.4505,14.4505,14.4505,1.0
2014-08-04,14.4983,14.4983,14.4983,14.4983,1.0
2014-08-05,14.5281,14.5281,14.5281,14.5281,1.0
2014-08-06,14.4394,14.4394,14.4394,14.4394,1.0
2014-08-07,14.3763,14.3763,14.3763,14.3763,1.0
2014-08-08,14.2103,14.2103,14.2103,14.2103,1.0
2014-08-11,14.2756,14.2756,14.2756,14.2756,1.0
2014-08-12,14.2497,14.2497,14.2497,14.2497,1.0
2014-08-13,14.0822,14.0822,14.0822,14.0822,1.0
2014-08-14,14.1563,14.1563,14.1563,14.1563,1.0
2014-08-18,14.4029,14.4029,14.4029,14.4029,1.0
2014-08-19,14.5322,14.5322,14.5322,14.5322,1.0
2014-08-20,14.5899,14.5899,14.5899,14.5899,1.0
2014-08-21,14.6151,14.6151,14.6151,14.6151,1.0
2014-08-22,14.5703,14.5703,14.5703,14.5703,1.0
2014-08-25,14.4776,14.4776,14.4776,14.4776,1.0
2014-08-26,14.433,14.433,14.433,14.433,1.0
2014-08-27,14.5243,14.5243,14.5243,14.5243,1.0
2014-08-28,14.5063,14.5063,14.5063,14.5063,1.0
2014-09-01,14.5886,14.5886,14.5886,14.5886,1.0
2014-09-02,14.7742,14.7742,14.7742,14.7742,1.0
2014-09-03,14.7603,14.7603,14.7603,14.7603,1.0
2014-09-04,14.7548,14.7548,14.7548,14.7548,1.0
2014-09-05,14.7395,14.7395,14.7395,14.7395,1.0
2014-09-08,14.8275,14.8275,14.8275,14.8275,1.0
2014-09-09,14.8143,14.8143,14.8143,14.8143,1.0
2014-09-10,14.8494,14.8494,14.8494,14.8494,1.0
2014-09-11,15.0675,15.0675,15.0675,15.0675,1.0
2014-09-12,15.1353,15.1353,15.1353,15.1353,1.0
2014-09-15,15.1571,15.1571,15.1571,15.1571,1.0
2014-09-16,14.798,14.798,14.798,14.798,1.0
2014-09-17,14.8824,14.8824,14.8824,14.8824,1.0
2014-09-18,15.1506,15.1506,15.1506,15.1506,1.0
2014-09-19,15.2407,15.2407,15.2407,15.2407,1.0
2014-09-22,15.2844,15.2844,15.2844,15.2844,1.0
2014-09-23,15.1033,15.1033,15.1033,15.1033,1.0
2014-09-24,14.9214,14.9214,14.9214,14.9214,1.0
2014-09-25,14.7508,14.7508,14.7508,14.7508,1.0
2014-09-26,14.7782,14.7782,14.7782,14.7782,1.0
2014-09-29,14.8788,14.8788,14.8788,14.8788,1.0
2014-09-30,14.7827,14.7827,14.7827,14.7827,1.0
2014-10-01,14.8235,14.8235,14.8235,14.8235,1.0
2014-10-07,14.6456,14.6456,14.6456,14.6456,1.0
2014-10-08,14.5722,14.5722,14.5722,14.5722,1.0
2014-10-09,14.7594,14.7594,14.7594,14.7594,1.0
2014-10-10,14.5769,14.5769,14.5769,14.5769,1.0
2014-10-13,14.5167,14.5167,14.5167,14.5167,1.0
2014-10-14,14.462,14.462,14.462,14.462,1.0
2014-10-16,14.3874,14.3874,14.3874,14.3874,1.0
2014-10-17,14.3896,14.3896,14.3896,14.3896,1.0
2014-10-20,14.4761,14.4761,14.4761,14.4761,1.0
2014-10-21,14.509,14.509,14.509,14.509,1.0
2014-10-22,14.6208,14.6208,14.6208,14.6208,1.0
2014-10-27,14.7208,14.7208,14.7208,14.7208,1.0
2014-10-28,14.6982,14.6982,14.6982,14.6982,1.0
2014-10-29,14.7456,14.7456,14.7456,14.7456,1.0
2014-10-30,14.8042,14.8042,14.8042,14.8042,1.0
2014-10-31,14.9338,14.9338,14.9338,14.9338,1.0
2014-11-03,15.1612,15.1612,15.1612,15.1612,1.0
2014-11-05,15.0834,15.0834,15.0834,15.0834,1.0
2014-11-07,15.0911,15.0911,15.0911,15.0911,1.0
2014-11-10,15.0768,15.0768,15.0768,15.0768,1.0
2014-11-11,15.169,15.169,15.169,15.169,1.0
2014-11-12,15.1974,15.1974,15.1974,15.1974,1.0
2014-11-13,15.0945,15.0945,15.0945,15.0945,1.0
2014-11-14,15.1046,15.1046,15.1046,15.1046,1.0
2014-11-17,15.1272,15.1272,15.1272,15.1272,1.0
2014-11-18,15.1613,15.1613,15.1613,15.1613,1.0
2014-11-19,15.1682,15.1682,15.1682,15.1682,1.0
2014-11-20,15.1239,15.1239,15.1239,15.1239,1.0
2014-11-21,15.2023,15.2023,15.2023,15.2023,1.0
2014-11-24,15.2649,15.2649,15.2649,15.2649,1.0
2014-11-25,15.2011,15.2011,15.2011,15.2011,1.0
2014-11-26,15.3714,15.3714,15.3714,15.3714,1.0
2014-11-27,15.4273,15.4273,15.4273,15.4273,1.0
2014-11-28,15.5459,15.5459,15.5459,15.5459,1.0
2014-12-01,15.6125,15.6125,15.6125,15.6125,1.0
2014-12-02,15.7448,15.7448,15.7448,15.7448,1.0
2014-12-03,15.8292,15.8292,15.8292,15.8292,1.0
2014-12-04,15.8709,15.8709,15.8709,15.8709,1.0
2014-12-05,15.8547,15.8547,15.8547,15.8547,1.0
2014-12-08,15.8646,15.8646,15.8646,15.8646,1.0
2014-12-09,15.7483,15.7483,15.7483,15.7483,1.0
2014-12-10,15.7657,15.7657,15.7657,15.7657,1.0
2014-12-11,15.6429,15.6429,15.6429,15.6429,1.0
2014-12-12,15.4891,15.4891,15.4891,15.4891,1.0
2014-12-15,15.4012,15.4012,15.4012,15.4012,1.0
2014-12-16,15.1489,15.1489,15.1489,15.1489,1.0
2014-12-17,15.1163,15.1163,15.1163,15.1163,1.0
2014-12-18,15.4964,15.4964,15.4964,15.4964,1.0
2014-12-19,15.6972,15.6972,15.6972,15.6972,1.0
2014-12-22,15.7712,15.7712,15.7712,15.7712,1.0
2014-12-23,15.9438,15.9438,15.9438,15.9438,1.0
2014-12-24,15.9903,15.9903,15.9903,15.9903,1.0
2014-12-26,16.003,16.003,16.003,16.003,1.0
2014-12-29,16.0431,16.0431,16.0431,16.0431,1.0
2014-12-30,16.0644,16.0644,16.0644,16.0644,1.0
2014-12-31,16.2296,16.2296,16.2296,16.2296,1.0
2015-01-01,16.2594,16.2594,16.2594,16.2594,1.0
2015-01-02,16.3896,16.3896,16.3896,16.3896,1.0
2015-01-05,16.3987,16.3987,16.3987,16.3987,1.0
2015-01-06,16.042,16.042,16.042,16.042,1.0
2015-01-07,15.9459,15.9459,15.9459,15.9459,1.0
2015-01-08,16.085,16.085,16.085,16.085,1.0
2015-01-09,16.1482,16.1482,16.1482,16.1482,1.0
2015-01-12,16.1654,16.1654,16.1654,16.1654,1.0
2015-01-13,16.202,16.202,16.202,16.202,1.0
2015-01-14,16.1434,16.1434,16.1434,16.1434,1.0
2015-01-15,16.266,16.266,16.266,16.266,1.0
2015-01-16,16.2718,16.2718,16.2718,16.2718,1.0
2015-01-19,16.3404,16.3404,16.3404,16.3404,1.0
2015-01-20,16.461,16.461,16.461,16.461,1.0
2015-01-21,16.422,16.422,16.422,16.422,1.0
2015-01-22,16.4925,16.4925,16.4925,16.4925,1.0
2015-01-23,16.5457,16.5457,16.5457,16.5457,1.0
2015-01-27,16.5044,16.5044,16.5044,16.5044,1.0
2015-01-28,16.4665,16.4665,16.4665,16.4665,1.0
2015-01-29,16.4071,16.4071,16.4071,16.4071,1.0
2015-01-30,16.3233,16.3233,16.3233,16.3233,1.0
2015-02-02,16.3279,16.3279,16.3279,16.3279,1.0
2015-02-03,16.2575,16.2575,16.2575,16.2575,1.0
2015-02-04,16.2352,16.2352,16.2352,16.2352,1.0
2015-02-05,16.1287,16.1287,16.1287,16.1287,1.0
2015-02-06,16.0507,16.0507,16.0507,16.0507,1.0
2015-02-09,16.0053,16.0053,16.0053,16.0053,1.0
2015-02-10,15.9399,15.9399,15.9399,15.9399,1.0
2015-02-11,16.0161,16.0161,16.0161,16.0161,1.0
2015-02-12,16.0907,16.0907,16.0907,16.0907,1.0
2015-02-13,16.3021,16.3021,16.3021,16.3021,1.0
2015-02-16,16.3025,16.3025,16.3025,16.3025,1.0
2015-02-18,16.3244,16.3244,16.3244,16.3244,1.0
2015-02-19,16.2559,16.2559,16.2559,16.2559,1.0
2015-02-20,16.2915,16.2915,16.2915,16.2915,1.0
2015-02-23,16.239,16.239,16.239,16.239,1.0
2015-02-24,16.2005,16.2005,16.2005,16.2005,1.0
2015-02-25,16.2364,16.2364,16.2364,16.2364,1.0
2015-02-26,16.2366,16.2366,16.2366,16.2366,1.0
2015-02-27,16.3792,16.3792,16.3792,16.3792,1.0
2015-03-02,16.7452,16.7452,16.7452,16.7452,1.0
2015-03-03,16.7754,16.7754,16.7754,16.7754,1.0
2015-03-04,16.8506,16.8506,16.8506,16.8506,1.0
2015-03-05,16.9303,16.9303,16.9303,16.9303,1.0
2015-03-09,16.7325,16.7325,16.7325,16.7325,1.0
2015-03-10,16.6424,16.6424,16.6424,16.6424,1.0
2015-03-11,16.5862,16.5862,16.5862,16.5862,1.0
2015-03-12,16.6038,16.6038,16.6038,16.6038,1.0
2015-03-13,16.537,16.537,16.537,16.537,1.0
2015-03-16,16.4421,16.4421,16.4421,16.4421,1.0
2015-03-17,16.6889,16.6889,16.6889,16.6889,1.0
2015-03-18,16.7067,16.7067,16.7067,16.7067,1.0
2015-03-19,16.682,16.682,16.682,16.682,1.0
2015-03-20,16.5214,16.5214,16.5214,16.5214,1.0
2015-03-23,16.5039,16.5039,16.5039,16.5039,1.0
2015-03-24,16.4938,16.4938,16.4938,16.4938,1.0
2015-03-25,16.4621,16.4621,16.4621,16.4621,1.0
2015-03-26,16.2482,16.2482,16.2482,16.2482,1.0
2015-03-27,16.2595,16.2595,16.2595,16.2595,1.0
2015-03-30,16.3905,16.3905,16.3905,16.3905,1.0
2015-03-31,16.4697,16.4697,16.4697,16.4697,1.0
2015-04-01,16.5589,16.5589,16.5589,16.5589,1.0
2015-04-06,16.5628,16.5628,16.5628,16.5628,1.0
2015-04-07,16.6045,16.6045,16.6045,16.6045,1.0
2015-04-08,16.6891,16.6891,16.6891,16.6891,1.0
2015-04-09,16.7948,16.7948,16.7948,16.7948,1.0
2015-04-10,16.8989,16.8989,16.8989,16.8989,1.0
2015-04-13,16.8958,16.8958,16.8958,16.8958,1.0
2015-04-15,16.8162,16.8162,16.8162,16.8162,1.0
2015-04-16,16.8679,16.8679,16.8679,16.8679,1.0
2015-04-17,16.8565,16.8565,16.8565,16.8565,1.0
2015-04-20,16.6865,16.6865,16.6865,16.6865,1.0
2015-04-21,16.7661,16.7661,16.7661,16.7661,1.0
2015-04-22,16.7796,16.7796,16.7796,16.7796,1.0
2015-04-23,16.7616,16.7616,16.7616,16.7616,1.0
2015-04-24,16.615,16.615,16.615,16.615,1.0
2015-04-27,16.4284,16.4284,16.4284,16.4284,1.0
2015-04-28,16.648,16.648,16.648,16.648,1.0
2015-04-29,16.7186,16.7186,16.7186,16.7186,1.0
2015-04-30,16.7415,16.7415,16.7415,16.7415,1.0
2015-05-04,16.9236,16.9236,16.9236,16.9236,1.0
2015-05-05,16.8783,16.8783,16.8783,16.8783,1.0
2015-05-06,16.539,16.539,16.539,16.539,1.0
2015-05-07,16.3605,16.3605,16.3605,16.3605,1.0
2015-05-08,16.5439,16.5439,16.5439,16.5439,1.0
2015-05-11,16.7742,16.7742,16.7742,16.7742,1.0
2015-05-12,16.7175,16.7175,16.7175,16.7175,1.0
2015-05-13,16.7915,16.7915,16.7915,16.7915,1.0
2015-05-14,16.8057,16.8057,16.8057,16.8057,1.0
2015-05-15,16.8764,16.8764,16.8764,16.8764,1.0
2015-05-18,16.963,16.963,16.963,16.963,1.0
2015-05-19,16.9475,16.9475,16.9475,16.9475,1.0
2015-05-20,17.0129,17.0129,17.0129,17.0129,1.0
2015-05-21,16.9888,16.9888,16.9888,16.9888,1.0
2015-05-22,16.9656,16.9656,16.9656,16.9656,1.0
2015-05-25,16.9074,16.9074,16.9074,16.9074,1.0
2015-05-26,16.9014,16.9014,16.9014,16.9014,1.0
2015-05-27,16.8344,16.8344,16.8344,16.8344,1.0
2015-05-28,16.8628,16.8628,16.8628,16.8628,1.0
2015-05-29,16.9597,16.9597,16.9597,16.9597,1.0
2015-06-01,16.8919,16.8919,16.8919,16.8919,1.0
2015-06-02,16.7223,16.7223,16.7223,16.7223,1.0
2015-06-03,16.617,16.617,16.617,16.617,1.0
2015-06-04,16.6551,16.6551,16.6551,16.6551,1.0
2015-06-05,16.5652,16.5652,16.5652,16.5652,1.0
2015-06-08,16.4776,16.4776,16.4776,16.4776,1.0
2015-06-09,16.4288,16.4288,16.4288,16.4288,1.0
2015-06-10,16.4792,16.4792,16.4792,16.4792,1.0
2015-06-11,16.469,16.469,16.469,16.469,1.0
2015-06-12,16.5427,16.5427,16.5427,16.5427,1.0
2015-06-15,16.5428,16.5428,16.5428,16.5428,1.0
2015-06-16,16.5428,16.5428,16.5428,16.5428,1.0
2015-06-17,16.6193,16.6193,16.6193,16.6193,1.0
2015-06-18,16.7002,16.7002,16.7002,16.7002,1.0
2015-06-19,16.7421,16.7421,16.7421,16.7421,1.0
2015-06-22,16.8923,16.8923,16.8923,16.8923,1.0
2015-06-23,16.9541,16.9541,16.9541,16.9541,1.0
2015-06-24,16.9159,16.9159,16.9159,16.9159,1.0
2015-06-25,16.9076,16.9076,16.9076,16.9076,1.0
2015-06-26,16.8993,16.8993,16.8993,16.8993,1.0
2015-06-29,16.8026,16.8026,16.8026,16.8026,1.0
2015-06-30,16.7392,16.7392,16.7392,16.7392,1.0
2015-07-01,16.8275,16.8275,16.8275,16.8275,1.0
2015-07-02,16.8941,16.8941,16.8941,16.8941,1.0
2015-07-03,16.9065,16.9065,16.9065,16.9065,1.0
2015-07-06,16.937,16.937,16.937,16.937,1.0
2015-07-07,17.0401,17.0401,17.0401,17.0401,1.0
2015-07-08,16.9199,16.9199,16.9199,16.9199,1.0
2015-07-09,16.8255,16.8255,16.8255,16.8255,1.0
2015-07-10,16.8145,16.8145,16.8145,16.8145,1.0
2015-07-13,16.9542,16.9542,16.9542,16.9542,1.0
2015-07-14,17.0137,17.0137,17.0137,17.0137,1.0
2015-07-15,17.1124,17.1124,17.1124,17.1124,1.0
2015-07-16,17.2139,17.2139,17.2139,17.2139,1.0
2015-07-17,17.353,17.353,17.353,17.353,1.0
2015-07-20,17.5914,17.5914,17.5914,17.5914,1.0
2015-07-21,17.4381,17.4381,17.4381,17.4381,1.0
2015-07-22,17.4756,17.4756,17.4756,17.4756,1.0
2015-07-23,17.3986,17.3986,17.3986,17.3986,1.0
2015-07-24,17.225,17.225,17.225,17.225,1.0
2015-07-27,16.9719,16.9719,16.9719,16.9719,1.0
2015-07-28,16.9681,16.9681,16.9681,16.9681,1.0
2015-07-29,17.0553,17.0553,17.0553,17.0553,1.0
2015-07-30,17.1318,17.1318,17.1318,17.1318,1.0
2015-07-31,17.1952,17.1952,17.1952,17.1952,1.0
2015-08-03,17.3661,17.3661,17.3661,17.3661,1.0
2015-08-04,17.4151,17.4151,17.4151,17.4151,1.0
2015-08-05,17.3809,17.3809,17.3809,17.3809,1.0
2015-08-06,17.4855,17.4855,17.4855,17.4855,1.0
2015-08-07,17.4492,17.4492,17.4492,17.4492,1.0
2015-08-10,17.3679,17.3679,17.3679,17.3679,1.0
2015-08-11,17.3169,17.3169,17.3169,17.3169,1.0
2015-08-12,17.1477,17.1477,17.1477,17.1477,1.0
2015-08-13,17.1021,17.1021,17.1021,17.1021,1.0
2015-08-14,17.2288,17.2288,17.2288,17.2288,1.0
2015-08-17,17.2445,17.2445,17.2445,17.2445,1.0
2015-08-18,17.265,17.265,17.265,17.265,1.0
2015-08-19,17.3231,17.3231,17.3231,17.3231,1.0
2015-08-20,17.1514,17.1514,17.1514,17.1514,1.0
2015-08-21,17.0198,17.0198,17.0198,17.0198,1.0
2015-08-24,16.2191,16.2191,16.2191,16.2191,1.0
2015-08-25,16.3163,16.3163,16.3163,16.3163,1.0
2015-08-26,16.21,16.21,16.21,16.21,1.0
2015-08-27,16.5639,16.5639,16.5639,16.5639,1.0
2015-08-28,16.6064,16.6064,16.6064,16.6064,1.0
2015-08-31,16.5872,16.5872,16.5872,16.5872,1.0
2015-09-01,16.3755,16.3755,16.3755,16.3755,1.0
2015-09-02,16.2434,16.2434,16.2434,16.2434,1.0
2015-09-03,16.3746,16.3746,16.3746,16.3746,1.0
2015-09-04,16.1642,16.1642,16.1642,16.1642,1.0
2015-09-07,15.9404,15.9404,15.9404,15.9404,1.0
2015-09-08,16.0955,16.0955,16.0955,16.0955,1.0
2015-09-09,16.3121,16.3121,16.3121,16.3121,1.0
2015-09-10,16.3057,16.3057,16.3057,16.3057,1.0
2015-09-11,16.36,16.36,16.36,16.36,1.0
2015-09-14,16.4771,16.4771,16.4771,16.4771,1.0
2015-09-15,16.2858,16.2858,16.2858,16.2858,1.0
2015-09-16,16.3547,16.3547,16.3547,16.3547,1.0
2015-09-18,16.5086,16.5086,16.5086,16.5086,1.0
2015-09-21,16.4225,16.4225,16.4225,16.4225,1.0
2015-09-22,16.33,16.33,16.33,16.33,1.0
2015-09-23,16.255,16.255,16.255,16.255,1.0
2015-09-24,16.2562,16.2562,16.2562,16.2562,1.0
2015-09-28,16.227,16.227,16.227,16.227,1.0
2015-09-29,16.0695,16.0695,16.0695,16.0695,1.0
2015-09-30,16.1357,16.1357,16.1357,16.1357,1.0
2015-10-01,16.1448,16.1448,16.1448,16.1448,1.0
2015-10-05,16.387,16.387,16.387,16.387,1.0
2015-10-06,16.4672,16.4672,16.4672,16.4672,1.0
2015-10-07,16.4584,16.4584,16.4584,16.4584,1.0
2015-10-08,16.425,16.425,16.425,16.425,1.0
2015-10-09,16.5139,16.5139,16.5139,16.5139,1.0
2015-10-12,16.5215,16.5215,16.5215,16.5215,1.0
2015-10-13,16.6312,16.6312,16.6312,16.6312,1.0
2015-10-14,16.7306,16.7306,16.7306,16.7306,1.0
2015-10-15,16.8024,16.8024,16.8024,16.8024,1.0
2015-10-16,16.8506,16.8506,16.8506,16.8506,1.0
2015-10-19,16.854,16.854,16.854,16.854,1.0
2015-10-20,16.9259,16.9259,16.9259,16.9259,1.0
2015-10-21,16.8546,16.8546,16.8546,16.8546,1.0
2015-10-23,16.9417,16.9417,16.9417,16.9417,1.0
2015-10-26,17.2001,17.2001,17.2001,17.2001,1.0
2015-10-27,17.2854,17.2854,17.2854,17.2854,1.0
2015-10-28,17.1653,17.1653,17.1653,17.1653,1.0
2015-10-29,17.2493,17.2493,17.2493,17.2493,1.0
2015-10-30,17.2922,17.2922,17.2922,17.2922,1.0
2015-11-02,17.3999,17.3999,17.3999,17.3999,1.0
2015-11-03,17.4589,17.4589,17.4589,17.4589,1.0
2015-11-04,17.3896,17.3896,17.3896,17.3896,1.0
2015-11-05,17.3254,17.3254,17.3254,17.3254,1.0
2015-11-06,17.1974,17.1974,17.1974,17.1974,1.0
2015-11-09,17.1912,17.1912,17.1912,17.1912,1.0
2015-11-10,17.0605,17.0605,17.0605,17.0605,1.0
2015-11-13,17.1115,17.1115,17.1115,17.1115,1.0
2015-11-16,17.1051,17.1051,17.1051,17.1051,1.0
2015-11-17,17.2018,17.2018,17.2018,17.2018,1.0
2015-11-18,17.1046,17.1046,17.1046,17.1046,1.0
2015-11-19,17.2649,17.2649,17.2649,17.2649,1.0
2015-11-20,17.3094,17.3094,17.3094,17.3094,1.0
2015-11-23,17.421,17.421,17.421,17.421,1.0
2015-11-24,17.4213,17.4213,17.4213,17.4213,1.0
2015-11-26,17.6377,17.6377,17.6377,17.6377,1.0
2015-11-27,17.6701,17.6701,17.6701,17.6701,1.0
2015-11-30,17.8154,17.8154,17.8154,17.8154,1.0
2015-12-01,17.72,17.72,17.72,17.72,1.0
2015-12-02,17.7626,17.7626,17.7626,17.7626,1.0
2015-12-03,17.723,17.723,17.723,17.723,1.0
2015-12-04,17.632,17.632,17.632,17.632,1.0
2015-12-07,17.6875,17.6875,17.6875,17.6875,1.0
2015-12-08,17.5734,17.5734,17.5734,17.5734,1.0
2015-12-09,17.3727,17.3727,17.3727,17.3727,1.0
2015-12-10,17.4146,17.4146,17.4146,17.4146,1.0
2015-12-11,17.2944,17.2944,17.2944,17.2944,1.0
2015-12-14,17.211,17.211,17.211,17.211,1.0
2015-12-15,17.3142,17.3142,17.3142,17.3142,1.0
2015-12-16,17.3893,17.3893,17.3893,17.3893,1.0
2015-12-17,17.5397,17.5397,17.5397,17.5397,1.0
2015-12-18,17.4762,17.4762,17.4762,17.4762,1.0
2015-12-21,17.4792,17.4792,17.4792,17.4792,1.0
2015-12-22,17.5738,17.5738,17.5738,17.5738,1.0
2015-12-23,17.6517,17.6517,17.6517,17.6517,1.0
2015-12-24,17.6266,17.6266,17.6266,17.6266,1.0
2015-12-28,17.7102,17.7102,17.7102,17.7102,1.0
2015-12-29,17.7387,17.7387,17.7387,17.7387,1.0
2015-12-30,17.7863,17.7863,17.7863,17.7863,1.0
2015-12-31,17.7732,17.7732,17.7732,17.7732,1.0
2016-01-01,17.7309,17.7309,17.7309,17.7309,1.0
2016-01-04,17.6198,17.6198,17.6198,17.6198,1.0
2016-01-05,17.5779,17.5779,17.5779,17.5779,1.0
2016-01-06,17.5596,17.5596,17.5596,17.5596,1.0
2016-01-07,17.2838,17.2838,17.2838,17.2838,1.0
2016-01-08,17.2514,17.2514,17.2514,17.2514,1.0
2016-01-11,17.1288,17.1288,17.1288,17.1288,1.0
2016-01-12,17.0742,17.0742,17.0742,17.0742,1.0
2016-01-13,16.9492,16.9492,16.9492,16.9492,1.0
2016-01-14,16.7277,16.7277,16.7277,16.7277,1.0
2016-01-15,16.5564,16.5564,16.5564,16.5564,1.0
2016-01-18,15.9963,15.9963,15.9963,15.9963,1.0
2016-01-19,16.2189,16.2189,16.2189,16.2189,1.0
2016-01-20,16.1072,16.1072,16.1072,16.1072,1.0
2016-01-21,16.1241,16.1241,16.1241,16.1241,1.0
2016-01-22,16.3124,16.3124,16.3124,16.3124,1.0
2016-01-25,16.451,16.451,16.451,16.451,1.0
2016-01-27,16.4458,16.4458,16.4458,16.4458,1.0
2016-01-28,16.3986,16.3986,16.3986,16.3986,1.0
2016-01-29,16.5919,16.5919,16.5919,16.5919,1.0
2016-02-01,16.6609,16.6609,16.6609,16.6609,1.0
2016-02-02,16.6031,16.6031,16.6031,16.6031,1.0
2016-02-03,16.4455,16.4455,16.4455,16.4455,1.0
2016-02-04,16.3545,16.3545,16.3545,16.3545,1.0
2016-02-05,16.3692,16.3692,16.3692,16.3692,1.0
2016-02-08,16.3234,16.3234,16.3234,16.3234,1.0
2016-02-09,16.2121,16.2121,16.2121,16.2121,1.0
2016-02-10,16.0879,16.0879,16.0879,16.0879,1.0
2016-02-11,15.6903,15.6903,15.6903,15.6903,1.0
2016-02-12,15.5877,15.5877,15.5877,15.5877,1.0
2016-02-15,15.9409,15.9409,15.9409,15.9409,1.0
2016-02-16,15.7268,15.7268,15.7268,15.7268,1.0
2016-02-17,15.8319,15.8319,15.8319,15.8319,1.0
2016-02-18,16.0044,16.0044,16.0044,16.0044,1.0
2016-02-19,15.9674,15.9674,15.9674,15.9674,1.0
2016-02-22,15.9948,15.9948,15.9948,15.9948,1.0
2016-02-23,15.9318,15.9318,15.9318,15.9318,1.0
2016-02-24,15.7322,15.7322,15.7322,15.7322,1.0
2016-02-25,15.6638,15.6638,15.6638,15.6638,1.0
2016-02-26,15.7158,15.7158,15.7158,15.7158,1.0
2016-02-29,15.6564,15.6564,15.6564,15.6564,1.0
2016-03-01,15.8379,15.8379,15.8379,15.8379,1.0
2016-03-02,16.1479,16.1479,16.1479,16.1479,1.0
2016-03-03,16.2041,16.2041,16.2041,16.2041,1.0
2016-03-04,16.2373,16.2373,16.2373,16.2373,1.0
2016-03-08,16.1997,16.1997,16.1997,16.1997,1.0
2016-03-09,16.2262,16.2262,16.2262,16.2262,1.0
2016-03-10,16.2049,16.2049,16.2049,16.2049,1.0
2016-03-11,16.258,16.258,16.258,16.258,1.0
2016-03-14,16.3609,16.3609,16.3609,16.3609,1.0
2016-03-15,16.3377,16.3377,16.3377,16.3377,1.0
2016-03-16,16.4116,16.4116,16.4116,16.4116,1.0
2016-03-17,16.5118,16.5118,16.5118,16.5118,1.0
2016-03-18,16.6138,16.6138,16.6138,16.6138,1.0
2016-03-21,16.7221,16.7221,16.7221,16.7221,1.0
2016-03-22,16.7614,16.7614,16.7614,16.7614,1.0
2016-03-23,16.8314,16.8314,16.8314,16.8314,1.0
2016-03-28,16.7035,16.7035,16.7035,16.7035,1.0
2016-03-29,16.7953,16.7953,16.7953,16.7953,1.0
2016-03-30,17.005,17.005,17.005,17.005,1.0
2016-03-31,17.0661,17.0661,17.0661,17.0661,1.0
2016-04-01,17.0291,17.0291,17.0291,17.0291,1.0
2016-04-04,17.0465,17.0465,17.0465,17.0465,1.0
2016-04-05,16.9273,16.9273,16.9273,16.9273,1.0
2016-04-06,16.8446,16.8446,16.8446,16.8446,1.0
2016-04-07,16.8273,16.8273,16.8273,16.8273,1.0
2016-04-08,16.8369,16.8369,16.8369,16.8369,1.0
2016-04-11,16.909,16.909,16.909,16.909,1.0
2016-04-12,16.9352,16.9352,16.9352,16.9352,1.0
2016-04-13,17.1254,17.1254,17.1254,17.1254,1.0
2016-04-18,17.382,17.382,17.382,17.382,1.0
2016-04-20,17.3721,17.3721,17.3721,17.3721,1.0
2016-04-21,17.4061,17.4061,17.4061,17.4061,1.0
2016-04-22,17.4152,17.4152,17.4152,17.4152,1.0
2016-04-25,17.2321,17.2321,17.2321,17.2321,1.0
2016-04-26,17.2348,17.2348,17.2348,17.2348,1.0
2016-04-27,17.1785,17.1785,17.1785,17.1785,1.0
2016-04-28,17.1937,17.1937,17.1937,17.1937,1.0
2016-04-29,17.1537,17.1537,17.1537,17.1537,1.0
2016-05-02,17.1338,17.1338,17.1338,17.1338,1.0
2016-05-03,17.1043,17.1043,17.1043,17.1043,1.0
2016-05-04,17.0432,17.0432,17.0432,17.0432,1.0
2016-05-05,16.9444,16.9444,16.9444,16.9444,1.0
2016-05-06,16.9841,16.9841,16.9841,16.9841,1.0
2016-05-09,17.0948,17.0948,17.0948,17.0948,1.0
2016-05-10,17.1656,17.1656,17.1656,17.1656,1.0
2016-05-11,17.2315,17.2315,17.2315,17.2315,1.0
2016-05-12,17.3688,17.3688,17.3688,17.3688,1.0
2016-05-13,17.3258,17.3258,17.3258,17.3258,1.0
2016-05-16,17.3054,17.3054,17.3054,17.3054,1.0
2016-05-17,17.3681,17.3681,17.3681,17.3681,1.0
2016-05-18,17.325,17.325,17.325,17.325,1.0
2016-05-19,17.2295,17.2295,17.2295,17.2295,1.0
2016-05-20,17.0392,17.0392,17.0392,17.0392,1.0
2016-05-23,17.0928,17.0928,17.0928,17.0928,1.0
2016-05-24,17.08,17.08,17.08,17.08,1.0
2016-05-25,17.2329,17.2329,17.2329,17.2329,1.0
2016-05-26,17.4042,17.4042,17.4042,17.4042,1.0
2016-05-27,17.4235,17.4235,17.4235,17.4235,1.0
2016-05-30,17.4826,17.4826,17.4826,17.4826,1.0
2016-05-31,17.4491,17.4491,17.4491,17.4491,1.0
2016-06-01,17.4435,17.4435,17.4435,17.4435,1.0
2016-06-02,17.4014,17.4014,17.4014,17.4014,1.0
2016-06-03,17.4335,17.4335,17.4335,17.4335,1.0
2016-06-06,17.3983,17.3983,17.3983,17.3983,1.0
2016-06-07,17.5363,17.5363,17.5363,17.5363,1.0
2016-06-08,17.5812,17.5812,17.5812,17.5812,1.0
2016-06-09,17.6456,17.6456,17.6456,17.6456,1.0
2016-06-10,17.6065,17.6065,17.6065,17.6065,1.0
2016-06-13,17.4619,17.4619,17.4619,17.4619,1.0
2016-06-14,17.4443,17.4443,17.4443,17.4443,1.0
2016-06-15,17.4682,17.4682,17.4682,17.4682,1.0
2016-06-16,17.5674,17.5674,17.5674,17.5674,1.0
2016-06-17,17.5641,17.5641,17.5641,17.5641,1.0
2016-06-20,17.4949,17.4949,17.4949,17.4949,1.0
2016-06-21,17.5603,17.5603,17.5603,17.5603,1.0
2016-06-22,17.5712,17.5712,17.5712,17.5712,1.0
2016-06-23,17.581,17.581,17.581,17.581,1.0
2016-06-24,17.4377,17.4377,17.4377,17.4377,1.0
2016-06-27,17.344,17.344,17.344,17.344,1.0
2016-06-28,17.2582,17.2582,17.2582,17.2582,1.0
2016-06-29,17.4234,17.4234,17.4234,17.4234,1.0
2016-06-30,17.5526,17.5526,17.5526,17.5526,1.0
2016-07-01,17.5883,17.5883,17.5883,17.5883,1.0
2016-07-04,17.7378,17.7378,17.7378,17.7378,1.0
2016-07-05,17.6714,17.6714,17.6714,17.6714,1.0
2016-07-07,17.6633,17.6633,17.6633,17.6633,1.0
2016-07-08,17.6548,17.6548,17.6548,17.6548,1.0
2016-07-11,17.85,17.85,17.85,17.85,1.0
2016-07-12,17.9102,17.9102,17.9102,17.9102,1.0
2016-07-13,17.9342,17.9342,17.9342,17.9342,1.0
2016-07-14,17.8766,17.8766,17.8766,17.8766,1.0
2016-07-15,17.8406,17.8406,17.8406,17.8406,1.0
2016-07-18,17.7917,17.7917,17.7917,17.7917,1.0
2016-07-19,17.9548,17.9548,17.9548,17.9548,1.0
2016-07-20,18.0143,18.0143,18.0143,18.0143,1.0
2016-07-21,18.0206,18.0206,18.0206,18.0206,1.0
2016-07-22,18.055,18.055,18.055,18.055,1.0
2016-07-25,18.1292,18.1292,18.1292,18.1292,1.0
2016-07-26,18.2017,18.2017,18.2017,18.2017,1.0
2016-07-27,18.2201,18.2201,18.2201,18.2201,1.0
2016-07-28,18.3523,18.3523,18.3523,18.3523,1.0
2016-07-29,18.3486,18.3486,18.3486,18.3486,1.0
2016-08-01,18.3375,18.3375,18.3375,18.3375,1.0
2016-08-02,18.3353,18.3353,18.3353,18.3353,1.0
2016-08-03,18.2044,18.2044,18.2044,18.2044,1.0
2016-08-04,18.1847,18.1847,18.1847,18.1847,1.0
2016-08-05,18.394,18.394,18.394,18.394,1.0
2016-08-08,18.4807,18.4807,18.4807,18.4807,1.0
2016-08-09,18.3788,18.3788,18.3788,18.3788,1.0
2016-08-10,18.2848,18.2848,18.2848,18.2848,1.0
2016-08-11,18.3143,18.3143,18.3143,18.3143,1.0
2016-08-12,18.414,18.414,18.414,18.414,1.0
2016-08-16,18.3541,18.3541,18.3541,18.3541,1.0
2016-08-17,18.3077,18.3077,18.3077,18.3077,1.0
2016-08-18,18.4204,18.4204,18.4204,18.4204,1.0
2016-08-19,18.4641,18.4641,18.4641,18.4641,1.0
2016-08-22,18.4543,18.4543,18.4543,18.4543,1.0
2016-08-23,18.4684,18.4684,18.4684,18.4684,1.0
2016-08-24,18.5991,18.5991,18.5991,18.5991,1.0
2016-08-25,18.5848,18.5848,18.5848,18.5848,1.0
2016-08-26,18.6223,18.6223,18.6223,18.6223,1.0
2016-08-29,18.6524,18.6524,18.6524,18.6524,1.0
2016-08-30,18.7714,18.7714,18.7714,18.7714,1.0
2016-08-31,18.8414,18.8414,18.8414,18.8414,1.0
2016-09-01,18.7248,18.7248,18.7248,18.7248,1.0
2016-09-02,18.7691,18.7691,18.7691,18.7691,1.0
2016-09-06,18.9162,18.9162,18.9162,18.9162,1.0
2016-09-07,18.9061,18.9061,18.9061,18.9061,1.0
2016-09-08,18.9369,18.9369,18.9369,18.9369,1.0
2016-09-09,18.8304,18.8304,18.8304,18.8304,1.0
2016-09-12,18.5446,18.5446,18.5446,18.5446,1.0
2016-09-14,18.5834,18.5834,18.5834,18.5834,1.0
2016-09-15,18.5574,18.5574,18.5574,18.5574,1.0
2016-09-16,18.6669,18.6669,18.6669,18.6669,1.0
2016-09-19,18.5769,18.5769,18.5769,18.5769,1.0
2016-09-20,18.5605,18.5605,18.5605,18.5605,1.0
2016-09-21,18.5989,18.5989,18.5989,18.5989,1.0
2016-09-22,18.7464,18.7464,18.7464,18.7464,1.0
2016-09-23,18.7479,18.7479,18.7479,18.7479,1.0
2016-09-26,18.6328,18.6328,18.6328,18.6328,1.0
2016-09-27,18.5842,18.5842,18.5842,18.5842,1.0
2016-09-28,18.6678,18.6678,18.6678,18.6678,1.0
2016-09-29,18.5152,18.5152,18.5152,18.5152,1.0
2016-09-30,18.6047,18.6047,18.6047,18.6047,1.0
2016-10-03,18.7893,18.7893,18.7893,18.7893,1.0
2016-10-04,18.9342,18.9342,18.9342,18.9342,1.0
2016-10-05,19.0092,19.0092,19.0092,19.0092,1.0
2016-10-06,19.075,19.075,19.075,19.075,1.0
2016-10-07,19.1083,19.1083,19.1083,19.1083,1.0
2016-10-10,19.0915,19.0915,19.0915,19.0915,1.0
2016-10-13,19.017,19.017,19.017,19.017,1.0
2016-10-14,19.1743,19.1743,19.1743,19.1743,1.0
2016-10-17,19.285,19.285,19.285,19.285,1.0
2016-10-18,19.3835,19.3835,19.3835,19.3835,1.0
2016-10-19,19.3756,19.3756,19.3756,19.3756,1.0
2016-10-20,19.4001,19.4001,19.4001,19.4001,1.0
2016-10-21,19.4007,19.4007,19.4007,19.4007,1.0
2016-10-24,19.4246,19.4246,19.4246,19.4246,1.0
2016-10-25,19.5028,19.5028,19.5028,19.5028,1.0
2016-10-26,19.3106,19.3106,19.3106,19.3106,1.0
2016-10-27,19.0242,19.0242,19.0242,19.0242,1.0
2016-10-28,19.0744,19.0744,19.0744,19.0744,1.0
2016-11-01,19.0649,19.0649,19.0649,19.0649,1.0
2016-11-02,18.9277,18.9277,18.9277,18.9277,1.0
2016-11-03,18.8354,18.8354,18.8354,18.8354,1.0
2016-11-04,18.6496,18.6496,18.6496,18.6496,1.0
2016-11-07,18.661,18.661,18.661,18.661,1.0
2016-11-08,18.8454,18.8454,18.8454,18.8454,1.0
2016-11-09,18.8162,18.8162,18.8162,18.8162,1.0
2016-11-10,18.9468,18.9468,18.9468,18.9468,1.0
2016-11-11,18.6495,18.6495,18.6495,18.6495,1.0
2016-11-15,18.1541,18.1541,18.1541,18.1541,1.0
2016-11-16,18.212,18.212,18.212,18.212,1.0
2016-11-17,18.1747,18.1747,18.1747,18.1747,1.0
2016-11-18,18.1954,18.1954,18.1954,18.1954,1.0
2016-11-21,17.9961,17.9961,17.9961,17.9961,1.0
2016-11-22,18.0998,18.0998,18.0998,18.0998,1.0
2016-11-23,18.1639,18.1639,18.1639,18.1639,1.0
2016-11-24,18.1892,18.1892,18.1892,18.1892,1.0
2016-11-25,18.2435,18.2435,18.2435,18.2435,1.0
2016-11-28,18.2642,18.2642,18.2642,18.2642,1.0
2016-11-29,18.3164,18.3164,18.3164,18.3164,1.0
2016-11-30,18.4973,18.4973,18.4973,18.4973,1.0
2016-12-01,18.4634,18.4634,18.4634,18.4634,1.0
2016-12-02,18.3265,18.3265,18.3265,18.3265,1.0
2016-12-05,18.3127,18.3127,18.3127,18.3127,1.0
2016-12-06,18.4046,18.4046,18.4046,18.4046,1.0
2016-12-07,18.3324,18.3324,18.3324,18.3324,1.0
2016-12-08,18.5342,18.5342,18.5342,18.5342,1.0
2016-12-09,18.5456,18.5456,18.5456,18.5456,1.0
2016-12-12,18.5693,18.5693,18.5693,18.5693,1.0
2016-12-13,18.5449,18.5449,18.5449,18.5449,1.0
2016-12-14,18.5897,18.5897,18.5897,18.5897,1.0
2016-12-15,18.5923,18.5923,18.5923,18.5923,1.0
2016-12-16,18.604,18.604,18.604,18.604,1.0
2016-12-19,18.5217,18.5217,18.5217,18.5217,1.0
2016-12-20,18.4542,18.4542,18.4542,18.4542,1.0
2016-12-21,18.4505,18.4505,18.4505,18.4505,1.0
2016-12-22,18.2728,18.2728,18.2728,18.2728,1.0
2016-12-23,18.2574,18.2574,18.2574,18.2574,1.0
2016-12-26,18.1524,18.1524,18.1524,18.1524,1.0
2016-12-27,18.2012,18.2012,18.2012,18.2012,1.0
2016-12-28,18.3198,18.3198,18.3198,18.3198,1.0
2016-12-29,18.3732,18.3732,18.3732,18.3732,1.0
2016-12-30,18.4589,18.4589,18.4589,18.4589,1.0
2017-01-02,18.3968,18.3968,18.3968,18.3968,1.0
2017-01-03,18.4653,18.4653,18.4653,18.4653,1.0
2017-01-04,18.4996,18.4996,18.4996,18.4996,1.0
2017-01-05,18.586,18.586,18.586,18.586,1.0
2017-01-06,18.5963,18.5963,18.5963,18.5963,1.0
2017-01-09,18.6347,18.6347,18.6347,18.6347,1.0
2017-01-10,18.6429,18.6429,18.6429,18.6429,1.0
2017-01-11,18.7438,18.7438,18.7438,18.7438,1.0
2017-01-12,18.7226,18.7226,18.7226,18.7226,1.0
2017-01-13,18.6945,18.6945,18.6945,18.6945,1.0
2017-01-16,18.6878,18.6878,18.6878,18.6878,1.0
2017-01-17,18.7614,18.7614,18.7614,18.7614,1.0
2017-01-18,18.818,18.818,18.818,18.818,1.0
2017-01-19,18.8035,18.8035,18.8035,18.8035,1.0
2017-01-20,18.6883,18.6883,18.6883,18.6883,1.0
2017-01-23,18.6936,18.6936,18.6936,18.6936,1.0
2017-01-24,18.8359,18.8359,18.8359,18.8359,1.0
2017-01-25,18.9725,18.9725,18.9725,18.9725,1.0
2017-01-27,19.1329,19.1329,19.1329,19.1329,1.0
2017-01-30,19.1486,19.1486,19.1486,19.1486,1.0
2017-01-31,19.0001,19.0001,19.0001,19.0001,1.0
2017-02-01,19.0838,19.0838,19.0838,19.0838,1.0
2017-02-02,19.1099,19.1099,19.1099,19.1099,1.0
2017-02-03,19.1583,19.1583,19.1583,19.1583,1.0
2017-02-06,19.3135,19.3135,19.3135,19.3135,1.0
2017-02-07,19.3356,19.3356,19.3356,19.3356,1.0
2017-02-08,19.3247,19.3247,19.3247,19.3247,1.0
2017-02-09,19.3789,19.3789,19.3789,19.3789,1.0
2017-02-10,19.3205,19.3205,19.3205,19.3205,1.0
2017-02-13,19.316,19.316,19.316,19.316,1.0
2017-02-14,19.3364,19.3364,19.3364,19.3364,1.0
2017-02-15,19.3286,19.3286,19.3286,19.3286,1.0
2017-02-16,19.3974,19.3974,19.3974,19.3974,1.0
2017-02-17,19.4202,19.4202,19.4202,19.4202,1.0
2017-02-20,19.492,19.492,19.492,19.492,1.0
2017-02-21,19.5744,19.5744,19.5744,19.5744,1.0
2017-02-22,19.5653,19.5653,19.5653,19.5653,1.0
2017-02-23,19.6015,19.6015,19.6015,19.6015,1.0
2017-02-27,19.63,19.63,19.63,19.63,1.0
2017-02-28,19.6606,19.6606,19.6606,19.6606,1.0
2017-03-01,19.7209,19.7209,19.7209,19.7209,1.0
2017-03-02,19.7618,19.7618,19.7618,19.7618,1.0
2017-03-03,19.7183,19.7183,19.7183,19.7183,1.0
2017-03-06,19.7437,19.7437,19.7437,19.7437,1.0
2017-03-07,19.7386,19.7386,19.7386,19.7386,1.0
2017-03-08,19.7017,19.7017,19.7017,19.7017,1.0
2017-03-09,19.6961,19.6961,19.6961,19.6961,1.0
2017-03-10,19.6579,19.6579,19.6579,19.6579,1.0
2017-03-14,19.7982,19.7982,19.7982,19.7982,1.0
2017-03-15,19.8031,19.8031,19.8031,19.8031,1.0
2017-03-16,19.8994,19.8994,19.8994,19.8994,1.0
2017-03-17,19.9411,19.9411,19.9411,19.9411,1.0
2017-03-20,19.9274,19.9274,19.9274,19.9274,1.0
2017-03-21,19.8806,19.8806,19.8806,19.8806,1.0
2017-03-22,19.7119,19.7119,19.7119,19.7119,1.0
2017-03-23,19.7111,19.7111,19.7111,19.7111,1.0
2017-03-24,19.7134,19.7134,19.7134,19.7134,1.0
2017-03-27,19.7549,19.7549,19.7549,19.7549,1.0
2017-03-28,19.8555,19.8555,19.8555,19.8555,1.0
2017-03-29,19.9684,19.9684,19.9684,19.9684,1.0
2017-03-30,19.9781,19.9781,19.9781,19.9781,1.0
2017-03-31,19.9376,19.9376,19.9376,19.9376,1.0
2017-04-03,19.9799,19.9799,19.9799,19.9799,1.0
2017-04-05,19.9909,19.9909,19.9909,19.9909,1.0
2017-04-06,19.9121,19.9121,19.9121,19.9121,1.0
2017-04-07,19.8454,19.8454,19.8454,19.8454,1.0
2017-04-10,19.8621,19.8621,19.8621,19.8621,1.0
2017-04-11,19.9393,19.9393,19.9393,19.9393,1.0
2017-04-12,19.8824,19.8824,19.8824,19.8824,1.0
2017-04-13,19.9003,19.9003,19.9003,19.9003,1.0
2017-04-17,19.9411,19.9411,19.9411,19.9411,1.0
2017-04-18,19.9864,19.9864,19.9864,19.9864,1.0
2017-04-19,19.9572,19.9572,19.9572,19.9572,1.0
2017-04-20,19.931,19.931,19.931,19.931,1.0
2017-04-21,19.9565,19.9565,19.9565,19.9565,1.0
2017-04-24,20.04,20.04,20.04,20.04,1.0
2017-04-25,20.2661,20.2661,20.2661,20.2661,1.0
2017-04-26,20.3498,20.3498,20.3498,20.3498,1.0
2017-04-27,20.3199,20.3199,20.3199,20.3199,1.0
2017-04-28,20.3305,20.3305,20.3305,20.3305,1.0
2017-05-02,20.3697,20.3697,20.3697,20.3697,1.0
2017-05-03,20.3061,20.3061,20.3061,20.3061,1.0
2017-05-04,20.4236,20.4236,20.4236,20.4236,1.0
2017-05-05,20.3637,20.3637,20.3637,20.3637,1.0
2017-05-08,20.4342,20.4342,20.4342,20.4342,1.0
2017-05-09,20.4473,20.4473,20.4473,20.4473,1.0
2017-05-10,20.5377,20.5377,20.5377,20.5377,1.0
2017-05-11,20.4734,20.4734,20.4734,20.4734,1.0
2017-05-12,20.4212,20.4212,20.4212,20.4212,1.0
2017-05-15,20.4913,20.4913,20.4913,20.4913,1.0
2017-05-16,20.5846,20.5846,20.5846,20.5846,1.0
2017-05-17,20.6809,20.6809,20.6809,20.6809,1.0
2017-05-18,20.4518,20.4518,20.4518,20.4518,1.0
2017-05-19,20.4032,20.4032,20.4032,20.4032,1.0
2017-05-22,20.3818,20.3818,20.3818,20.3818,1.0
2017-05-23,20.3351,20.3351,20.3351,20.3351,1.0
2017-05-24,20.2817,20.2817,20.2817,20.2817,1.0
2017-05-25,20.4516,20.4516,20.4516,20.4516,1.0
2017-05-26,20.5865,20.5865,20.5865,20.5865,1.0
2017-05-29,20.548,20.548,20.548,20.548,1.0
2017-05-30,20.6771,20.6771,20.6771,20.6771,1.0
2017-05-31,20.7561,20.7561,20.7561,20.7561,1.0
2017-06-01,20.79,20.79,20.79,20.79,1.0
2017-06-02,20.839,20.839,20.839,20.839,1.0
2017-06-05,20.9076,20.9076,20.9076,20.9076,1.0
2017-06-06,20.9691,20.9691,20.9691,20.9691,1.0
2017-06-07,21.0268,21.0268,21.0268,21.0268,1.0
2017-06-08,21.0633,21.0633,21.0633,21.0633,1.0
2017-06-09,21.1142,21.1142,21.1142,21.1142,1.0
2017-06-12,20.9866,20.9866,20.9866,20.9866,1.0
2017-06-13,21.007,21.007,21.007,21.007,1.0
2017-06-14,21.0562,21.0562,21.0562,21.0562,1.0
2017-06-15,21.0473,21.0473,21.0473,21.0473,1.0
2017-06-16,21.0575,21.0575,21.0575,21.0575,1.0
2017-06-19,21.1512,21.1512,21.1512,21.1512,1.0
2017-06-20,21.2746,21.2746,21.2746,21.2746,1.0
2017-06-21,21.2767,21.2767,21.2767,21.2767,1.0
2017-06-22,21.2553,21.2553,21.2553,21.2553,1.0
2017-06-23,21.1607,21.1607,21.1607,21.1607,1.0
2017-06-27,21.0212,21.0212,21.0212,21.0212,1.0
2017-06-28,20.944,20.944,20.944,20.944,1.0
2017-06-29,21.0941,21.0941,21.0941,21.0941,1.0
2017-06-30,21.0498,21.0498,21.0498,21.0498,1.0
2017-07-03,21.0743,21.0743,21.0743,21.0743,1.0
2017-07-04,21.0588,21.0588,21.0588,21.0588,1.0
2017-07-05,21.1587,21.1587,21.1587,21.1587,1.0
2017-07-06,21.2242,21.2242,21.2242,21.2242,1.0
2017-07-07,21.1737,21.1737,21.1737,21.1737,1.0
2017-07-10,21.2347,21.2347,21.2347,21.2347,1.0
2017-07-11,21.2919,21.2919,21.2919,21.2919,1.0
2017-07-12,21.3525,21.3525,21.3525,21.3525,1.0
2017-07-13,21.4396,21.4396,21.4396,21.4396,1.0
2017-07-14,21.4205,21.4205,21.4205,21.4205,1.0
2017-07-17,21.4763,21.4763,21.4763,21.4763,1.0
2017-07-18,21.4846,21.4846,21.4846,21.4846,1.0
2017-07-19,21.585,21.585,21.585,21.585,1.0
2017-07-20,21.6199,21.6199,21.6199,21.6199,1.0
2017-07-21,21.6792,21.6792,21.6792,21.6792,1.0
2017-07-24,21.6318,21.6318,21.6318,21.6318,1.0
2017-07-25,21.6492,21.6492,21.6492,21.6492,1.0
2017-07-26,21.5679,21.5679,21.5679,21.5679,1.0
2017-07-27,21.6567,21.6567,21.6567,21.6567,1.0
2017-07-28,21.5897,21.5897,21.5897,21.5897,1.0
2017-07-31,21.6668,21.6668,21.6668,21.6668,1.0
2017-08-01,21.6321,21.6321,21.6321,21.6321,1.0
2017-08-02,21.6111,21.6111,21.6111,21.6111,1.0
2017-08-03,21.5009,21.5009,21.5009,21.5009,1.0
2017-08-04,21.5011,21.5011,21.5011,21.5011,1.0
2017-08-07,21.719,21.719,21.719,21.719,1.0
2017-08-08,21.6429,21.6429,21.6429,21.6429,1.0
2017-08-09,21.5216,21.5216,21.5216,21.5216,1.0
2017-08-10,21.2619,21.2619,21.2619,21.2619,1.0
2017-08-11,21.1589,21.1589,21.1589,21.1589,1.0
2017-08-14,21.4087,21.4087,21.4087,21.4087,1.0
2017-08-16,21.5907,21.5907,21.5907,21.5907,1.0
2017-08-17,21.5577,21.5577,21.5577,21.5577,1.0
2017-08-18,21.4647,21.4647,21.4647,21.4647,1.0
2017-08-21,21.3871,21.3871,21.3871,21.3871,1.0
2017-08-22,21.3801,21.3801,21.3801,21.3801,1.0
2017-08-23,21.6361,21.6361,21.6361,21.6361,1.0
2017-08-24,21.6842,21.6842,21.6842,21.6842,1.0
2017-08-28,21.7434,21.7434,21.7434,21.7434,1.0
2017-08-29,21.7681,21.7681,21.7681,21.7681,1.0
2017-08-30,21.8524,21.8524,21.8524,21.8524,1.0
2017-08-31,21.8733,21.8733,21.8733,21.8733,1.0
2017-09-01,22.0013,22.0013,22.0013,22.0013,1.0
2017-09-04,21.8765,21.8765,21.8765,21.8765,1.0
2017-09-05,21.9812,21.9812,21.9812,21.9812,1.0
2017-09-06,21.8204,21.8204,21.8204,21.8204,1.0
2017-09-07,22.0263,22.0263,22.0263,22.0263,1.0
2017-09-08,22.1743,22.1743,22.1743,22.1743,1.0
2017-09-11,22.2923,22.2923,22.2923,22.2923,1.0
2017-09-12,22.4067,22.4067,22.4067,22.4067,1.0
2017-09-13,22.286,22.286,22.286,22.286,1.0
2017-09-14,22.308,22.308,22.308,22.308,1.0
2017-09-15,22.3549,22.3549,22.3549,22.3549,1.0
2017-09-18,22.4678,22.4678,22.4678,22.4678,1.0
2017-09-19,22.4938,22.4938,22.4938,22.4938,1.0
2017-09-20,22.4748,22.4748,22.4748,22.4748,1.0
2017-09-21,22.5515,22.5515,22.5515,22.5515,1.0
2017-09-22,22.2553,22.2553,22.2553,22.2553,1.0
2017-09-25,22.1897,22.1897,22.1897,22.1897,1.0
2017-09-26,22.2382,22.2382,22.2382,22.2382,1.0
2017-09-27,22.1802,22.1802,22.1802,22.1802,1.0
2017-09-28,22.4026,22.4026,22.4026,22.4026,1.0
2017-09-29,22.4944,22.4944,22.4944,22.4944,1.0
2017-10-03,22.581,22.581,22.581,22.581,1.0
2017-10-04,22.5466,22.5466,22.5466,22.5466,1.0
2017-10-05,22.5029,22.5029,22.5029,22.5029,1.0
2017-10-06,22.5917,22.5917,22.5917,22.5917,1.0
2017-10-09,22.5913,22.5913,22.5913,22.5913,1.0
2017-10-10,22.7168,22.7168,22.7168,22.7168,1.0
2017-10-11,22.7101,22.7101,22.7101,22.7101,1.0
2017-10-12,22.8459,22.8459,22.8459,22.8459,1.0
2017-10-13,22.9032,22.9032,22.9032,22.9032,1.0
2017-10-16,22.923,22.923,22.923,22.923,1.0
2017-10-17,22.8927,22.8927,22.8927,22.8927,1.0
2017-10-18,22.8318,22.8318,22.8318,22.8318,1.0
2017-10-23,22.9147,22.9147,22.9147,22.9147,1.0
2017-10-24,22.826,22.826,22.826,22.826,1.0
2017-10-25,22.8401,22.8401,22.8401,22.8401,1.0
2017-10-26,22.8518,22.8518,22.8518,22.8518,1.0
2017-10-27,22.9043,22.9043,22.9043,22.9043,1.0
2017-10-30,23.1326,23.1326,23.1326,23.1326,1.0
2017-10-31,23.1678,23.1678,23.1678,23.1678,1.0
2017-11-01,23.2267,23.2267,23.2267,23.2267,1.0
2017-11-02,23.2389,23.2389,23.2389,23.2389,1.0
2017-11-03,23.223,23.223,23.223,23.223,1.0
2017-11-06,23.2493,23.2493,23.2493,23.2493,1.0
2017-11-07,23.1712,23.1712,23.1712,23.1712,1.0
2017-11-08,23.1668,23.1668,23.1668,23.1668,1.0
2017-11-09,23.2299,23.2299,23.2299,23.2299,1.0
2017-11-10,23.3515,23.3515,23.3515,23.3515,1.0
2017-11-13,23.2987,23.2987,23.2987,23.2987,1.0
2017-11-14,23.2593,23.2593,23.2593,23.2593,1.0
2017-11-15,23.1628,23.1628,23.1628,23.1628,1.0
2017-11-16,23.1071,23.1071,23.1071,23.1071,1.0
2017-11-17,23.1986,23.1986,23.1986,23.1986,1.0
2017-11-20,23.2486,23.2486,23.2486,23.2486,1.0
2017-11-21,23.3772,23.3772,23.3772,23.3772,1.0
2017-11-22,23.4425,23.4425,23.4425,23.4425,1.0
2017-11-23,23.3792,23.3792,23.3792,23.3792,1.0
2017-11-24,23.4031,23.4031,23.4031,23.4031,1.0
2017-11-27,23.4706,23.4706,23.4706,23.4706,1.0
2017-11-28,23.531,23.531,23.531,23.531,1.0
2017-11-29,23.4941,23.4941,23.4941,23.4941,1.0
2017-11-30,23.4262,23.4262,23.4262,23.4262,1.0
2017-12-01,23.414,23.414,23.414,23.414,1.0
2017-12-04,23.399,23.399,23.399,23.399,1.0
2017-12-05,23.3745,23.3745,23.3745,23.3745,1.0
2017-12-06,23.336,23.336,23.336,23.336,1.0
2017-12-07,23.459,23.459,23.459,23.459,1.0
2017-12-08,23.6763,23.6763,23.6763,23.6763,1.0
2017-12-11,23.6445,23.6445,23.6445,23.6445,1.0
2017-12-12,23.5901,23.5901,23.5901,23.5901,1.0
2017-12-13,23.5963,23.5963,23.5963,23.5963,1.0
2017-12-14,23.6201,23.6201,23.6201,23.6201,1.0
2017-12-15,23.7548,23.7548,23.7548,23.7548,1.0
2017-12-18,23.8682,23.8682,23.8682,23.8682,1.0
2017-12-19,23.9915,23.9915,23.9915,23.9915,1.0
2017-12-20,23.9313,23.9313,23.9313,23.9313,1.0
2017-12-21,23.8911,23.8911,23.8911,23.8911,1.0
2017-12-22,23.8591,23.8591,23.8591,23.8591,1.0
2017-12-26,23.9216,23.9216,23.9216,23.9216,1.0
2017-12-27,23.8366,23.8366,23.8366,23.8366,1.0
2017-12-28,23.912,23.912,23.912,23.912,1.0
2017-12-29,24.0155,24.0155,24.0155,24.0155,1.0
2018-01-01,24.0022,24.0022,24.0022,24.0022,1.0
2018-01-02,23.8867,23.8867,23.8867,23.8867,1.0
2018-01-03,23.9624,23.9624,23.9624,23.9624,1.0
2018-01-04,24.0692,24.0692,24.0692,24.0692,1.0
2018-01-05,24.2602,24.2602,24.2602,24.2602,1.0
2018-01-08,24.3825,24.3825,24.3825,24.3825,1.0
2018-01-09,24.389,24.389,24.389,24.389,1.0
2018-01-10,24.4527,24.4527,24.4527,24.4527,1.0
2018-01-11,24.4403,24.4403,24.4403,24.4403,1.0
2018-01-12,24.5179,24.5179,24.5179,24.5179,1.0
2018-01-15,24.5405,24.5405,24.5405,24.5405,1.0
2018-01-16,24.4898,24.4898,24.4898,24.4898,1.0
2018-01-17,24.5658,24.5658,24.5658,24.5658,1.0
2018-01-18,24.5478,24.5478,24.5478,24.5478,1.0
2018-01-19,24.6804,24.6804,24.6804,24.6804,1.0
2018-01-22,24.7645,24.7645,24.7645,24.7645,1.0
2018-01-23,24.8968,24.8968,24.8968,24.8968,1.0
2018-01-24,24.9279,24.9279,24.9279,24.9279,1.0
2018-01-25,24.8838,24.8838,24.8838,24.8838,1.0
2018-01-29,24.8629,24.8629,24.8629,24.8629,1.0
2018-01-30,24.7586,24.7586,24.7586,24.7586,1.0
2018-01-31,24.6526,24.6526,24.6526,24.6526,1.0
2018-02-01,24.6148,24.6148,24.6148,24.6148,1.0
2018-02-02,24.3026,24.3026,24.3026,24.3026,1.0
2018-02-05,23.9446,23.9446,23.9446,23.9446,1.0
2018-02-06,23.5155,23.5155,23.5155,23.5155,1.0
2018-02-07,23.7522,23.7522,23.7522,23.7522,1.0
2018-02-08,23.8953,23.8953,23.8953,23.8953,1.0
2018-02-09,23.6062,23.6062,23.6062,23.6062,1.0
2018-02-12,23.733,23.733,23.733,23.733,1.0
2018-02-14,23.9028,23.9028,23.9028,23.9028,1.0
2018-02-15,23.9235,23.9235,23.9235,23.9235,1.0
2018-02-16,23.8965,23.8965,23.8965,23.8965,1.0
2018-02-19,23.8472,23.8472,23.8472,23.8472,1.0
2018-02-20,23.8643,23.8643,23.8643,23.8643,1.0
2018-02-21,23.8517,23.8517,23.8517,23.8517,1.0
2018-02-22,23.881,23.881,23.881,23.881,1.0
2018-02-23,24.0526,24.0526,24.0526,24.0526,1.0
2018-02-26,24.235,24.235,24.235,24.235,1.0
2018-02-27,24.3072,24.3072,24.3072,24.3072,1.0
2018-02-28,24.158,24.158,24.158,24.158,1.0
2018-03-01,24.0247,24.0247,24.0247,24.0247,1.0
2018-03-05,23.787,23.787,23.787,23.787,1.0
2018-03-06,23.8103,23.8103,23.8103,23.8103,1.0
2018-03-07,23.7273,23.7273,23.7273,23.7273,1.0
2018-03-08,23.8123,23.8123,23.8123,23.8123,1.0
2018-03-09,23.8226,23.8226,23.8226,23.8226,1.0
2018-03-12,24.0299,24.0299,24.0299,24.0299,1.0
2018-03-13,24.0771,24.0771,24.0771,24.0771,1.0
2018-03-14,23.93,23.93,23.93,23.93,1.0
2018-03-15,23.9856,23.9856,23.9856,23.9856,1.0
2018-03-16,23.839,23.839,23.839,23.839,1.0
2018-03-19,23.6366,23.6366,23.6366,23.6366,1.0
2018-03-20,23.4615,23.4615,23.4615,23.4615,1.0
2018-03-21,23.4188,23.4188,23.4188,23.4188,1.0
2018-03-22,23.3215,23.3215,23.3215,23.3215,1.0
2018-03-23,22.9944,22.9944,22.9944,22.9944,1.0
2018-03-26,23.0584,23.0584,23.0584,23.0584,1.0
2018-03-27,23.1745,23.1745,23.1745,23.1745,1.0
2018-03-28,22.9248,22.9248,22.9248,22.9248,1.0
2018-04-02,23.1121,23.1121,23.1121,23.1121,1.0
2018-04-03,23.0664,23.0664,23.0664,23.0664,1.0
2018-04-04,23.0448,23.0448,23.0448,23.0448,1.0
2018-04-05,23.2377,23.2377,23.2377,23.2377,1.0
2018-04-06,23.4551,23.4551,23.4551,23.4551,1.0
2018-04-09,23.4644,23.4644,23.4644,23.4644,1.0
2018-04-10,23.499,23.499,23.499,23.499,1.0
2018-04-11,23.5595,23.5595,23.5595,23.5595,1.0
2018-04-12,23.5754,23.5754,23.5754,23.5754,1.0
2018-04-13,23.6301,23.6301,23.6301,23.6301,1.0
2018-04-16,23.6884,23.6884,23.6884,23.6884,1.0
2018-04-17,23.7419,23.7419,23.7419,23.7419,1.0
2018-04-18,23.7885,23.7885,23.7885,23.7885,1.0
2018-04-19,23.7685,23.7685,23.7685,23.7685,1.0
2018-04-20,23.848,23.848,23.848,23.848,1.0
2018-04-23,23.7761,23.7761,23.7761,23.7761,1.0
2018-04-24,23.8781,23.8781,23.8781,23.8781,1.0
2018-04-25,23.6817,23.6817,23.6817,23.6817,1.0
2018-04-26,23.697,23.697,23.697,23.697,1.0
2018-04-27,23.9822,23.9822,23.9822,23.9822,1.0
2018-04-30,24.1046,24.1046,24.1046,24.1046,1.0
2018-05-02,23.9507,23.9507,23.9507,23.9507,1.0
2018-05-03,23.8823,23.8823,23.8823,23.8823,1.0
2018-05-04,23.8201,23.8201,23.8201,23.8201,1.0
2018-05-07,23.9446,23.9446,23.9446,23.9446,1.0
2018-05-08,23.985,23.985,23.985,23.985,1.0
2018-05-09,24.0225,24.0225,24.0225,24.0225,1.0
2018-05-10,24.046,24.046,24.046,24.046,1.0
2018-05-11,24.1926,24.1926,24.1926,24.1926,1.0
2018-05-14,24.2366,24.2366,24.2366,24.2366,1.0
2018-05-15,24.2909,24.2909,24.2909,24.2909,1.0
2018-05-16,24.2766,24.2766,24.2766,24.2766,1.0
2018-05-17,24.3748,24.3748,24.3748,24.3748,1.0
2018-05-18,24.2885,24.2885,24.2885,24.2885,1.0
2018-05-21,24.0117,24.0117,24.0117,24.0117,1.0
2018-05-22,24.2693,24.2693,24.2693,24.2693,1.0
2018-05-23,24.1905,24.1905,24.1905,24.1905,1.0
2018-05-24,24.2017,24.2017,24.2017,24.2017,1.0
2018-05-25,24.298,24.298,24.298,24.298,1.0
2018-05-28,24.3155,24.3155,24.3155,24.3155,1.0
2018-05-29,24.2944,24.2944,24.2944,24.2944,1.0
2018-05-30,24.2946,24.2946,24.2946,24.2946,1.0
2018-05-31,24.293,24.293,24.293,24.293,1.0
2018-06-01,24.2655,24.2655,24.2655,24.2655,1.0
2018-06-04,24.2593,24.2593,24.2593,24.2593,1.0
2018-06-05,24.1523,24.1523,24.1523,24.1523,1.0
2018-06-06,24.2372,24.2372,24.2372,24.2372,1.0
2018-06-07,24.3553,24.3553,24.3553,24.3553,1.0
2018-06-08,24.4881,24.4881,24.4881,24.4881,1.0
2018-06-11,24.6082,24.6082,24.6082,24.6082,1.0
2018-06-12,24.8178,24.8178,24.8178,24.8178,1.0
2018-06-13,24.7997,24.7997,24.7997,24.7997,1.0
2018-06-14,24.8297,24.8297,24.8297,24.8297,1.0
2018-06-15,24.8694,24.8694,24.8694,24.8694,1.0
2018-06-18,24.9431,24.9431,24.9431,24.9431,1.0
2018-06-19,24.9404,24.9404,24.9404,24.9404,1.0
2018-06-20,24.9442,24.9442,24.9442,24.9442,1.0
2018-06-21,25.0151,25.0151,25.0151,25.0151,1.0
2018-06-22,24.9886,24.9886,24.9886,24.9886,1.0
2018-06-25,25.029,25.029,25.029,25.029,1.0
2018-06-26,24.7693,24.7693,24.7693,24.7693,1.0
2018-06-27,24.6289,24.6289,24.6289,24.6289,1.0
2018-06-28,24.3044,24.3044,24.3044,24.3044,1.0
2018-06-29,24.4894,24.4894,24.4894,24.4894,1.0
2018-07-02,24.487,24.487,24.487,24.487,1.0
2018-07-03,24.566,24.566,24.566,24.566,1.0
2018-07-04,24.7756,24.7756,24.7756,24.7756,1.0
2018-07-05,24.8273,24.8273,24.8273,24.8273,1.0
2018-07-06,25.0613,25.0613,25.0613,25.0613,1.0
2018-07-09,25.261,25.261,25.261,25.261,1.0
2018-07-10,25.3657,25.3657,25.3657,25.3657,1.0
2018-07-11,25.3064,25.3064,25.3064,25.3064,1.0
2018-07-12,25.3093,25.3093,25.3093,25.3093,1.0
2018-07-13,25.3257,25.3257,25.3257,25.3257,1.0
2018-07-16,25.1669,25.1669,25.1669,25.1669,1.0
2018-07-17,25.2035,25.2035,25.2035,25.2035,1.0
2018-07-18,25.2953,25.2953,25.2953,25.2953,1.0
2018-07-19,25.296,25.296,25.296,25.296,1.0
2018-07-20,25.451,25.451,25.451,25.451,1.0
2018-07-23,25.4632,25.4632,25.4632,25.4632,1.0
2018-07-24,25.5762,25.5762,25.5762,25.5762,1.0
2018-07-25,25.6847,25.6847,25.6847,25.6847,1.0
2018-07-26,25.807,25.807,25.807,25.807,1.0
2018-07-27,25.6163,25.6163,25.6163,25.6163,1.0
2018-07-30,25.5139,25.5139,25.5139,25.5139,1.0
2018-07-31,25.4667,25.4667,25.4667,25.4667,1.0
2018-08-01,25.4946,25.4946,25.4946,25.4946,1.0
2018-08-02,25.4975,25.4975,25.4975,25.4975,1.0
2018-08-03,25.772,25.772,25.772,25.772,1.0
2018-08-06,25.8349,25.8349,25.8349,25.8349,1.0
2018-08-07,25.9508,25.9508,25.9508,25.9508,1.0
2018-08-08,25.9868,25.9868,25.9868,25.9868,1.0
2018-08-09,26.0032,26.0032,26.0032,26.0032,1.0
2018-08-10,25.9092,25.9092,25.9092,25.9092,1.0
2018-08-13,25.7608,25.7608,25.7608,25.7608,1.0
2018-08-14,25.9312,25.9312,25.9312,25.9312,1.0
2018-08-16,26.0185,26.0185,26.0185,26.0185,1.0
2018-08-17,26.0426,26.0426,26.0426,26.0426,1.0
2018-08-20,26.0423,26.0423,26.0423,26.0423,1.0
2018-08-21,26.0474,26.0474,26.0474,26.0474,1.0
2018-08-23,26.0969,26.0969,26.0969,26.0969,1.0
2018-08-24,26.0619,26.0619,26.0619,26.0619,1.0
2018-08-27,26.2572,26.2572,26.2572,26.2572,1.0
2018-08-28,26.424,26.424,26.424,26.424,1.0
2018-08-29,26.4529,26.4529,26.4529,26.4529,1.0
2018-08-30,26.5161,26.5161,26.5161,26.5161,1.0
2018-08-31,26.4697,26.4697,26.4697,26.4697,1.0
2018-09-03,26.3399,26.3399,26.3399,26.3399,1.0
2018-09-04,26.2316,26.2316,26.2316,26.2316,1.0
2018-09-05,25.9845,25.9845,25.9845,25.9845,1.0
2018-09-06,26.0822,26.0822,26.0822,26.0822,1.0
2018-09-07,26.1159,26.1159,26.1159,26.1159,1.0
2018-09-10,25.9784,25.9784,25.9784,25.9784,1.0
2018-09-11,25.889,25.889,25.889,25.889,1.0
2018-09-12,25.8616,25.8616,25.8616,25.8616,1.0
2018-09-14,25.9212,25.9212,25.9212,25.9212,1.0
2018-09-17,25.7486,25.7486,25.7486,25.7486,1.0
2018-09-18,25.5631,25.5631,25.5631,25.5631,1.0
2018-09-19,25.5436,25.5436,25.5436,25.5436,1.0
2018-09-21,25.4779,25.4779,25.4779,25.4779,1.0
2018-09-24,25.2504,25.2504,25.2504,25.2504,1.0
2018-09-25,25.296,25.296,25.296,25.296,1.0
2018-09-26,25.2972,25.2972,25.2972,25.2972,1.0
2018-09-27,25.1033,25.1033,25.1033,25.1033,1.0
2018-09-28,25.0927,25.0927,25.0927,25.0927,1.0
2018-10-01,25.0111,25.0111,25.0111,25.0111,1.0
2018-10-03,24.8945,24.8945,24.8945,24.8945,1.0
2018-10-04,24.7645,24.7645,24.7645,24.7645,1.0
2018-10-05,24.3539,24.3539,24.3539,24.3539,1.0
2018-10-08,24.0456,24.0456,24.0456,24.0456,1.0
2018-10-09,24.0259,24.0259,24.0259,24.0259,1.0
2018-10-10,24.2182,24.2182,24.2182,24.2182,1.0
2018-10-11,23.7732,23.7732,23.7732,23.7732,1.0
2018-10-12,23.904,23.904,23.904,23.904,1.0
2018-10-15,24.0684,24.0684,24.0684,24.0684,1.0
2018-10-16,24.1122,24.1122,24.1122,24.1122,1.0
2018-10-17,24.1226,24.1226,24.1226,24.1226,1.0
2018-10-19,23.8373,23.8373,23.8373,23.8373,1.0
2018-10-22,23.6998,23.6998,23.6998,23.6998,1.0
2018-10-23,23.6342,23.6342,23.6342,23.6342,1.0
2018-10-24,23.6359,23.6359,23.6359,23.6359,1.0
2018-10-25,23.2909,23.2909,23.2909,23.2909,1.0
2018-10-26,23.4248,23.4248,23.4248,23.4248,1.0
2018-10-29,23.4989,23.4989,23.4989,23.4989,1.0
2018-10-30,23.3472,23.3472,23.3472,23.3472,1.0
2018-10-31,23.6279,23.6279,23.6279,23.6279,1.0
2018-11-01,23.8388,23.8388,23.8388,23.8388,1.0
2018-11-02,23.8364,23.8364,23.8364,23.8364,1.0
2018-11-05,23.7599,23.7599,23.7599,23.7599,1.0
2018-11-06,23.5384,23.5384,23.5384,23.5384,1.0
2018-11-09,23.705,23.705,23.705,23.705,1.0
2018-11-12,23.6286,23.6286,23.6286,23.6286,1.0
2018-11-13,23.5216,23.5216,23.5216,23.5216,1.0
2018-11-14,23.5227,23.5227,23.5227,23.5227,1.0
2018-11-15,23.6072,23.6072,23.6072,23.6072,1.0
2018-11-16,23.8317,23.8317,23.8317,23.8317,1.0
2018-11-19,23.8412,23.8412,23.8412,23.8412,1.0
2018-11-20,23.5392,23.5392,23.5392,23.5392,1.0
2018-11-21,23.514,23.514,23.514,23.514,1.0
2018-11-22,23.59,23.59,23.59,23.59,1.0
2018-11-26,23.6178,23.6178,23.6178,23.6178,1.0
2018-11-27,23.7984,23.7984,23.7984,23.7984,1.0
2018-11-28,23.8769,23.8769,23.8769,23.8769,1.0
2018-11-29,24.043,24.043,24.043,24.043,1.0
2018-11-30,24.1532,24.1532,24.1532,24.1532,1.0
2018-12-03,24.2018,24.2018,24.2018,24.2018,1.0
2018-12-04,24.2282,24.2282,24.2282,24.2282,1.0
2018-12-05,23.9598,23.9598,23.9598,23.9598,1.0
2018-12-06,23.9116,23.9116,23.9116,23.9116,1.0
2018-12-07,23.9702,23.9702,23.9702,23.9702,1.0
2018-12-10,23.744,23.744,23.744,23.744,1.0
2018-12-11,23.8208,23.8208,23.8208,23.8208,1.0
2018-12-12,24.0439,24.0439,24.0439,24.0439,1.0
2018-12-13,24.198,24.198,24.198,24.198,1.0
2018-12-14,24.1537,24.1537,24.1537,24.1537,1.0
2018-12-17,24.1146,24.1146,24.1146,24.1146,1.0
2018-12-18,24.0203,24.0203,24.0203,24.0203,1.0
2018-12-19,24.1616,24.1616,24.1616,24.1616,1.0
2018-12-20,24.0753,24.0753,24.0753,24.0753,1.0
2018-12-21,23.8979,23.8979,23.8979,23.8979,1.0
2018-12-24,23.6853,23.6853,23.6853,23.6853,1.0
2018-12-26,23.6402,23.6402,23.6402,23.6402,1.0
2018-12-27,23.9137,23.9137,23.9137,23.9137,1.0
2018-12-28,24.0258,24.0258,24.0258,24.0258,1.0
2018-12-31,24.0551,24.0551,24.0551,24.0551,1.0
2019-01-01,24.1411,24.1411,24.1411,24.1411,1.0
2019-01-02,24.0361,24.0361,24.0361,24.0361,1.0
2019-01-03,24.0002,24.0002,24.0002,24.0002,1.0
2019-01-04,23.7828,23.7828,23.7828,23.7828,1.0
2019-01-07,23.9844,23.9844,23.9844,23.9844,1.0
2019-01-08,24.0359,24.0359,24.0359,24.0359,1.0
2019-01-09,24.1682,24.1682,24.1682,24.1682,1.0
2019-01-10,24.223,24.223,24.223,24.223,1.0
2019-01-11,24.2701,24.2701,24.2701,24.2701,1.0
2019-01-14,24.2054,24.2054,24.2054,24.2054,1.0
2019-01-15,24.1879,24.1879,24.1879,24.1879,1.0
2019-01-16,24.2797,24.2797,24.2797,24.2797,1.0
2019-01-17,24.3106,24.3106,24.3106,24.3106,1.0
2019-01-18,24.2547,24.2547,24.2547,24.2547,1.0
2019-01-21,24.3072,24.3072,24.3072,24.3072,1.0
2019-01-22,24.2741,24.2741,24.2741,24.2741,1.0
2019-01-23,24.1475,24.1475,24.1475,24.1475,1.0
2019-01-24,24.196,24.196,24.196,24.196,1.0
2019-01-25,24.1299,24.1299,24.1299,24.1299,1.0
2019-01-28,24.0831,24.0831,24.0831,24.0831,1.0
2019-01-29,24.0384,24.0384,24.0384,24.0384,1.0
2019-01-30,24.1769,24.1769,24.1769,24.1769,1.0
2019-01-31,24.36,24.36,24.36,24.36,1.0
2019-02-01,24.7014,24.7014,24.7014,24.7014,1.0
2019-02-04,24.7521,24.7521,24.7521,24.7521,1.0
2019-02-05,24.843,24.843,24.843,24.843,1.0
2019-02-06,24.9593,24.9593,24.9593,24.9593,1.0
2019-02-07,24.975,24.975,24.975,24.975,1.0
2019-02-08,24.7221,24.7221,24.7221,24.7221,1.0
2019-02-11,24.7042,24.7042,24.7042,24.7042,1.0
2019-02-12,24.6497,24.6497,24.6497,24.6497,1.0
2019-02-13,24.7591,24.7591,24.7591,24.7591,1.0
2019-02-14,24.8092,24.8092,24.8092,24.8092,1.0
2019-02-15,24.7053,24.7053,24.7053,24.7053,1.0
2019-02-18,24.6162,24.6162,24.6162,24.6162,1.0
2019-02-19,24.6488,24.6488,24.6488,24.6488,1.0
2019-02-20,24.7077,24.7077,24.7077,24.7077,1.0
2019-02-21,24.7609,24.7609,24.7609,24.7609,1.0
2019-02-22,24.677,24.677,24.677,24.677,1.0
2019-02-25,24.8137,24.8137,24.8137,24.8137,1.0
2019-02-26,24.8863,24.8863,24.8863,24.8863,1.0
2019-02-27,24.9483,24.9483,24.9483,24.9483,1.0
2019-02-28,24.9276,24.9276,24.9276,24.9276,1.0
2019-03-01,24.9816,24.9816,24.9816,24.9816,1.0
2019-03-05,25.2455,25.2455,25.2455,25.2455,1.0
2019-03-06,25.2795,25.2795,25.2795,25.2795,1.0
2019-03-07,25.2726,25.2726,25.2726,25.2726,1.0
2019-03-08,25.1803,25.1803,25.1803,25.1803,1.0
2019-03-11,25.369,25.369,25.369,25.369,1.0
2019-03-12,25.6917,25.6917,25.6917,25.6917,1.0
2019-03-13,25.6122,25.6122,25.6122,25.6122,1.0
2019-03-14,25.6426,25.6426,25.6426,25.6426,1.0
2019-03-15,25.6512,25.6512,25.6512,25.6512,1.0
2019-03-18,25.5595,25.5595,25.5595,25.5595,1.0
2019-03-19,25.5763,25.5763,25.5763,25.5763,1.0
2019-03-20,25.6223,25.6223,25.6223,25.6223,1.0
2019-03-22,25.6598,25.6598,25.6598,25.6598,1.0
2019-03-25,25.4415,25.4415,25.4415,25.4415,1.0
2019-03-26,25.5237,25.5237,25.5237,25.5237,1.0
2019-03-27,25.5355,25.5355,25.5355,25.5355,1.0
2019-03-28,25.7546,25.7546,25.7546,25.7546,1.0
2019-03-29,25.7309,25.7309,25.7309,25.7309,1.0
2019-04-01,25.71,25.71,25.71,25.71,1.0
2019-04-02,25.825,25.825,25.825,25.825,1.0
2019-04-03,25.8185,25.8185,25.8185,25.8185,1.0
2019-04-04,25.783,25.783,25.783,25.783,1.0
2019-04-05,25.9271,25.9271,25.9271,25.9271,1.0
2019-04-08,25.8314,25.8314,25.8314,25.8314,1.0
2019-04-09,25.8404,25.8404,25.8404,25.8404,1.0
2019-04-10,25.7843,25.7843,25.7843,25.7843,1.0
2019-04-11,25.7837,25.7837,25.7837,25.7837,1.0
2019-04-12,25.8412,25.8412,25.8412,25.8412,1.0
2019-04-15,25.9122,25.9122,25.9122,25.9122,1.0
2019-04-16,26.0332,26.0332,26.0332,26.0332,1.0
2019-04-18,26.1428,26.1428,26.1428,26.1428,1.0
2019-04-22,26.0766,26.0766,26.0766,26.0766,1.0
2019-04-23,26.1443,26.1443,26.1443,26.1443,1.0
2019-04-24,26.2391,26.2391,26.2391,26.2391,1.0
2019-04-25,26.1283,26.1283,26.1283,26.1283,1.0
2019-04-26,26.1996,26.1996,26.1996,26.1996,1.0
2019-04-30,26.0999,26.0999,26.0999,26.0999,1.0
2019-05-02,25.8902,25.8902,25.8902,25.8902,1.0
2019-05-03,25.8615,25.8615,25.8615,25.8615,1.0
2019-05-06,25.8424,25.8424,25.8424,25.8424,1.0
2019-05-07,25.76,25.76,25.76,25.76,1.0
2019-05-08,25.5004,25.5004,25.5004,25.5004,1.0
2019-05-09,25.4886,25.4886,25.4886,25.4886,1.0
2019-05-10,25.4072,25.4072,25.4072,25.4072,1.0
2019-05-13,25.3097,25.3097,25.3097,25.3097,1.0
2019-05-14,25.2801,25.2801,25.2801,25.2801,1.0
2019-05-15,25.1967,25.1967,25.1967,25.1967,1.0
2019-05-16,25.3881,25.3881,25.3881,25.3881,1.0
2019-05-17,25.5949,25.5949,25.5949,25.5949,1.0
2019-05-20,25.72,25.72,25.72,25.72,1.0
2019-05-21,25.5631,25.5631,25.5631,25.5631,1.0
2019-05-22,25.7381,25.7381,25.7381,25.7381,1.0
2019-05-23,25.6535,25.6535,25.6535,25.6535,1.0
2019-05-24,25.7751,25.7751,25.7751,25.7751,1.0
2019-05-27,25.9745,25.9745,25.9745,25.9745,1.0
2019-05-28,25.9455,25.9455,25.9455,25.9455,1.0
2019-05-29,25.9417,25.9417,25.9417,25.9417,1.0
2019-05-30,25.9255,25.9255,25.9255,25.9255,1.0
2019-05-31,25.8935,25.8935,25.8935,25.8935,1.0
2019-06-03,25.9083,25.9083,25.9083,25.9083,1.0
2019-06-04,25.6314,25.6314,25.6314,25.6314,1.0
2019-06-06,25.6329,25.6329,25.6329,25.6329,1.0
2019-06-07,25.7479,25.7479,25.7479,25.7479,1.0
2019-06-10,25.9311,25.9311,25.9311,25.9311,1.0
2019-06-11,26.1658,26.1658,26.1658,26.1658,1.0
2019-06-12,26.1397,26.1397,26.1397,26.1397,1.0
2019-06-13,26.058,26.058,26.058,26.058,1.0
2019-06-14,25.9947,25.9947,25.9947,25.9947,1.0
2019-06-17,25.852,25.852,25.852,25.852,1.0
2019-06-18,25.9534,25.9534,25.9534,25.9534,1.0
2019-06-19,25.9815,25.9815,25.9815,25.9815,1.0
2019-06-20,26.0959,26.0959,26.0959,26.0959,1.0
2019-06-21,26.0862,26.0862,26.0862,26.0862,1.0
2019-06-24,26.0706,26.0706,26.0706,26.0706,1.0
2019-06-25,26.116,26.116,26.116,26.116,1.0
2019-06-26,26.0542,26.0542,26.0542,26.0542,1.0
2019-06-27,26.094,26.094,26.094,26.094,1.0
2019-06-28,26.0797,26.0797,26.0797,26.0797,1.0
2019-07-01,26.2343,26.2343,26.2343,26.2343,1.0
2019-07-02,26.2872,26.2872,26.2872,26.2872,1.0
2019-07-03,26.3563,26.3563,26.3563,26.3563,1.0
2019-07-04,26.42,26.42,26.42,26.42,1.0
2019-07-05,26.2377,26.2377,26.2377,26.2377,1.0
2019-07-08,25.9126,25.9126,25.9126,25.9126,1.0
2019-07-09,25.916,25.916,25.916,25.916,1.0
2019-07-10,25.8704,25.8704,25.8704,25.8704,1.0
2019-07-11,26.0614,26.0614,26.0614,26.0614,1.0
2019-07-12,26.0614,26.0614,26.0614,26.0614,1.0
2019-07-15,26.0776,26.0776,26.0776,26.0776,1.0
2019-07-16,26.1682,26.1682,26.1682,26.1682,1.0
2019-07-17,26.1404,26.1404,26.1404,26.1404,1.0
2019-07-18,26.0274,26.0274,26.0274,26.0274,1.0
2019-07-19,25.7246,25.7246,25.7246,25.7246,1.0
2019-07-22,25.5424,25.5424,25.5424,25.5424,1.0
2019-07-23,25.61,25.61,25.61,25.61,1.0
2019-07-24,25.4847,25.4847,25.4847,25.4847,1.0
2019-07-25,25.5733,25.5733,25.5733,25.5733,1.0
2019-07-26,25.5915,25.5915,25.5915,25.5915,1.0
2019-07-29,25.7339,25.7339,25.7339,25.7339,1.0
2019-07-30,25.5037,25.5037,25.5037,25.5037,1.0
2019-07-31,25.4959,25.4959,25.4959,25.4959,1.0
2019-08-01,25.2207,25.2207,25.2207,25.2207,1.0
2019-08-02,25.3326,25.3326,25.3326,25.3326,1.0
2019-08-05,25.0866,25.0866,25.0866,25.0866,1.0
2019-08-06,25.0166,25.0166,25.0166,25.0166,1.0
2019-08-07,25.122,25.122,25.122,25.122,1.0
2019-08-08,25.2781,25.2781,25.2781,25.2781,1.0
2019-08-09,25.6017,25.6017,25.6017,25.6017,1.0
2019-08-13,25.1758,25.1758,25.1758,25.1758,1.0
2019-08-14,25.3405,25.3405,25.3405,25.3405,1.0
2019-08-16,25.2151,25.2151,25.2151,25.2151,1.0
2019-08-19,25.3342,25.3342,25.3342,25.3342,1.0
2019-08-20,25.4496,25.4496,25.4496,25.4496,1.0
2019-08-21,25.3425,25.3425,25.3425,25.3425,1.0
2019-08-22,25.3023,25.3023,25.3023,25.3023,1.0
2019-08-23,25.2568,25.2568,25.2568,25.2568,1.0
2019-08-26,25.313,25.313,25.313,25.313,1.0
2019-08-27,25.4362,25.4362,25.4362,25.4362,1.0
2019-08-28,25.387,25.387,25.387,25.387,1.0
2019-08-29,25.3295,25.3295,25.3295,25.3295,1.0
2019-08-30,25.4665,25.4665,25.4665,25.4665,1.0
2019-09-03,25.3389,25.3389,25.3389,25.3389,1.0
2019-09-04,25.3484,25.3484,25.3484,25.3484,1.0
2019-09-05,25.4532,25.4532,25.4532,25.4532,1.0
2019-09-06,25.734,25.734,25.734,25.734,1.0
2019-09-09,25.8772,25.8772,25.8772,25.8772,1.0
2019-09-11,25.9175,25.9175,25.9175,25.9175,1.0
2019-09-12,26.0158,26.0158,26.0158,26.0158,1.0
2019-09-13,26.1602,26.1602,26.1602,26.1602,1.0
2019-09-16,26.109,26.109,26.109,26.109,1.0
2019-09-17,25.711,25.711,25.711,25.711,1.0
2019-09-18,25.7089,25.7089,25.7089,25.7089,1.0
2019-09-19,25.5236,25.5236,25.5236,25.5236,1.0
2019-09-20,26.3088,26.3088,26.3088,26.3088,1.0
2019-09-23,26.8904,26.8904,26.8904,26.8904,1.0
2019-09-24,26.8561,26.8561,26.8561,26.8561,1.0
2019-09-25,26.4824,26.4824,26.4824,26.4824,1.0
2019-09-26,26.5801,26.5801,26.5801,26.5801,1.0
2019-09-27,26.5103,26.5103,26.5103,26.5103,1.0
2019-09-30,26.3261,26.3261,26.3261,26.3261,1.0
2019-10-01,26.2316,26.2316,26.2316,26.2316,1.0
2019-10-03,25.8942,25.8942,25.8942,25.8942,1.0
2019-10-04,25.7689,25.7689,25.7689,25.7689,1.0
2019-10-07,25.8835,25.8835,25.8835,25.8835,1.0
2019-10-09,25.925,25.925,25.925,25.925,1.0
2019-10-10,25.834,25.834,25.834,25.834,1.0
2019-10-11,25.8414,25.8414,25.8414,25.8414,1.0
2019-10-14,26.1267,26.1267,26.1267,26.1267,1.0
2019-10-15,26.2751,26.2751,26.2751,26.2751,1.0
2019-10-16,26.4987,26.4987,26.4987,26.4987,1.0
2019-10-17,26.6704,26.6704,26.6704,26.6704,1.0
2019-10-18,26.9315,26.9315,26.9315,26.9315,1.0
2019-10-22,26.9211,26.9211,26.9211,26.9211,1.0
2019-10-23,26.8555,26.8555,26.8555,26.8555,1.0
2019-10-24,26.9283,26.9283,26.9283,26.9283,1.0
2019-10-25,26.9314,26.9314,26.9314,26.9314,1.0
2019-10-29,27.2798,27.2798,27.2798,27.2798,1.0
2019-10-30,27.2242,27.2242,27.2242,27.2242,1.0
2019-10-31,27.2633,27.2633,27.2633,27.2633,1.0
2019-11-01,27.3842,27.3842,27.3842,27.3842,1.0
2019-11-04,27.4128,27.4128,27.4128,27.4128,1.0
2019-11-05,27.4531,27.4531,27.4531,27.4531,1.0
2019-11-06,27.5429,27.5429,27.5429,27.5429,1.0
2019-11-07,27.5114,27.5114,27.5114,27.5114,1.0
2019-11-08,27.444,27.444,27.444,27.444,1.0
2019-11-11,27.394,27.394,27.394,27.394,1.0
2019-11-13,27.2241,27.2241,27.2241,27.2241,1.0
2019-11-14,27.3661,27.3661,27.3661,27.3661,1.0
2019-11-15,27.3939,27.3939,27.3939,27.3939,1.0
2019-11-18,27.4351,27.4351,27.4351,27.4351,1.0
2019-11-19,27.4934,27.4934,27.4934,27.4934,1.0
2019-11-20,27.5405,27.5405,27.5405,27.5405,1.0
2019-11-21,27.501,27.501,27.501,27.501,1.0
2019-11-22,27.3172,27.3172,27.3172,27.3172,1.0
2019-11-25,27.4561,27.4561,27.4561,27.4561,1.0
2019-11-26,27.4802,27.4802,27.4802,27.4802,1.0
2019-11-27,27.5309,27.5309,27.5309,27.5309,1.0
2019-11-28,27.6738,27.6738,27.6738,27.6738,1.0
2019-11-29,27.5924,27.5924,27.5924,27.5924,1.0
2019-12-02,27.4199,27.4199,27.4199,27.4199,1.0
2019-12-03,27.2169,27.2169,27.2169,27.2169,1.0
2019-12-04,27.3319,27.3319,27.3319,27.3319,1.0
2019-12-05,27.2961,27.2961,27.2961,27.2961,1.0
2019-12-06,27.155,27.155,27.155,27.155,1.0
2019-12-09,27.2653,27.2653,27.2653,27.2653,1.0
2019-12-10,27.1301,27.1301,27.1301,27.1301,1.0
2019-12-11,27.1332,27.1332,27.1332,27.1332,1.0
2019-12-12,27.2358,27.2358,27.2358,27.2358,1.0
2019-12-13,27.2862,27.2862,27.2862,27.2862,1.0
2019-12-16,27.1952,27.1952,27.1952,27.1952,1.0
2019-12-17,27.3519,27.3519,27.3519,27.3519,1.0
2019-12-18,27.4085,27.4085,27.4085,27.4085,1.0
2019-12-19,27.4748,27.4748,27.4748,27.4748,1.0
2019-12-20,27.5945,27.5945,27.5945,27.5945,1.0
2019-12-23,27.6495,27.6495,27.6495,27.6495,1.0
2019-12-24,27.7282,27.7282,27.7282,27.7282,1.0
2019-12-26,27.6213,27.6213,27.6213,27.6213,1.0
2019-12-27,27.8783,27.8783,27.8783,27.8783,1.0
2019-12-30,27.8969,27.8969,27.8969,27.8969,1.0
2019-12-31,27.7455,27.7455,27.7455,27.7455,1.0
2020-01-01,27.8018,27.8018,27.8018,27.8018,1.0
2020-01-02,27.9504,27.9504,27.9504,27.9504,1.0
2020-01-03,27.9797,27.9797,27.9797,27.9797,1.0
2020-01-06,27.6539,27.6539,27.6539,27.6539,1.0
2020-01-07,27.764,27.764,27.764,27.764,1.0
2020-01-08,27.8038,27.8038,27.8038,27.8038,1.0
2020-01-09,28.0164,28.0164,28.0164,28.0164,1.0
2020-01-10,28.0776,28.0776,28.0776,28.0776,1.0
2020-01-13,28.0895,28.0895,28.0895,28.0895,1.0
2020-01-14,28.2853,28.2853,28.2853,28.2853,1.0
2020-01-15,28.3599,28.3599,28.3599,28.3599,1.0
2020-01-16,28.4077,28.4077,28.4077,28.4077,1.0
2020-01-17,28.5285,28.5285,28.5285,28.5285,1.0
2020-01-20,28.4998,28.4998,28.4998,28.4998,1.0
2020-01-21,28.4558,28.4558,28.4558,28.4558,1.0
2020-01-22,28.4956,28.4956,28.4956,28.4956,1.0
2020-01-23,28.6018,28.6018,28.6018,28.6018,1.0
2020-01-24,28.5822,28.5822,28.5822,28.5822,1.0
2020-01-27,28.3813,28.3813,28.3813,28.3813,1.0
2020-01-28,28.2831,28.2831,28.2831,28.2831,1.0
2020-01-29,28.4958,28.4958,28.4958,28.4958,1.0
2020-01-30,28.4736,28.4736,28.4736,28.4736,1.0
2020-01-31,28.436,28.436,28.436,28.436,1.0
2020-02-03,28.2736,28.2736,28.2736,28.2736,1.0
2020-02-04,28.7975,28.7975,28.7975,28.7975,1.0
2020-02-05,28.904,28.904,28.904,28.904,1.0
2020-02-06,28.9754,28.9754,28.9754,28.9754,1.0
2020-02-07,29.0818,29.0818,29.0818,29.0818,1.0
2020-02-10,29.0109,29.0109,29.0109,29.0109,1.0
2020-02-11,29.222,29.222,29.222,29.222,1.0
2020-02-12,29.2645,29.2645,29.2645,29.2645,1.0
2020-02-13,29.2967,29.2967,29.2967,29.2967,1.0
2020-02-14,29.1333,29.1333,29.1333,29.1333,1.0
2020-02-17,29.1746,29.1746,29.1746,29.1746,1.0
2020-02-18,29.0614,29.0614,29.0614,29.0614,1.0
2020-02-19,29.2707,29.2707,29.2707,29.2707,1.0
2020-02-20,29.2508,29.2508,29.2508,29.2508,1.0
2020-02-24,28.813,28.813,28.813,28.813,1.0
2020-02-25,28.378,28.378,28.378,28.378,1.0
2020-02-26,27.9758,27.9758,27.9758,27.9758,1.0
2020-02-27,27.9938,27.9938,27.9938,27.9938,1.0
2020-02-28,27.1963,27.1963,27.1963,27.1963,1.0
2020-03-02,27.0962,27.0962,27.0962,27.0962,1.0
2020-03-03,27.575,27.575,27.575,27.575,1.0
2020-03-04,27.2193,27.2193,27.2193,27.2193,1.0
2020-03-05,27.4586,27.4586,27.4586,27.4586,1.0
2020-03-06,26.822,26.822,26.822,26.822,1.0
2020-03-09,25.9759,25.9759,25.9759,25.9759,1.0
2020-03-11,26.0018,26.0018,26.0018,26.0018,1.0
2020-03-12,24.5251,24.5251,24.5251,24.5251,1.0
2020-03-13,24.1784,24.1784,24.1784,24.1784,1.0
2020-03-16,23.681,23.681,23.681,23.681,1.0
2020-03-17,22.798,22.798,22.798,22.798,1.0
2020-03-18,22.3825,22.3825,22.3825,22.3825,1.0
2020-03-19,21.7693,21.7693,21.7693,21.7693,1.0
2020-03-20,22.0954,22.0954,22.0954,22.0954,1.0
2020-03-23,20.2032,20.2032,20.2032,20.2032,1.0
2020-03-24,20.1555,20.1555,20.1555,20.1555,1.0
2020-03-25,21.146,21.146,21.146,21.146,1.0
2020-03-26,21.4423,21.4423,21.4423,21.4423,1.0
2020-03-27,21.8545,21.8545,21.8545,21.8545,1.0
2020-03-30,21.277,21.277,21.277,21.277,1.0
2020-03-31,21.8587,21.8587,21.8587,21.8587,1.0
2020-04-01,21.5211,21.5211,21.5211,21.5211,1.0
2020-04-03,21.2603,21.2603,21.2603,21.2603,1.0
2020-04-07,22.5687,22.5687,22.5687,22.5687,1.0
2020-04-08,22.8569,22.8569,22.8569,22.8569,1.0
2020-04-09,23.6191,23.6191,23.6191,23.6191,1.0
2020-04-13,23.5496,23.5496,23.5496,23.5496,1.0
2020-04-15,23.7747,23.7747,23.7747,23.7747,1.0
2020-04-16,23.8418,23.8418,23.8418,23.8418,1.0
2020-04-17,24.4395,24.4395,24.4395,24.4395,1.0
2020-04-20,24.3951,24.3951,24.3951,24.3951,1.0
2020-04-21,23.8037,23.8037,23.8037,23.8037,1.0
2020-04-22,23.6475,23.6475,23.6475,23.6475,1.0
2020-04-23,23.9724,23.9724,23.9724,23.9724,1.0
2020-04-24,23.9295,23.9295,23.9295,23.9295,1.0
2020-04-27,24.2014,24.2014,24.2014,24.2014,1.0
2020-04-28,24.3608,24.3608,24.3608,24.3608,1.0
2020-04-29,24.3901,24.3901,24.3901,24.3901,1.0
2020-04-30,24.9536,24.9536,24.9536,24.9536,1.0
2020-05-04,24.1339,24.1339,24.1339,24.1339,1.0
2020-05-05,24.0604,24.0604,24.0604,24.0604,1.0
2020-05-06,24.3892,24.3892,24.3892,24.3892,1.0
2020-05-07,24.4183,24.4183,24.4183,24.4183,1.0
2020-05-08,24.4068,24.4068,24.4068,24.4068,1.0
2020-05-11,24.6818,24.6818,24.6818,24.6818,1.0
2020-05-12,24.9768,24.9768,24.9768,24.9768,1.0
2020-05-13,25.0982,25.0982,25.0982,25.0982,1.0
2020-05-14,24.8637,24.8637,24.8637,24.8637,1.0
2020-05-15,24.8703,24.8703,24.8703,24.8703,1.0
2020-05-18,24.4226,24.4226,24.4226,24.4226,1.0
2020-05-19,24.6382,24.6382,24.6382,24.6382,1.0
2020-05-20,24.8126,24.8126,24.8126,24.8126,1.0
2020-05-21,25.3109,25.3109,25.3109,25.3109,1.0
2020-05-22,25.1826,25.1826,25.1826,25.1826,1.0
2020-05-26,25.3222,25.3222,25.3222,25.3222,1.0
2020-05-27,25.7978,25.7978,25.7978,25.7978,1.0
2020-05-28,26.0039,26.0039,26.0039,26.0039,1.0
2020-05-29,26.172,26.172,26.172,26.172,1.0
2020-06-01,26.4484,26.4484,26.4484,26.4484,1.0
2020-06-02,26.8559,26.8559,26.8559,26.8559,1.0
2020-06-03,26.9279,26.9279,26.9279,26.9279,1.0
2020-06-04,26.9678,26.9678,26.9678,26.9678,1.0
2020-06-05,27.1327,27.1327,27.1327,27.1327,1.0
2020-06-08,27.4218,27.4218,27.4218,27.4218,1.0
2020-06-09,27.3905,27.3905,27.3905,27.3905,1.0
2020-06-10,27.5608,27.5608,27.5608,27.5608,1.0
2020-06-11,27.3409,27.3409,27.3409,27.3409,1.0
2020-06-12,26.9921,26.9921,26.9921,26.9921,1.0
2020-06-15,26.8813,26.8813,26.8813,26.8813,1.0
2020-06-16,26.9875,26.9875,26.9875,26.9875,1.0
2020-06-17,27.1651,27.1651,27.1651,27.1651,1.0
2020-06-18,27.4042,27.4042,27.4042,27.4042,1.0
2020-06-19,27.5194,27.5194,27.5194,27.5194,1.0
2020-06-22,27.8706,27.8706,27.8706,27.8706,1.0
2020-06-23,28.2802,28.2802,28.2802,28.2802,1.0
2020-06-24,28.232,28.232,28.232,28.232,1.0
2020-06-25,28.0956,28.0956,28.0956,28.0956,1.0
2020-06-26,28.2253,28.2253,28.2253,28.2253,1.0
2020-06-29,27.8588,27.8588,27.8588,27.8588,1.0
2020-06-30,27.7801,27.7801,27.7801,27.7801,1.0
2020-07-01,28.1744,28.1744,28.1744,28.1744,1.0
2020-07-02,28.6104,28.6104,28.6104,28.6104,1.0
2020-07-03,28.709,28.709,28.709,28.709,1.0
2020-07-06,28.96,28.96,28.96,28.96,1.0
2020-07-07,29.4929,29.4929,29.4929,29.4929,1.0
2020-07-08,29.4238,29.4238,29.4238,29.4238,1.0
2020-07-09,29.5734,29.5734,29.5734,29.5734,1.0
2020-07-10,29.5454,29.5454,29.5454,29.5454,1.0
2020-07-13,29.5311,29.5311,29.5311,29.5311,1.0
2020-07-14,29.2022,29.2022,29.2022,29.2022,1.0
2020-07-15,29.4581,29.4581,29.4581,29.4581,1.0
2020-07-16,29.5901,29.5901,29.5901,29.5901,1.0
2020-07-17,29.7406,29.7406,29.7406,29.7406,1.0
2020-07-20,29.9723,29.9723,29.9723,29.9723,1.0
2020-07-21,30.263,30.263,30.263,30.263,1.0
2020-07-22,30.0744,30.0744,30.0744,30.0744,1.0
2020-07-23,30.1815,30.1815,30.1815,30.1815,1.0
2020-07-24,30.1172,30.1172,30.1172,30.1172,1.0
2020-07-27,30.1098,30.1098,30.1098,30.1098,1.0
2020-07-28,30.4984,30.4984,30.4984,30.4984,1.0
2020-07-29,30.2734,30.2734,30.2734,30.2734,1.0
2020-07-30,30.2744,30.2744,30.2744,30.2744,1.0
2020-07-31,30.5171,30.5171,30.5171,30.5171,1.0
2020-08-03,30.6111,30.6111,30.6111,30.6111,1.0
2020-08-04,30.8721,30.8721,30.8721,30.8721,1.0
2020-08-05,30.9361,30.9361,30.9361,30.9361,1.0
2020-08-06,31.174,31.174,31.174,31.174,1.0
2020-08-07,31.3896,31.3896,31.3896,31.3896,1.0
2020-08-10,31.5401,31.5401,31.5401,31.5401,1.0
2020-08-11,31.5636,31.5636,31.5636,31.5636,1.0
2020-08-12,31.4101,31.4101,31.4101,31.4101,1.0
2020-08-13,31.7106,31.7106,31.7106,31.7106,1.0
2020-08-14,31.4828,31.4828,31.4828,31.4828,1.0
2020-08-17,31.5596,31.5596,31.5596,31.5596,1.0
2020-08-18,31.7639,31.7639,31.7639,31.7639,1.0
2020-08-19,32.0265,32.0265,32.0265,32.0265,1.0
2020-08-20,31.8793,31.8793,31.8793,31.8793,1.0
2020-08-21,32.2625,32.2625,32.2625,32.2625,1.0
2020-08-24,32.4725,32.4725,32.4725,32.4725,1.0
2020-08-25,32.3806,32.3806,32.3806,32.3806,1.0
2020-08-26,32.8334,32.8334,32.8334,32.8334,1.0
2020-08-27,33.1546,33.1546,33.1546,33.1546,1.0
2020-08-28,33.0175,33.0175,33.0175,33.0175,1.0
2020-08-31,32.3832,32.3832,32.3832,32.3832,1.0
2020-09-01,32.3892,32.3892,32.3892,32.3892,1.0
2020-09-02,32.7439,32.7439,32.7439,32.7439,1.0
2020-09-03,32.9883,32.9883,32.9883,32.9883,1.0
2020-09-04,32.1776,32.1776,32.1776,32.1776,1.0
2020-09-07,31.9278,31.9278,31.9278,31.9278,1.0
2020-09-08,31.7821,31.7821,31.7821,31.7821,1.0
2020-09-09,31.4141,31.4141,31.4141,31.4141,1.0
2020-09-10,31.7539,31.7539,31.7539,31.7539,1.0
2020-09-11,31.6067,31.6067,31.6067,31.6067,1.0
2020-09-14,32.2025,32.2025,32.2025,32.2025,1.0
2020-09-15,32.5242,32.5242,32.5242,32.5242,1.0
2020-09-16,32.7755,32.7755,32.7755,32.7755,1.0
2020-09-17,32.6192,32.6192,32.6192,32.6192,1.0
2020-09-18,32.7371,32.7371,32.7371,32.7371,1.0
2020-09-21,31.8982,31.8982,31.8982,31.8982,1.0
2020-09-22,31.7072,31.7072,31.7072,31.7072,1.0
2020-09-23,32.1309,32.1309,32.1309,32.1309,1.0
2020-09-24,31.2578,31.2578,31.2578,31.2578,1.0
2020-09-25,31.7158,31.7158,31.7158,31.7158,1.0
2020-09-28,32.6151,32.6151,32.6151,32.6151,1.0
2020-09-29,32.8038,32.8038,32.8038,32.8038,1.0
2020-09-30,32.9311,32.9311,32.9311,32.9311,1.0
2020-10-01,32.9793,32.9793,32.9793,32.9793,1.0
2020-10-05,32.9808,32.9808,32.9808,32.9808,1.0
2020-10-06,33.1664,33.1664,33.1664,33.1664,1.0
2020-10-07,32.8483,32.8483,32.8483,32.8483,1.0
2020-10-08,33.1745,33.1745,33.1745,33.1745,1.0
2020-10-09,33.2753,33.2753,33.2753,33.2753,1.0
2020-10-12,33.5343,33.5343,33.5343,33.5343,1.0
2020-10-13,33.8751,33.8751,33.8751,33.8751,1.0
2020-10-14,33.978,33.978,33.978,33.978,1.0
2020-10-15,33.3889,33.3889,33.3889,33.3889,1.0
2020-10-16,33.4193,33.4193,33.4193,33.4193,1.0
2020-10-19,33.3435,33.3435,33.3435,33.3435,1.0
2020-10-20,33.0647,33.0647,33.0647,33.0647,1.0
2020-10-21,33.124,33.124,33.124,33.124,1.0
2020-10-22,33.1976,33.1976,33.1976,33.1976,1.0
2020-10-23,33.303,33.303,33.303,33.303,1.0
2020-10-26,33.127,33.127,33.127,33.127,1.0
2020-10-27,33.0021,33.0021,33.0021,33.0021,1.0
2020-10-28,32.9317,32.9317,32.9317,32.9317,1.0
2020-10-29,32.2751,32.2751,32.2751,32.2751,1.0
2020-10-30,32.5999,32.5999,32.5999,32.5999,1.0
2020-11-02,32.4394,32.4394,32.4394,32.4394,1.0
2020-11-03,32.6761,32.6761,32.6761,32.6761,1.0
2020-11-04,32.8761,32.8761,32.8761,32.8761,1.0
2020-11-05,33.6972,33.6972,33.6972,33.6972,1.0
2020-11-06,34.0565,34.0565,34.0565,34.0565,1.0
2020-11-09,34.2562,34.2562,34.2562,34.2562,1.0
2020-11-10,34.0118,34.0118,34.0118,34.0118,1.0
2020-11-11,34.2409,34.2409,34.2409,34.2409,1.0
2020-11-12,34.6493,34.6493,34.6493,34.6493,1.0
2020-11-13,34.642,34.642,34.642,34.642,1.0
2020-11-17,34.9544,34.9544,34.9544,34.9544,1.0
2020-11-18,34.7961,34.7961,34.7961,34.7961,1.0
2020-11-19,34.5648,34.5648,34.5648,34.5648,1.0
2020-11-20,34.843,34.843,34.843,34.843,1.0
2020-11-23,35.0249,35.0249,35.0249,35.0249,1.0
2020-11-24,35.2643,35.2643,35.2643,35.2643,1.0
2020-11-25,35.0459,35.0459,35.0459,35.0459,1.0
2020-11-26,35.2447,35.2447,35.2447,35.2447,1.0
2020-11-27,35.4388,35.4388,35.4388,35.4388,1.0
2020-12-01,35.5085,35.5085,35.5085,35.5085,1.0
2020-12-02,35.7294,35.7294,35.7294,35.7294,1.0
2020-12-03,35.8443,35.8443,35.8443,35.8443,1.0
2020-12-04,35.9516,35.9516,35.9516,35.9516,1.0
2020-12-07,36.0123,36.0123,36.0123,36.0123,1.0
2020-12-08,35.9132,35.9132,35.9132,35.9132,1.0
2020-12-09,36.1627,36.1627,36.1627,36.1627,1.0
2020-12-10,36.0559,36.0559,36.0559,36.0559,1.0
2020-12-11,36.1476,36.1476,36.1476,36.1476,1.0
2020-12-14,36.1173,36.1173,36.1173,36.1173,1.0
2020-12-15,36.166,36.166,36.166,36.166,1.0
2020-12-16,36.2895,36.2895,36.2895,36.2895,1.0
2020-12-17,36.4074,36.4074,36.4074,36.4074,1.0
2020-12-18,36.3756,36.3756,36.3756,36.3756,1.0
2020-12-21,35.6173,35.6173,35.6173,35.6173,1.0
2020-12-22,35.9383,35.9383,35.9383,35.9383,1.0
2020-12-23,36.3964,36.3964,36.3964,36.3964,1.0
2020-12-24,36.5297,36.5297,36.5297,36.5297,1.0
2020-12-28,36.691,36.691,36.691,36.691,1.0
2020-12-29,37.0368,37.0368,37.0368,37.0368,1.0
2020-12-30,37.252,37.252,37.252,37.252,1.0
2020-12-31,37.053,37.053,37.053,37.053,1.0
2021-01-01,37.1077,37.1077,37.1077,37.1077,1.0
2021-01-04,37.3289,37.3289,37.3289,37.3289,1.0
2021-01-05,37.2856,37.2856,37.2856,37.2856,1.0
2021-01-06,37.2022,37.2022,37.2022,37.2022,1.0
2021-01-07,37.0564,37.0564,37.0564,37.0564,1.0
2021-01-08,37.4527,37.4527,37.4527,37.4527,1.0
2021-01-11,37.7488,37.7488,37.7488,37.7488,1.0
2021-01-12,37.6249,37.6249,37.6249,37.6249,1.0
2021-01-13,37.6666,37.6666,37.6666,37.6666,1.0
2021-01-14,37.9094,37.9094,37.9094,37.9094,1.0
2021-01-15,37.5585,37.5585,37.5585,37.5585,1.0
2021-01-18,37.3077,37.3077,37.3077,37.3077,1.0
2021-01-19,37.5345,37.5345,37.5345,37.5345,1.0
2021-01-20,37.9724,37.9724,37.9724,37.9724,1.0
2021-01-21,38.1426,38.1426,38.1426,38.1426,1.0
2021-01-22,37.9322,37.9322,37.9322,37.9322,1.0
2021-01-25,37.9435,37.9435,37.9435,37.9435,1.0
2021-01-27,37.9117,37.9117,37.9117,37.9117,1.0
2021-01-28,37.6088,37.6088,37.6088,37.6088,1.0
2021-01-29,37.4573,37.4573,37.4573,37.4573,1.0
2021-02-01,37.7566,37.7566,37.7566,37.7566,1.0
2021-02-02,38.5137,38.5137,38.5137,38.5137,1.0
2021-02-03,38.939,38.939,38.939,38.939,1.0
2021-02-04,39.6667,39.6667,39.6667,39.6667,1.0
2021-02-05,39.6704,39.6704,39.6704,39.6704,1.0
2021-02-08,40.0636,40.0636,40.0636,40.0636,1.0
2021-02-09,39.8827,39.8827,39.8827,39.8827,1.0
2021-02-10,39.8555,39.8555,39.8555,39.8555,1.0
2021-02-11,40.1078,40.1078,40.1078,40.1078,1.0
2021-02-12,40.1535,40.1535,40.1535,40.1535,1.0
2021-02-15,40.2947,40.2947,40.2947,40.2947,1.0
2021-02-16,40.0928,40.0928,40.0928,40.0928,1.0
2021-02-17,40.0758,40.0758,40.0758,40.0758,1.0
2021-02-18,40.1521,40.1521,40.1521,40.1521,1.0
2021-02-19,39.8057,39.8057,39.8057,39.8057,1.0
2021-02-22,39.3981,39.3981,39.3981,39.3981,1.0
2021-02-23,39.378,39.378,39.378,39.378,1.0
2021-02-24,39.6774,39.6774,39.6774,39.6774,1.0
2021-02-25,39.7275,39.7275,39.7275,39.7275,1.0
2021-02-26,38.7602,38.7602,38.7602,38.7602,1.0
2021-03-01,39.2095,39.2095,39.2095,39.2095,1.0
2021-03-02,39.8112,39.8112,39.8112,39.8112,1.0
2021-03-03,39.7114,39.7114,39.7114,39.7114,1.0
2021-03-04,39.4738,39.4738,39.4738,39.4738,1.0
2021-03-05,39.1666,39.1666,39.1666,39.1666,1.0
2021-03-08,39.5209,39.5209,39.5209,39.5209,1.0
2021-03-09,39.1423,39.1423,39.1423,39.1423,1.0
2021-03-10,39.7004,39.7004,39.7004,39.7004,1.0
2021-03-12,39.9518,39.9518,39.9518,39.9518,1.0
2021-03-15,39.7287,39.7287,39.7287,39.7287,1.0
2021-03-16,40.1228,40.1228,40.1228,40.1228,1.0
2021-03-17,40.0038,40.0038,40.0038,40.0038,1.0
2021-03-18,40.0461,40.0461,40.0461,40.0461,1.0
2021-03-19,40.2221,40.2221,40.2221,40.2221,1.0
2021-03-22,40.2398,40.2398,40.2398,40.2398,1.0
2021-03-23,40.4179,40.4179,40.4179,40.4179,1.0
2021-03-24,40.1037,40.1037,40.1037,40.1037,1.0
2021-03-25,39.3294,39.3294,39.3294,39.3294,1.0
2021-03-26,39.4359,39.4359,39.4359,39.4359,1.0
2021-03-30,40.0552,40.0552,40.0552,40.0552,1.0
2021-03-31,39.929,39.929,39.929,39.929,1.0
2021-04-01,40.3943,40.3943,40.3943,40.3943,1.0
2021-04-05,40.2649,40.2649,40.2649,40.2649,1.0
2021-04-06,40.8601,40.8601,40.8601,40.8601,1.0
2021-04-07,41.2016,41.2016,41.2016,41.2016,1.0
2021-04-08,41.4326,41.4326,41.4326,41.4326,1.0
2021-04-09,41.7041,41.7041,41.7041,41.7041,1.0
2021-04-12,40.8867,40.8867,40.8867,40.8867,1.0
2021-04-13,40.883,40.883,40.883,40.883,1.0
2021-04-15,40.8463,40.8463,40.8463,40.8463,1.0
2021-04-16,41.3179,41.3179,41.3179,41.3179,1.0
2021-04-19,41.1096,41.1096,41.1096,41.1096,1.0
2021-04-20,40.9075,40.9075,40.9075,40.9075,1.0
2021-04-22,40.9852,40.9852,40.9852,40.9852,1.0
2021-04-23,40.8799,40.8799,40.8799,40.8799,1.0
2021-04-26,41.3497,41.3497,41.3497,41.3497,1.0
2021-04-27,41.6799,41.6799,41.6799,41.6799,1.0
2021-04-28,41.8809,41.8809,41.8809,41.8809,1.0
2021-04-29,42.0064,42.0064,42.0064,42.0064,1.0
2021-04-30,41.982,41.982,41.982,41.982,1.0
2021-05-03,42.0204,42.0204,42.0204,42.0204,1.0
2021-05-04,41.855,41.855,41.855,41.855,1.0
2021-05-05,41.9752,41.9752,41.9752,41.9752,1.0
2021-05-06,42.175,42.175,42.175,42.175,1.0
2021-05-07,42.4737,42.4737,42.4737,42.4737,1.0
2021-05-10,42.7426,42.7426,42.7426,42.7426,1.0
2021-05-11,42.4239,42.4239,42.4239,42.4239,1.0
2021-05-12,42.167,42.167,42.167,42.167,1.0
2021-05-14,41.8918,41.8918,41.8918,41.8918,1.0
2021-05-17,42.7157,42.7157,42.7157,42.7157,1.0
2021-05-18,42.8912,42.8912,42.8912,42.8912,1.0
2021-05-19,42.9504,42.9504,42.9504,42.9504,1.0
2021-05-20,42.6725,42.6725,42.6725,42.6725,1.0
2021-05-21,43.1322,43.1322,43.1322,43.1322,1.0
2021-05-24,43.1815,43.1815,43.1815,43.1815,1.0
2021-05-25,43.4738,43.4738,43.4738,43.4738,1.0
2021-05-26,43.5286,43.5286,43.5286,43.5286,1.0
2021-05-27,43.7327,43.7327,43.7327,43.7327,1.0
2021-05-28,43.6593,43.6593,43.6593,43.6593,1.0
2021-05-31,43.9154,43.9154,43.9154,43.9154,1.0
2021-06-01,43.7064,43.7064,43.7064,43.7064,1.0
2021-06-02,43.594,43.594,43.594,43.594,1.0
2021-06-03,43.6549,43.6549,43.6549,43.6549,1.0
2021-06-04,43.5795,43.5795,43.5795,43.5795,1.0
2021-06-07,43.9994,43.9994,43.9994,43.9994,1.0
2021-06-08,44.2381,44.2381,44.2381,44.2381,1.0
2021-06-09,43.9844,43.9844,43.9844,43.9844,1.0
2021-06-10,44.2492,44.2492,44.2492,44.2492,1.0
2021-06-11,44.4556,44.4556,44.4556,44.4556,1.0
2021-06-14,44.3765,44.3765,44.3765,44.3765,1.0
2021-06-15,44.7675,44.7675,44.7675,44.7675,1.0
2021-06-16,44.6364,44.6364,44.6364,44.6364,1.0
2021-06-17,44.3599,44.3599,44.3599,44.3599,1.0
2021-06-18,44.4144,44.4144,44.4144,44.4144,1.0
2021-06-21,44.3401,44.3401,44.3401,44.3401,1.0
2021-06-22,44.404,44.404,44.404,44.404,1.0
2021-06-23,44.5368,44.5368,44.5368,44.5368,1.0
2021-06-24,44.702,44.702,44.702,44.702,1.0
2021-06-25,45.0229,45.0229,45.0229,45.0229,1.0
2021-06-28,45.087,45.087,45.087,45.087,1.0
2021-06-29,45.2174,45.2174,45.2174,45.2174,1.0
2021-06-30,45.3363,45.3363,45.3363,45.3363,1.0
2021-07-01,45.4065,45.4065,45.4065,45.4065,1.0
2021-07-02,45.6437,45.6437,45.6437,45.6437,1.0
2021-07-05,46.0213,46.0213,46.0213,46.0213,1.0
2021-07-06,46.1244,46.1244,46.1244,46.1244,1.0
2021-07-07,46.1991,46.1991,46.1991,46.1991,1.0
2021-07-08,46.1702,46.1702,46.1702,46.1702,1.0
2021-07-09,46.1102,46.1102,46.1102,46.1102,1.0
2021-07-12,46.2927,46.2927,46.2927,46.2927,1.0
2021-07-13,47.0017,47.0017,47.0017,47.0017,1.0
2021-07-14,47.4627,47.4627,47.4627,47.4627,1.0
2021-07-15,47.8948,47.8948,47.8948,47.8948,1.0
2021-07-16,47.9662,47.9662,47.9662,47.9662,1.0
2021-07-19,48.0813,48.0813,48.0813,48.0813,1.0
2021-07-20,47.3828,47.3828,47.3828,47.3828,1.0
2021-07-22,47.7839,47.7839,47.7839,47.7839,1.0
2021-07-23,48.2058,48.2058,48.2058,48.2058,1.0
2021-07-26,48.9397,48.9397,48.9397,48.9397,1.0
2021-07-27,48.6002,48.6002,48.6002,48.6002,1.0
2021-07-28,48.1594,48.1594,48.1594,48.1594,1.0
2021-07-29,48.5106,48.5106,48.5106,48.5106,1.0
2021-07-30,48.4446,48.4446,48.4446,48.4446,1.0
2021-08-02,48.4054,48.4054,48.4054,48.4054,1.0
2021-08-03,48.4749,48.4749,48.4749,48.4749,1.0
2021-08-04,48.394,48.394,48.394,48.394,1.0
2021-08-05,48.6771,48.6771,48.6771,48.6771,1.0
2021-08-06,48.8053,48.8053,48.8053,48.8053,1.0
2021-08-09,48.7229,48.7229,48.7229,48.7229,1.0
2021-08-10,48.5483,48.5483,48.5483,48.5483,1.0
2021-08-11,48.1979,48.1979,48.1979,48.1979,1.0
2021-08-12,48.4442,48.4442,48.4442,48.4442,1.0
2021-08-13,48.8012,48.8012,48.8012,48.8012,1.0
2021-08-16,48.652,48.652,48.652,48.652,1.0
2021-08-17,48.918,48.918,48.918,48.918,1.0
2021-08-18,48.6445,48.6445,48.6445,48.6445,1.0
2021-08-20,48.2933,48.2933,48.2933,48.2933,1.0
2021-08-23,48.4876,48.4876,48.4876,48.4876,1.0
2021-08-24,48.8341,48.8341,48.8341,48.8341,1.0
2021-08-25,48.8973,48.8973,48.8973,48.8973,1.0
2021-08-26,48.9972,48.9972,48.9972,48.9972,1.0
2021-08-27,49.103,49.103,49.103,49.103,1.0
2021-08-30,49.8897,49.8897,49.8897,49.8897,1.0
2021-08-31,50.4461,50.4461,50.4461,50.4461,1.0
2021-09-01,50.6429,50.6429,50.6429,50.6429,1.0
2021-09-02,50.8516,50.8516,50.8516,50.8516,1.0
2021-09-03,50.8748,50.8748,50.8748,50.8748,1.0
2021-09-06,51.1825,51.1825,51.1825,51.1825,1.0
2021-09-07,51.1614,51.1614,51.1614,51.1614,1.0
2021-09-08,51.5152,51.5152,51.5152,51.5152,1.0
2021-09-09,51.6646,51.6646,51.6646,51.6646,1.0
2021-09-13,51.6794,51.6794,51.6794,51.6794,1.0
2021-09-14,51.8374,51.8374,51.8374,51.8374,1.0
2021-09-15,52.2115,52.2115,52.2115,52.2115,1.0
2021-09-16,52.8298,52.8298,52.8298,52.8298,1.0
2021-09-17,52.6471,52.6471,52.6471,52.6471,1.0
2021-09-20,52.1725,52.1725,52.1725,52.1725,1.0
2021-09-21,52.3178,52.3178,52.3178,52.3178,1.0
2021-09-22,52.6773,52.6773,52.6773,52.6773,1.0
2021-09-23,53.1066,53.1066,53.1066,53.1066,1.0
2021-09-24,53.0437,53.0437,53.0437,53.0437,1.0
2021-09-27,53.1759,53.1759,53.1759,53.1759,1.0
2021-09-28,52.7502,52.7502,52.7502,52.7502,1.0
2021-09-29,52.3671,52.3671,52.3671,52.3671,1.0
2021-09-30,52.3564,52.3564,52.3564,52.3564,1.0
2021-10-01,51.9893,51.9893,51.9893,51.9893,1.0
2021-10-04,52.6366,52.6366,52.6366,52.6366,1.0
2021-10-05,52.166,52.166,52.166,52.166,1.0
2021-10-06,52.0733,52.0733,52.0733,52.0733,1.0
2021-10-07,52.6194,52.6194,52.6194,52.6194,1.0
2021-10-08,53.271,53.271,53.271,53.271,1.0
2021-10-11,53.9114,53.9114,53.9114,53.9114,1.0
2021-10-12,53.9816,53.9816,53.9816,53.9816,1.0
2021-10-13,54.1497,54.1497,54.1497,54.1497,1.0
2021-10-14,54.7199,54.7199,54.7199,54.7199,1.0
2021-10-18,55.1387,55.1387,55.1387,55.1387,1.0
2021-10-19,55.3163,55.3163,55.3163,55.3163,1.0
2021-10-20,54.8756,54.8756,54.8756,54.8756,1.0
2021-10-21,54.3197,54.3197,54.3197,54.3197,1.0
2021-10-22,54.0658,54.0658,54.0658,54.0658,1.0
2021-10-25,53.2408,53.2408,53.2408,53.2408,1.0
2021-10-26,53.5766,53.5766,53.5766,53.5766,1.0
2021-10-27,53.6498,53.6498,53.6498,53.6498,1.0
2021-10-28,53.0647,53.0647,53.0647,53.0647,1.0
2021-10-29,53.1438,53.1438,53.1438,53.1438,1.0
2021-11-01,53.7905,53.7905,53.7905,53.7905,1.0
2021-11-02,53.7451,53.7451,53.7451,53.7451,1.0
2021-11-03,53.548,53.548,53.548,53.548,1.0
2021-11-08,54.8171,54.8171,54.8171,54.8171,1.0
2021-11-09,54.8221,54.8221,54.8221,54.8221,1.0
2021-11-10,55.0145,55.0145,55.0145,55.0145,1.0
2021-11-11,54.3384,54.3384,54.3384,54.3384,1.0
2021-11-12,54.5542,54.5542,54.5542,54.5542,1.0
2021-11-15,55.2368,55.2368,55.2368,55.2368,1.0
2021-11-16,55.1374,55.1374,55.1374,55.1374,1.0
2021-11-17,55.0688,55.0688,55.0688,55.0688,1.0
2021-11-18,54.5367,54.5367,54.5367,54.5367,1.0
2021-11-22,54.1178,54.1178,54.1178,54.1178,1.0
2021-11-23,54.224,54.224,54.224,54.224,1.0
2021-11-24,53.9649,53.9649,53.9649,53.9649,1.0
2021-11-25,54.0364,54.0364,54.0364,54.0364,1.0
2021-11-26,53.3463,53.3463,53.3463,53.3463,1.0
2021-11-29,52.5746,52.5746,52.5746,52.5746,1.0
2021-11-30,53.1762,53.1762,53.1762,53.1762,1.0
2021-12-01,53.0511,53.0511,53.0511,53.0511,1.0
2021-12-02,53.462,53.462,53.462,53.462,1.0
2021-12-03,53.426,53.426,53.426,53.426,1.0
2021-12-06,52.5329,52.5329,52.5329,52.5329,1.0
2021-12-07,53.3228,53.3228,53.3228,53.3228,1.0
2021-12-08,54.418,54.418,54.418,54.418,1.0
2021-12-09,54.7846,54.7846,54.7846,54.7846,1.0
2021-12-10,55.108,55.108,55.108,55.108,1.0
2021-12-13,55.115,55.115,55.115,55.115,1.0
2021-12-14,55.0658,55.0658,55.0658,55.0658,1.0
2021-12-15,54.4507,54.4507,54.4507,54.4507,1.0
2021-12-16,54.3922,54.3922,54.3922,54.3922,1.0
2021-12-17,53.5048,53.5048,53.5048,53.5048,1.0
2021-12-20,52.3958,52.3958,52.3958,52.3958,1.0
2021-12-21,52.414,52.414,52.414,52.414,1.0
2021-12-22,53.1946,53.1946,53.1946,53.1946,1.0
2021-12-23,53.5286,53.5286,53.5286,53.5286,1.0
2021-12-24,53.4319,53.4319,53.4319,53.4319,1.0
2021-12-27,53.6276,53.6276,53.6276,53.6276,1.0
2021-12-28,54.092,54.092,54.092,54.092,1.0
2021-12-29,53.9326,53.9326,53.9326,53.9326,1.0
2021-12-30,53.9981,53.9981,53.9981,53.9981,1.0
2021-12-31,54.4581,54.4581,54.4581,54.4581,1.0
2022-01-03,54.5884,54.5884,54.5884,54.5884,1.0
2022-01-04,54.8749,54.8749,54.8749,54.8749,1.0
2022-01-05,54.8129,54.8129,54.8129,54.8129,1.0
2022-01-06,54.0152,54.0152,54.0152,54.0152,1.0
2022-01-07,54.0384,54.0384,54.0384,54.0384,1.0
2022-01-10,54.2704,54.2704,54.2704,54.2704,1.0
2022-01-11,54.3167,54.3167,54.3167,54.3167,1.0
2022-01-12,54.7346,54.7346,54.7346,54.7346,1.0
2022-01-13,55.0629,55.0629,55.0629,55.0629,1.0
2022-01-14,54.6273,54.6273,54.6273,54.6273,1.0
2022-01-17,54.7944,54.7944,54.7944,54.7944,1.0
2022-01-18,54.4037,54.4037,54.4037,54.4037,1.0
2022-01-19,53.966,53.966,53.966,53.966,1.0
2022-01-20,53.9155,53.9155,53.9155,53.9155,1.0
2022-01-21,53.2473,53.2473,53.2473,53.2473,1.0
2022-01-24,51.772,51.772,51.772,51.772,1.0
2022-01-25,52.3539,52.3539,52.3539,52.3539,1.0
2022-01-27,51.6695,51.6695,51.6695,51.6695,1.0
2022-01-28,51.6481,51.6481,51.6481,51.6481,1.0
2022-01-31,52.4968,52.4968,52.4968,52.4968,1.0
2022-02-01,53.3101,53.3101,53.3101,53.3101,1.0
2022-02-02,53.9684,53.9684,53.9684,53.9684,1.0
2022-02-03,54.3661,54.3661,54.3661,54.3661,1.0
2022-02-04,52.5837,52.5837,52.5837,52.5837,1.0
2022-02-07,52.4854,52.4854,52.4854,52.4854,1.0
2022-02-08,52.2274,52.2274,52.2274,52.2274,1.0
2022-02-09,52.6151,52.6151,52.6151,52.6151,1.0
2022-02-10,53.1541,53.1541,53.1541,53.1541,1.0
2022-02-11,52.4694,52.4694,52.4694,52.4694,1.0
2022-02-14,50.9963,50.9963,50.9963,50.9963,1.0
2022-02-15,51.8092,51.8092,51.8092,51.8092,1.0
2022-02-16,52.0243,52.0243,52.0243,52.0243,1.0
2022-02-17,51.8893,51.8893,51.8893,51.8893,1.0
2022-02-18,51.3431,51.3431,51.3431,51.3431,1.0
2022-02-21,50.8782,50.8782,50.8782,50.8782,1.0
2022-02-22,50.4575,50.4575,50.4575,50.4575,1.0
2022-02-23,50.3166,50.3166,50.3166,50.3166,1.0
2022-02-24,48.3898,48.3898,48.3898,48.3898,1.0
2022-02-25,50.0091,50.0091,50.0091,50.0091,1.0
2022-02-28,50.3107,50.3107,50.3107,50.3107,1.0
2022-03-02,49.8861,49.8861,49.8861,49.8861,1.0
2022-03-03,50.1049,50.1049,50.1049,50.1049,1.0
2022-03-04,49.4208,49.4208,49.4208,49.4208,1.0
2022-03-07,48.5862,48.5862,48.5862,48.5862,1.0
2022-03-08,48.2589,48.2589,48.2589,48.2589,1.0
2022-03-09,48.6393,48.6393,48.6393,48.6393,1.0
2022-03-10,49.6502,49.6502,49.6502,49.6502,1.0
2022-03-11,49.9919,49.9919,49.9919,49.9919,1.0
2022-03-14,50.0546,50.0546,50.0546,50.0546,1.0
2022-03-15,49.46,49.46,49.46,49.46,1.0
2022-03-16,50.5005,50.5005,50.5005,50.5005,1.0
2022-03-17,51.3406,51.3406,51.3406,51.3406,1.0
2022-03-21,51.4958,51.4958,51.4958,51.4958,1.0
2022-03-22,51.6393,51.6393,51.6393,51.6393,1.0
2022-03-23,52.0889,52.0889,52.0889,52.0889,1.0
2022-03-24,52.0626,52.0626,52.0626,52.0626,1.0
2022-03-25,52.0338,52.0338,52.0338,52.0338,1.0
2022-03-28,52.2572,52.2572,52.2572,52.2572,1.0
2022-03-29,52.2612,52.2612,52.2612,52.2612,1.0
2022-03-30,52.5583,52.5583,52.5583,52.5583,1.0
2022-03-31,52.5141,52.5141,52.5141,52.5141,1.0
2022-04-01,52.8609,52.8609,52.8609,52.8609,1.0
2022-04-04,53.9793,53.9793,53.9793,53.9793,1.0
2022-04-05,54.7857,54.7857,54.7857,54.7857,1.0
2022-04-06,54.4538,54.4538,54.4538,54.4538,1.0
2022-04-07,53.7773,53.7773,53.7773,53.7773,1.0
2022-04-08,54.0076,54.0076,54.0076,54.0076,1.0
2022-04-11,53.4823,53.4823,53.4823,53.4823,1.0
2022-04-12,52.5707,52.5707,52.5707,52.5707,1.0
2022-04-13,52.2541,52.2541,52.2541,52.2541,1.0
2022-04-18,51.667,51.667,51.667,51.667,1.0
2022-04-19,51.2306,51.2306,51.2306,51.2306,1.0
2022-04-20,51.6804,51.6804,51.6804,51.6804,1.0
2022-04-21,51.7525,51.7525,51.7525,51.7525,1.0
2022-04-22,51.0161,51.0161,51.0161,51.0161,1.0
2022-04-25,50.2483,50.2483,50.2483,50.2483,1.0
2022-04-26,51.0977,51.0977,51.0977,51.0977,1.0
2022-04-27,50.3224,50.3224,50.3224,50.3224,1.0
2022-04-28,50.6732,50.6732,50.6732,50.6732,1.0
2022-04-29,50.7205,50.7205,50.7205,50.7205,1.0
2022-05-02,49.9622,49.9622,49.9622,49.9622,1.0
2022-05-04,49.6482,49.6482,49.6482,49.6482,1.0
2022-05-05,49.9435,49.9435,49.9435,49.9435,1.0
2022-05-06,49.0081,49.0081,49.0081,49.0081,1.0
2022-05-09,48.7994,48.7994,48.7994,48.7994,1.0
2022-05-10,48.1193,48.1193,48.1193,48.1193,1.0
2022-05-11,48.1258,48.1258,48.1258,48.1258,1.0
2022-05-12,47.0201,47.0201,47.0201,47.0201,1.0
2022-05-13,47.1498,47.1498,47.1498,47.1498,1.0
2022-05-16,47.6371,47.6371,47.6371,47.6371,1.0
2022-05-17,48.3132,48.3132,48.3132,48.3132,1.0
2022-05-18,48.4873,48.4873,48.4873,48.4873,1.0
2022-05-19,47.5502,47.5502,47.5502,47.5502,1.0
2022-05-20,48.1445,48.1445,48.1445,48.1445,1.0
2022-05-23,47.9598,47.9598,47.9598,47.9598,1.0
2022-05-24,48.015,48.015,48.015,48.015,1.0
2022-05-25,47.4122,47.4122,47.4122,47.4122,1.0
2022-05-26,47.7411,47.7411,47.7411,47.7411,1.0
2022-05-27,48.4457,48.4457,48.4457,48.4457,1.0
2022-05-30,49.2537,49.2537,49.2537,49.2537,1.0
2022-05-31,49.5594,49.5594,49.5594,49.5594,1.0
2022-06-01,49.4131,49.4131,49.4131,49.4131,1.0
2022-06-02,49.2763,49.2763,49.2763,49.2763,1.0
2022-06-03,49.3231,49.3231,49.3231,49.3231,1.0
2022-06-06,48.8664,48.8664,48.8664,48.8664,1.0
2022-06-07,48.8466,48.8466,48.8466,48.8466,1.0
2022-06-08,48.7184,48.7184,48.7184,48.7184,1.0
2022-06-09,48.8738,48.8738,48.8738,48.8738,1.0
2022-06-10,48.2221,48.2221,48.2221,48.2221,1.0
2022-06-13,47.0186,47.0186,47.0186,47.0186,1.0
2022-06-14,46.4984,46.4984,46.4984,46.4984,1.0
2022-06-15,46.5659,46.5659,46.5659,46.5659,1.0
2022-06-16,46.0539,46.0539,46.0539,46.0539,1.0
2022-06-17,45.433,45.433,45.433,45.433,1.0
2022-06-20,45.4885,45.4885,45.4885,45.4885,1.0
2022-06-21,46.1855,46.1855,46.1855,46.1855,1.0
2022-06-22,45.919,45.919,45.919,45.919,1.0
2022-06-23,46.131,46.131,46.131,46.131,1.0
2022-06-24,46.7348,46.7348,46.7348,46.7348,1.0
2022-06-27,47.5907,47.5907,47.5907,47.5907,1.0
2022-06-28,47.3139,47.3139,47.3139,47.3139,1.0
2022-06-29,46.715,46.715,46.715,46.715,1.0
2022-06-30,46.8274,46.8274,46.8274,46.8274,1.0
2022-07-01,46.8073,46.8073,46.8073,46.8073,1.0
2022-07-04,47.1749,47.1749,47.1749,47.1749,1.0
2022-07-05,47.1476,47.1476,47.1476,47.1476,1.0
2022-07-06,47.8395,47.8395,47.8395,47.8395,1.0
2022-07-07,48.2713,48.2713,48.2713,48.2713,1.0
2022-07-08,48.7315,48.7315,48.7315,48.7315,1.0
2022-07-11,48.8655,48.8655,48.8655,48.8655,1.0
2022-07-12,48.4055,48.4055,48.4055,48.4055,1.0
2022-07-13,47.9708,47.9708,47.9708,47.9708,1.0
2022-07-14,47.6812,47.6812,47.6812,47.6812,1.0
2022-07-15,47.6411,47.6411,47.6411,47.6411,1.0
2022-07-18,48.2078,48.2078,48.2078,48.2078,1.0
2022-07-19,48.2224,48.2224,48.2224,48.2224,1.0
2022-07-20,48.8662,48.8662,48.8662,48.8662,1.0
2022-07-21,49.2078,49.2078,49.2078,49.2078,1.0
2022-07-22,49.4641,49.4641,49.4641,49.4641,1.0
2022-07-25,49.0597,49.0597,49.0597,49.0597,1.0
2022-07-26,48.735,48.735,48.735,48.735,1.0
2022-07-27,48.6198,48.6198,48.6198,48.6198,1.0
2022-07-28,49.6669,49.6669,49.6669,49.6669,1.0
2022-07-29,49.9775,49.9775,49.9775,49.9775,1.0
2022-08-01,50.6558,50.6558,50.6558,50.6558,1.0
2022-08-02,50.6442,50.6442,50.6442,50.6442,1.0
2022-08-03,50.5703,50.5703,50.5703,50.5703,1.0
2022-08-04,50.8873,50.8873,50.8873,50.8873,1.0
2022-08-05,50.9908,50.9908,50.9908,50.9908,1.0
2022-08-08,51.2029,51.2029,51.2029,51.2029,1.0
2022-08-10,51.2162,51.2162,51.2162,51.2162,1.0
2022-08-11,51.8196,51.8196,51.8196,51.8196,1.0
2022-08-12,51.8644,51.8644,51.8644,51.8644,1.0
2022-08-16,52.368,52.368,52.368,52.368,1.0
2022-08-17,52.7112,52.7112,52.7112,52.7112,1.0
2022-08-18,52.6126,52.6126,52.6126,52.6126,1.0
2022-08-19,52.2012,52.2012,52.2012,52.2012,1.0
2022-08-22,51.438,51.438,51.438,51.438,1.0
2022-08-23,51.3001,51.3001,51.3001,51.3001,1.0
2022-08-24,51.3688,51.3688,51.3688,51.3688,1.0
2022-08-25,51.2292,51.2292,51.2292,51.2292,1.0
2022-08-26,51.5554,51.5554,51.5554,51.5554,1.0
2022-08-29,50.7145,50.7145,50.7145,50.7145,1.0
2022-08-30,51.3263,51.3263,51.3263,51.3263,1.0
2022-09-01,51.1309,51.1309,51.1309,51.1309,1.0
2022-09-02,51.1622,51.1622,51.1622,51.1622,1.0
2022-09-05,51.3348,51.3348,51.3348,51.3348,1.0
2022-09-06,51.4646,51.4646,51.4646,51.4646,1.0
2022-09-07,51.377,51.377,51.377,51.377,1.0
2022-09-08,52.2687,52.2687,52.2687,52.2687,1.0
2022-09-09,52.4691,52.4691,52.4691,52.4691,1.0
2022-09-12,52.8258,52.8258,52.8258,52.8258,1.0
2022-09-13,53.1433,53.1433,53.1433,53.1433,1.0
2022-09-14,52.7911,52.7911,52.7911,52.7911,1.0
2022-09-15,52.7059,52.7059,52.7059,52.7059,1.0
2022-09-16,51.7146,51.7146,51.7146,51.7146,1.0
2022-09-19,51.7473,51.7473,51.7473,51.7473,1.0
2022-09-20,52.308,52.308,52.308,52.308,1.0
2022-09-21,51.9906,51.9906,51.9906,51.9906,1.0
2022-09-22,51.6029,51.6029,51.6029,51.6029,1.0
2022-09-23,50.996,50.996,50.996,50.996,1.0
2022-09-26,50.1478,50.1478,50.1478,50.1478,1.0
2022-09-27,49.9832,49.9832,49.9832,49.9832,1.0
2022-09-28,49.5671,49.5671,49.5671,49.5671,1.0
2022-09-29,49.7331,49.7331,49.7331,49.7331,1.0
2022-09-30,49.892,49.892,49.892,49.892,1.0
2022-10-03,49.6832,49.6832,49.6832,49.6832,1.0
2022-10-04,50.5757,50.5757,50.5757,50.5757,1.0
2022-10-06,51.2132,51.2132,51.2132,51.2132,1.0
2022-10-07,51.2764,51.2764,51.2764,51.2764,1.0
2022-10-10,50.6906,50.6906,50.6906,50.6906,1.0
2022-10-11,50.2449,50.2449,50.2449,50.2449,1.0
2022-10-12,50.4695,50.4695,50.4695,50.4695,1.0
2022-10-13,50.4082,50.4082,50.4082,50.4082,1.0
2022-10-14,50.7986,50.7986,50.7986,50.7986,1.0
2022-10-17,50.6426,50.6426,50.6426,50.6426,1.0
2022-10-18,51.3218,51.3218,51.3218,51.3218,1.0
2022-10-19,51.5791,51.5791,51.5791,51.5791,1.0
2022-10-20,51.4843,51.4843,51.4843,51.4843,1.0
2022-10-21,51.5748,51.5748,51.5748,51.5748,1.0
2022-10-25,52.2518,52.2518,52.2518,52.2518,1.0
2022-10-27,52.1107,52.1107,52.1107,52.1107,1.0
2022-10-28,51.5216,51.5216,51.5216,51.5216,1.0
2022-10-31,51.9464,51.9464,51.9464,51.9464,1.0
2022-11-01,51.9849,51.9849,51.9849,51.9849,1.0
2022-11-02,51.7054,51.7054,51.7054,51.7054,1.0
2022-11-03,51.3125,51.3125,51.3125,51.3125,1.0
2022-11-04,50.9681,50.9681,50.9681,50.9681,1.0
2022-11-07,51.4519,51.4519,51.4519,51.4519,1.0
2022-11-09,51.7279,51.7279,51.7279,51.7279,1.0
2022-11-10,51.2877,51.2877,51.2877,51.2877,1.0
2022-11-11,52.2551,52.2551,52.2551,52.2551,1.0
2022-11-14,52.3423,52.3423,52.3423,52.3423,1.0
2022-11-15,52.3847,52.3847,52.3847,52.3847,1.0
2022-11-16,52.5302,52.5302,52.5302,52.5302,1.0
2022-11-17,52.3356,52.3356,52.3356,52.3356,1.0
2022-11-18,52.1584,52.1584,52.1584,52.1584,1.0
2022-11-21,52.0208,52.0208,52.0208,52.0208,1.0
2022-11-22,51.9944,51.9944,51.9944,51.9944,1.0
2022-11-23,52.054,52.054,52.054,52.054,1.0
2022-11-24,52.4977,52.4977,52.4977,52.4977,1.0
2022-11-25,52.5193,52.5193,52.5193,52.5193,1.0
2022-11-28,52.5076,52.5076,52.5076,52.5076,1.0
2022-11-29,52.2731,52.2731,52.2731,52.2731,1.0
2022-11-30,52.5166,52.5166,52.5166,52.5166,1.0
2022-12-01,53.0001,53.0001,53.0001,53.0001,1.0
2022-12-02,52.8816,52.8816,52.8816,52.8816,1.0
2022-12-05,52.8884,52.8884,52.8884,52.8884,1.0
2022-12-06,52.6323,52.6323,52.6323,52.6323,1.0
2022-12-07,52.236,52.236,52.236,52.236,1.0
2022-12-08,52.2439,52.2439,52.2439,52.2439,1.0
2022-12-09,52.0462,52.0462,52.0462,52.0462,1.0
2022-12-12,52.0796,52.0796,52.0796,52.0796,1.0
2022-12-13,52.4048,52.4048,52.4048,52.4048,1.0
2022-12-14,52.7428,52.7428,52.7428,52.7428,1.0
2022-12-15,52.3737,52.3737,52.3737,52.3737,1.0
2022-12-16,51.7298,51.7298,51.7298,51.7298,1.0
2022-12-19,52.0402,52.0402,52.0402,52.0402,1.0
2022-12-20,51.8258,51.8258,51.8258,51.8258,1.0
2022-12-21,51.5514,51.5514,51.5514,51.5514,1.0
2022-12-22,51.4078,51.4078,51.4078,51.4078,1.0
2022-12-23,50.3658,50.3658,50.3658,50.3658,1.0
2022-12-26,50.9555,50.9555,50.9555,50.9555,1.0
2022-12-27,51.1004,51.1004,51.1004,51.1004,1.0
2022-12-28,51.006,51.006,51.006,51.006,1.0
2022-12-29,51.0117,51.0117,51.0117,51.0117,1.0
2022-12-30,51.0328,51.0328,51.0328,51.0328,1.0
2023-01-02,51.0882,51.0882,51.0882,51.0882,1.0
2023-01-03,51.2259,51.2259,51.2259,51.2259,1.0
2023-01-04,51.031,51.031,51.031,51.031,1.0
2023-01-05,50.919,50.919,50.919,50.919,1.0
2023-01-06,50.5032,50.5032,50.5032,50.5032,1.0
2023-01-09,51.0789,51.0789,51.0789,51.0789,1.0
2023-01-10,50.9772,50.9772,50.9772,50.9772,1.0
2023-01-11,50.9837,50.9837,50.9837,50.9837,1.0
2023-01-12,51.3246,51.3246,51.3246,51.3246,1.0
2023-01-13,51.6212,51.6212,51.6212,51.6212,1.0
2023-01-16,51.5313,51.5313,51.5313,51.5313,1.0
2023-01-17,51.6338,51.6338,51.6338,51.6338,1.0
2023-01-18,51.75,51.75,51.75,51.75,1.0
2023-01-19,51.7515,51.7515,51.7515,51.7515,1.0
2023-01-20,51.731,51.731,51.731,51.731,1.0
2023-01-23,52.4271,52.4271,52.4271,52.4271,1.0
2023-01-24,52.5474,52.5474,52.5474,52.5474,1.0
2023-01-25,51.9664,51.9664,51.9664,51.9664,1.0
2023-01-27,51.856,51.856,51.856,51.856,1.0
2023-01-30,52.0371,52.0371,52.0371,52.0371,1.0
2023-01-31,51.969,51.969,51.969,51.969,1.0
2023-02-01,52.3241,52.3241,52.3241,52.3241,1.0
2023-02-02,52.5869,52.5869,52.5869,52.5869,1.0
2023-02-03,53.6078,53.6078,53.6078,53.6078,1.0
2023-02-06,53.2821,53.2821,53.2821,53.2821,1.0
2023-02-07,53.0658,53.0658,53.0658,53.0658,1.0
2023-02-08,53.4666,53.4666,53.4666,53.4666,1.0
2023-02-09,52.9848,52.9848,52.9848,52.9848,1.0
2023-02-10,52.6782,52.6782,52.6782,52.6782,1.0
2023-02-13,52.4751,52.4751,52.4751,52.4751,1.0
2023-02-14,52.8227,52.8227,52.8227,52.8227,1.0
2023-02-15,52.8794,52.8794,52.8794,52.8794,1.0
2023-02-16,53.0012,53.0012,53.0012,53.0012,1.0
2023-02-17,52.7128,52.7128,52.7128,52.7128,1.0
2023-02-20,52.5665,52.5665,52.5665,52.5665,1.0
2023-02-21,52.5544,52.5544,52.5544,52.5544,1.0
2023-02-22,52.0666,52.0666,52.0666,52.0666,1.0
2023-02-23,52.0787,52.0787,52.0787,52.0787,1.0
2023-02-24,52.1252,52.1252,52.1252,52.1252,1.0
2023-02-27,51.9471,51.9471,51.9471,51.9471,1.0
2023-02-28,51.9826,51.9826,51.9826,51.9826,1.0
2023-03-01,52.3198,52.3198,52.3198,52.3198,1.0
2023-03-02,52.1887,52.1887,52.1887,52.1887,1.0
2023-03-03,52.5275,52.5275,52.5275,52.5275,1.0
2023-03-06,53.1254,53.1254,53.1254,53.1254,1.0
2023-03-08,53.181,53.181,53.181,53.181,1.0
2023-03-09,52.9241,52.9241,52.9241,52.9241,1.0
2023-03-10,52.5308,52.5308,52.5308,52.5308,1.0
2023-03-13,51.8989,51.8989,51.8989,51.8989,1.0
2023-03-14,51.9571,51.9571,51.9571,51.9571,1.0
2023-03-15,52.1662,52.1662,52.1662,52.1662,1.0
2023-03-16,52.437,52.437,52.437,52.437,1.0
2023-03-17,52.8102,52.8102,52.8102,52.8102,1.0
2023-03-20,52.6068,52.6068,52.6068,52.6068,1.0
2023-03-21,52.6837,52.6837,52.6837,52.6837,1.0
2023-03-22,52.9187,52.9187,52.9187,52.9187,1.0
2023-03-23,52.6859,52.6859,52.6859,52.6859,1.0
2023-03-24,52.5501,52.5501,52.5501,52.5501,1.0
2023-03-27,52.4353,52.4353,52.4353,52.4353,1.0
2023-03-28,52.2485,52.2485,52.2485,52.2485,1.0
2023-03-29,52.3695,52.3695,52.3695,52.3695,1.0
2023-03-31,53.0485,53.0485,53.0485,53.0485,1.0
2023-04-03,53.4035,53.4035,53.4035,53.4035,1.0
2023-04-05,53.796,53.796,53.796,53.796,1.0
2023-04-06,53.8142,53.8142,53.8142,53.8142,1.0
2023-04-10,54.1678,54.1678,54.1678,54.1678,1.0
2023-04-11,54.3747,54.3747,54.3747,54.3747,1.0
2023-04-12,54.3566,54.3566,54.3566,54.3566,1.0
2023-04-13,54.2611,54.2611,54.2611,54.2611,1.0
2023-04-17,54.6034,54.6034,54.6034,54.6034,1.0
2023-04-18,54.6757,54.6757,54.6757,54.6757,1.0
2023-04-19,54.5254,54.5254,54.5254,54.5254,1.0
2023-04-20,54.5813,54.5813,54.5813,54.5813,1.0
2023-04-21,54.651,54.651,54.651,54.651,1.0
2023-04-24,54.9557,54.9557,54.9557,54.9557,1.0
2023-04-25,54.8765,54.8765,54.8765,54.8765,1.0
2023-04-26,54.7723,54.7723,54.7723,54.7723,1.0
2023-04-27,55.2039,55.2039,55.2039,55.2039,1.0
2023-04-28,55.9938,55.9938,55.9938,55.9938,1.0
2023-05-02,56.0465,56.0465,56.0465,56.0465,1.0
2023-05-03,55.9965,55.9965,55.9965,55.9965,1.0
2023-05-04,56.0905,56.0905,56.0905,56.0905,1.0
2023-05-05,55.816,55.816,55.816,55.816,1.0
2023-05-08,56.1744,56.1744,56.1744,56.1744,1.0
2023-05-09,56.2813,56.2813,56.2813,56.2813,1.0
2023-05-10,56.3903,56.3903,56.3903,56.3903,1.0
2023-05-11,56.6883,56.6883,56.6883,56.6883,1.0
2023-05-12,56.7739,56.7739,56.7739,56.7739,1.0
2023-05-15,56.7543,56.7543,56.7543,56.7543,1.0
2023-05-16,56.6606,56.6606,56.6606,56.6606,1.0
2023-05-17,56.6016,56.6016,56.6016,56.6016,1.0
2023-05-18,56.5473,56.5473,56.5473,56.5473,1.0
2023-05-19,56.7787,56.7787,56.7787,56.7787,1.0
2023-05-22,56.9716,56.9716,56.9716,56.9716,1.0
2023-05-23,57.2695,57.2695,57.2695,57.2695,1.0
2023-05-24,57.2893,57.2893,57.2893,57.2893,1.0
2023-05-25,57.3694,57.3694,57.3694,57.3694,1.0
2023-05-26,57.8775,57.8775,57.8775,57.8775,1.0
2023-05-29,58.3159,58.3159,58.3159,58.3159,1.0
2023-05-30,58.403,58.403,58.403,58.403,1.0
2023-05-31,58.3362,58.3362,58.3362,58.3362,1.0
2023-06-01,57.9777,57.9777,57.9777,57.9777,1.0
2023-06-02,58.2626,58.2626,58.2626,58.2626,1.0
2023-06-05,58.4147,58.4147,58.4147,58.4147,1.0
2023-06-06,58.5154,58.5154,58.5154,58.5154,1.0
2023-06-07,58.7393,58.7393,58.7393,58.7393,1.0
2023-06-08,58.0973,58.0973,58.0973,58.0973,1.0
2023-06-09,57.9511,57.9511,57.9511,57.9511,1.0
2023-06-12,58.0131,58.0131,58.0131,58.0131,1.0
2023-06-13,58.5135,58.5135,58.5135,58.5135,1.0
2023-06-14,58.5809,58.5809,58.5809,58.5809,1.0
2023-06-15,58.6131,58.6131,58.6131,58.6131,1.0
2023-06-16,59.0057,59.0057,59.0057,59.0057,1.0
2023-06-19,58.7729,58.7729,58.7729,58.7729,1.0
2023-06-20,58.997,58.997,58.997,58.997,1.0
2023-06-21,59.0944,59.0944,59.0944,59.0944,1.0
2023-06-22,58.7528,58.7528,58.7528,58.7528,1.0
2023-06-23,58.7926,58.7926,58.7926,58.7926,1.0
2023-06-26,58.9582,58.9582,58.9582,58.9582,1.0
2023-06-27,58.8569,58.8569,58.8569,58.8569,1.0
2023-06-28,59.2879,59.2879,59.2879,59.2879,1.0
2023-06-30,59.632,59.632,59.632,59.632,1.0
2023-07-03,59.9238,59.9238,59.9238,59.9238,1.0
2023-07-04,60.0167,60.0167,60.0167,60.0167,1.0
2023-07-05,60.3683,60.3683,60.3683,60.3683,1.0
2023-07-06,60.5029,60.5029,60.5029,60.5029,1.0
2023-07-07,60.0604,60.0604,60.0604,60.0604,1.0
2023-07-10,59.6766,59.6766,59.6766,59.6766,1.0
2023-07-11,59.8609,59.8609,59.8609,59.8609,1.0
2023-07-12,60.1577,60.1577,60.1577,60.1577,1.0
2023-07-13,60.336,60.336,60.336,60.336,1.0
2023-07-14,60.6356,60.6356,60.6356,60.6356,1.0
2023-07-17,60.8153,60.8153,60.8153,60.8153,1.0
2023-07-18,60.8571,60.8571,60.8571,60.8571,1.0
2023-07-19,61.0734,61.0734,61.0734,61.0734,1.0
2023-07-20,61.0591,61.0591,61.0591,61.0591,1.0
2023-07-21,60.6482,60.6482,60.6482,60.6482,1.0
2023-07-24,60.5348,60.5348,60.5348,60.5348,1.0
2023-07-25,60.746,60.746,60.746,60.746,1.0
2023-07-26,61.0311,61.0311,61.0311,61.0311,1.0
2023-07-27,60.9991,60.9991,60.9991,60.9991,1.0
2023-07-28,61.3175,61.3175,61.3175,61.3175,1.0
2023-07-31,61.6034,61.6034,61.6034,61.6034,1.0
2023-08-01,61.5998,61.5998,61.5998,61.5998,1.0
2023-08-02,60.8634,60.8634,60.8634,60.8634,1.0
2023-08-03,60.649,60.649,60.649,60.649,1.0
2023-08-04,61.0688,61.0688,61.0688,61.0688,1.0
2023-08-07,61.3507,61.3507,61.3507,61.3507,1.0
2023-08-08,61.1877,61.1877,61.1877,61.1877,1.0
2023-08-09,61.1579,61.1579,61.1579,61.1579,1.0
2023-08-10,60.9562,60.9562,60.9562,60.9562,1.0
2023-08-11,60.8213,60.8213,60.8213,60.8213,1.0
2023-08-14,61.0184,61.0184,61.0184,61.0184,1.0
2023-08-16,60.853,60.853,60.853,60.853,1.0
2023-08-17,60.3775,60.3775,60.3775,60.3775,1.0
2023-08-18,60.0775,60.0775,60.0775,60.0775,1.0
2023-08-21,60.5781,60.5781,60.5781,60.5781,1.0
2023-08-22,60.7055,60.7055,60.7055,60.7055,1.0
2023-08-23,61.07,61.07,61.07,61.07,1.0
2023-08-24,60.7503,60.7503,60.7503,60.7503,1.0
2023-08-25,60.5096,60.5096,60.5096,60.5096,1.0
2023-08-28,60.8243,60.8243,60.8243,60.8243,1.0
2023-08-29,61.1517,61.1517,61.1517,61.1517,1.0
2023-08-30,61.2453,61.2453,61.2453,61.2453,1.0
2023-08-31,61.3231,61.3231,61.3231,61.3231,1.0
2023-09-01,61.8175,61.8175,61.8175,61.8175,1.0
2023-09-04,62.1717,62.1717,62.1717,62.1717,1.0
2023-09-05,62.4303,62.4303,62.4303,62.4303,1.0
2023-09-06,62.3722,62.3722,62.3722,62.3722,1.0
2023-09-07,62.8153,62.8153,62.8153,62.8153,1.0
2023-09-08,63.0884,63.0884,63.0884,63.0884,1.0
2023-09-11,63.7631,63.7631,63.7631,63.7631,1.0
2023-09-12,63.2095,63.2095,63.2095,63.2095,1.0
2023-09-13,63.5877,63.5877,63.5877,63.5877,1.0
2023-09-14,63.8545,63.8545,63.8545,63.8545,1.0
2023-09-15,63.7866,63.7866,63.7866,63.7866,1.0
2023-09-18,63.8768,63.8768,63.8768,63.8768,1.0
2023-09-20,63.3339,63.3339,63.3339,63.3339,1.0
2023-09-21,62.7308,62.7308,62.7308,62.7308,1.0
2023-09-22,62.5902,62.5902,62.5902,62.5902,1.0
2023-09-25,62.7359,62.7359,62.7359,62.7359,1.0
2023-09-26,62.5158,62.5158,62.5158,62.5158,1.0
2023-09-27,62.7658,62.7658,62.7658,62.7658,1.0
2023-09-29,62.8402,62.8402,62.8402,62.8402,1.0
2023-10-03,62.4944,62.4944,62.4944,62.4944,1.0
2023-10-04,62.1734,62.1734,62.1734,62.1734,1.0
2023-10-05,62.2562,62.2562,62.2562,62.2562,1.0
2023-10-06,62.7456,62.7456,62.7456,62.7456,1.0
2023-10-09,62.5967,62.5967,62.5967,62.5967,1.0
2023-10-10,63.1718,63.1718,63.1718,63.1718,1.0
2023-10-11,63.5284,63.5284,63.5284,63.5284,1.0
2023-10-12,63.6946,63.6946,63.6946,63.6946,1.0
2023-10-13,63.5264,63.5264,63.5264,63.5264,1.0
2023-10-16,63.8978,63.8978,63.8978,63.8978,1.0
2023-10-17,64.2079,64.2079,64.2079,64.2079,1.0
2023-10-18,63.8014,63.8014,63.8014,63.8014,1.0
2023-10-19,63.6554,63.6554,63.6554,63.6554,1.0
2023-10-20,63.2921,63.2921,63.2921,63.2921,1.0
2023-10-23,62.8266,62.8266,62.8266,62.8266,1.0
2023-10-25,62.2623,62.2623,62.2623,62.2623,1.0
2023-10-26,61.5627,61.5627,61.5627,61.5627,1.0
2023-10-27,62.3608,62.3608,62.3608,62.3608,1.0
2023-10-30,62.7132,62.7132,62.7132,62.7132,1.0
2023-10-31,62.8072,62.8072,62.8072,62.8072,1.0
2023-11-01,62.7192,62.7192,62.7192,62.7192,1.0
2023-11-02,63.0959,63.0959,63.0959,63.0959,1.0
2023-11-03,63.5111,63.5111,63.5111,63.5111,1.0
2023-11-06,64.0403,64.0403,64.0403,64.0403,1.0
2023-11-07,64.2861,64.2861,64.2861,64.2861,1.0
2023-11-08,64.4866,64.4866,64.4866,64.4866,1.0
2023-11-09,64.4416,64.4416,64.4416,64.4416,1.0
2023-11-10,64.9027,64.9027,64.9027,64.9027,1.0
2023-11-13,65.387,65.387,65.387,65.387,1.0
2023-11-15,65.9372,65.9372,65.9372,65.9372,1.0
2023-11-16,66.0779,66.0779,66.0779,66.0779,1.0
2023-11-17,66.0247,66.0247,66.0247,66.0247,1.0
2023-11-20,66.0121,66.0121,66.0121,66.0121,1.0
2023-11-21,66.0704,66.0704,66.0704,66.0704,1.0
2023-11-22,66.2382,66.2382,66.2382,66.2382,1.0
2023-11-23,66.3622,66.3622,66.3622,66.3622,1.0
2023-11-24,66.3522,66.3522,66.3522,66.3522,1.0
2023-11-28,66.6512,66.6512,66.6512,66.6512,1.0
2023-11-29,66.9516,66.9516,66.9516,66.9516,1.0
2023-11-30,67.0067,67.0067,67.0067,67.0067,1.0
2023-12-01,67.1793,67.1793,67.1793,67.1793,1.0
2023-12-04,67.9811,67.9811,67.9811,67.9811,1.0
2023-12-05,68.3237,68.3237,68.3237,68.3237,1.0
2023-12-06,68.3887,68.3887,68.3887,68.3887,1.0
2023-12-07,68.9912,68.9912,68.9912,68.9912,1.0
2023-12-08,68.9547,68.9547,68.9547,68.9547,1.0
2023-12-11,68.7782,68.7782,68.7782,68.7782,1.0
2023-12-12,68.7156,68.7156,68.7156,68.7156,1.0
2023-12-13,69.1475,69.1475,69.1475,69.1475,1.0
2023-12-14,69.4422,69.4422,69.4422,69.4422,1.0
2023-12-15,69.5862,69.5862,69.5862,69.5862,1.0
2023-12-18,69.6142,69.6142,69.6142,69.6142,1.0
2023-12-19,69.8439,69.8439,69.8439,69.8439,1.0
2023-12-21,69.2775,69.2775,69.2775,69.2775,1.0
2023-12-22,69.6049,69.6049,69.6049,69.6049,1.0
2023-12-26,69.8354,69.8354,69.8354,69.8354,1.0
2023-12-27,70.0497,70.0497,70.0497,70.0497,1.0
2023-12-28,70.3524,70.3524,70.3524,70.3524,1.0
2023-12-29,70.2435,70.2435,70.2435,70.2435,1.0
2024-01-01,70.4621,70.4621,70.4621,70.4621,1.0
2024-01-02,70.3278,70.3278,70.3278,70.3278,1.0
2024-01-03,70.2262,70.2262,70.2262,70.2262,1.0
2024-01-04,70.4573,70.4573,70.4573,70.4573,1.0
2024-01-05,70.4903,70.4903,70.4903,70.4903,1.0
2024-01-08,70.3416,70.3416,70.3416,70.3416,1.0
2024-01-09,70.5527,70.5527,70.5527,70.5527,1.0
2024-01-10,70.7891,70.7891,70.7891,70.7891,1.0
2024-01-11,71.0366,71.0366,71.0366,71.0366,1.0
2024-01-12,71.2789,71.2789,71.2789,71.2789,1.0
2024-01-15,71.8577,71.8577,71.8577,71.8577,1.0
2024-01-16,71.6219,71.6219,71.6219,71.6219,1.0
2024-01-17,70.5289,70.5289,70.5289,70.5289,1.0
2024-01-18,70.3466,70.3466,70.3466,70.3466,1.0
2024-01-19,71.315,71.315,71.315,71.315,1.0
2024-01-23,70.4662,70.4662,70.4662,70.4662,1.0
2024-01-24,71.391,71.391,71.391,71.391,1.0
2024-01-25,71.2065,71.2065,71.2065,71.2065,1.0
2024-01-29,72.1704,72.1704,72.1704,72.1704,1.0
2024-01-30,71.7106,71.7106,71.7106,71.7106,1.0
2024-01-31,71.9746,71.9746,71.9746,71.9746,1.0
2024-02-01,72.5346,72.5346,72.5346,72.5346,1.0
2024-02-02,73.7564,73.7564,73.7564,73.7564,1.0
2024-02-05,73.6952,73.6952,73.6952,73.6952,1.0
2024-02-06,74.0825,74.0825,74.0825,74.0825,1.0
2024-02-07,74.3294,74.3294,74.3294,74.3294,1.0
2024-02-08,74.1961,74.1961,74.1961,74.1961,1.0
2024-02-09,74.2799,74.2799,74.2799,74.2799,1.0
2024-02-12,73.4745,73.4745,73.4745,73.4745,1.0
2024-02-13,73.7502,73.7502,73.7502,73.7502,1.0
2024-02-14,74.365,74.365,74.365,74.365,1.0
2024-02-15,74.7137,74.7137,74.7137,74.7137,1.0
2024-02-16,74.8005,74.8005,74.8005,74.8005,1.0
2024-02-19,74.8544,74.8544,74.8544,74.8544,1.0
2024-02-20,75.0243,75.0243,75.0243,75.0243,1.0
2024-02-21,74.3969,74.3969,74.3969,74.3969,1.0
2024-02-22,75.1418,75.1418,75.1418,75.1418,1.0
2024-02-23,75.1258,75.1258,75.1258,75.1258,1.0
2024-02-26,74.8684,74.8684,74.8684,74.8684,1.0
2024-02-27,75.0318,75.0318,75.0318,75.0318,1.0
2024-02-28,74.1358,74.1358,74.1358,74.1358,1.0
2024-02-29,74.7901,74.7901,74.7901,74.7901,1.0
2024-03-01,75.431,75.431,75.431,75.431,1.0
2024-03-04,75.6458,75.6458,75.6458,75.6458,1.0
2024-03-05,75.289,75.289,75.289,75.289,1.0
2024-03-06,75.3257,75.3257,75.3257,75.3257,1.0
2024-03-07,75.4666,75.4666,75.4666,75.4666,1.0
2024-03-11,74.6367,74.6367,74.6367,74.6367,1.0
2024-03-12,74.8438,74.8438,74.8438,74.8438,1.0
2024-03-13,73.6481,73.6481,73.6481,73.6481,1.0
2024-03-14,74.0899,74.0899,74.0899,74.0899,1.0
2024-03-15,73.6088,73.6088,73.6088,73.6088,1.0
2024-03-18,73.8482,73.8482,73.8482,73.8482,1.0
2024-03-19,73.4526,73.4526,73.4526,73.4526,1.0
2024-03-20,73.79,73.79,73.79,73.79,1.0
2024-03-21,74.4738,74.4738,74.4738,74.4738,1.0
2024-03-22,74.8984,74.8984,74.8984,74.8984,1.0
2024-03-26,74.5943,74.5943,74.5943,74.5943,1.0
2024-03-27,74.4617,74.4617,74.4617,74.4617,1.0
2024-03-28,74.8659,74.8659,74.8659,74.8659,1.0
2024-03-31,74.8685,74.8685,74.8685,74.8685,1.0
2024-04-01,75.7331,75.7331,75.7331,75.7331,1.0
2024-04-02,75.6672,75.6672,75.6672,75.6672,1.0
2024-04-03,75.7476,75.7476,75.7476,75.7476,1.0
2024-04-04,75.7866,75.7866,75.7866,75.7866,1.0
2024-04-05,76.3282,76.3282,76.3282,76.3282,1.0
2024-04-08,76.7286,76.7286,76.7286,76.7286,1.0
2024-04-09,76.9761,76.9761,76.9761,76.9761,1.0
2024-04-10,77.2477,77.2477,77.2477,77.2477,1.0
2024-04-12,76.7069,76.7069,76.7069,76.7069,1.0
2024-04-15,75.8301,75.8301,75.8301,75.8301,1.0
2024-04-16,75.7907,75.7907,75.7907,75.7907,1.0
2024-04-18,75.329,75.329,75.329,75.329,1.0
2024-04-19,75.4004,75.4004,75.4004,75.4004,1.0
2024-04-22,76.0642,76.0642,76.0642,76.0642,1.0
2024-04-23,76.5885,76.5885,76.5885,76.5885,1.0
2024-04-24,76.8651,76.8651,76.8651,76.8651,1.0
2024-04-25,76.989,76.989,76.989,76.989,1.0
2024-04-26,77.4182,77.4182,77.4182,77.4182,1.0
2024-04-29,77.3108,77.3108,77.3108,77.3108,1.0
2024-04-30,76.9642,76.9642,76.9642,76.9642,1.0
2024-05-02,77.5363,77.5363,77.5363,77.5363,1.0
2024-05-03,77.6579,77.6579,77.6579,77.6579,1.0
2024-05-06,77.7623,77.7623,77.7623,77.7623,1.0
2024-05-07,77.2593,77.2593,77.2593,77.2593,1.0
2024-05-08,77.4499,77.4499,77.4499,77.4499,1.0
2024-05-09,76.4133,76.4133,76.4133,76.4133,1.0
2024-05-10,76.8,76.8,76.8,76.8,1.0
2024-05-13,76.9965,76.9965,76.9965,76.9965,1.0
2024-05-14,77.2781,77.2781,77.2781,77.2781,1.0
2024-05-15,77.6977,77.6977,77.6977,77.6977,1.0
2024-05-16,77.827,77.827,77.827,77.827,1.0
2024-05-17,78.1173,78.1173,78.1173,78.1173,1.0
2024-05-21,78.5887,78.5887,78.5887,78.5887,1.0
2024-05-22,78.6082,78.6082,78.6082,78.6082,1.0
2024-05-23,78.9077,78.9077,78.9077,78.9077,1.0
2024-05-24,78.9749,78.9749,78.9749,78.9749,1.0
2024-05-27,78.9329,78.9329,78.9329,78.9329,1.0
2024-05-28,78.6572,78.6572,78.6572,78.6572,1.0
2024-05-29,78.3817,78.3817,78.3817,78.3817,1.0
2024-05-30,77.7259,77.7259,77.7259,77.7259,1.0
2024-05-31,77.7696,77.7696,77.7696,77.7696,1.0
2024-06-03,79.3574,79.3574,79.3574,79.3574,1.0
2024-06-04,76.0338,76.0338,76.0338,76.0338,1.0
2024-06-05,78.0896,78.0896,78.0896,78.0896,1.0
2024-06-06,78.8155,78.8155,78.8155,78.8155,1.0
2024-06-07,79.7653,79.7653,79.7653,79.7653,1.0
2024-06-10,80.15,80.15,80.15,80.15,1.0
2024-06-11,80.2586,80.2586,80.2586,80.2586,1.0
2024-06-12,80.7448,80.7448,80.7448,80.7448,1.0
2024-06-13,80.5839,80.5839,80.5839,80.5839,1.0
2024-06-14,80.7598,80.7598,80.7598,80.7598,1.0
2024-06-18,80.9622,80.9622,80.9622,80.9622,1.0
2024-06-19,81.0075,81.0075,81.0075,81.0075,1.0
2024-06-20,81.3351,81.3351,81.3351,81.3351,1.0
2024-06-21,81.2542,81.2542,81.2542,81.2542,1.0
2024-06-24,81.4983,81.4983,81.4983,81.4983,1.0
2024-06-25,81.7742,81.7742,81.7742,81.7742,1.0
2024-06-26,81.769,81.769,81.769,81.769,1.0
2024-06-27,82.0557,82.0557,82.0557,82.0557,1.0
2024-06-28,81.9385,81.9385,81.9385,81.9385,1.0
2024-07-01,82.5054,82.5054,82.5054,82.5054,1.0
2024-07-02,82.5255,82.5255,82.5255,82.5255,1.0
2024-07-03,83.2879,83.2879,83.2879,83.2879,1.0
2024-07-04,83.819,83.819,83.819,83.819,1.0
2024-07-05,83.9205,83.9205,83.9205,83.9205,1.0
2024-07-08,83.9784,83.9784,83.9784,83.9784,1.0
2024-07-09,84.364,84.364,84.364,84.364,1.0
2024-07-10,84.1974,84.1974,84.1974,84.1974,1.0
2024-07-11,84.0095,84.0095,84.0095,84.0095,1.0
2024-07-12,84.1068,84.1068,84.1068,84.1068,1.0
2024-07-15,84.3118,84.3118,84.3118,84.3118,1.0
2024-07-16,84.3059,84.3059,84.3059,84.3059,1.0
2024-07-18,84.0002,84.0002,84.0002,84.0002,1.0
2024-07-19,83.2619,83.2619,83.2619,83.2619,1.0
2024-07-22,83.7829,83.7829,83.7829,83.7829,1.0
2024-07-23,83.8404,83.8404,83.8404,83.8404,1.0
2024-07-24,83.3111,83.3111,83.3111,83.3111,1.0
2024-07-25,82.9565,82.9565,82.9565,82.9565,1.0
2024-07-26,84.0106,84.0106,84.0106,84.0106,1.0
2024-07-29,84.2303,84.2303,84.2303,84.2303,1.0
2024-07-30,84.4549,84.4549,84.4549,84.4549,1.0
2024-07-31,84.9013,84.9013,84.9013,84.9013,1.0
2024-08-01,85.3407,85.3407,85.3407,85.3407,1.0
2024-08-02,84.4466,84.4466,84.4466,84.4466,1.0
2024-08-05,82.2479,82.2479,82.2479,82.2479,1.0
2024-08-06,82.1857,82.1857,82.1857,82.1857,1.0
2024-08-07,83.4186,83.4186,83.4186,83.4186,1.0
2024-08-08,83.283,83.283,83.283,83.283,1.0
2024-08-09,83.8388,83.8388,83.8388,83.8388,1.0
2024-08-12,83.7172,83.7172,83.7172,83.7172,1.0
2024-08-13,83.1029,83.1029,83.1029,83.1029,1.0
2024-08-14,82.9981,82.9981,82.9981,82.9981,1.0
2024-08-16,84.3808,84.3808,84.3808,84.3808,1.0
2024-08-19,84.6819,84.6819,84.6819,84.6819,1.0
2024-08-20,85.1607,85.1607,85.1607,85.1607,1.0
2024-08-21,85.3124,85.3124,85.3124,85.3124,1.0
2024-08-22,85.2776,85.2776,85.2776,85.2776,1.0
2024-08-23,85.4119,85.4119,85.4119,85.4119,1.0
2024-08-26,85.7622,85.7622,85.7622,85.7622,1.0
2024-08-27,85.7119,85.7119,85.7119,85.7119,1.0
2024-08-28,85.5251,85.5251,85.5251,85.5251,1.0
2024-08-29,85.6244,85.6244,85.6244,85.6244,1.0
2024-08-30,85.8868,85.8868,85.8868,85.8868,1.0
2024-09-02,86.3868,86.3868,86.3868,86.3868,1.0
2024-09-03,86.4139,86.4139,86.4139,86.4139,1.0
2024-09-04,86.2083,86.2083,86.2083,86.2083,1.0
2024-09-05,86.2323,86.2323,86.2323,86.2323,1.0
2024-09-06,85.1393,85.1393,85.1393,85.1393,1.0
2024-09-09,85.0535,85.0535,85.0535,85.0535,1.0
2024-09-10,85.6503,85.6503,85.6503,85.6503,1.0
2024-09-11,85.7029,85.7029,85.7029,85.7029,1.0
2024-09-12,86.6981,86.6981,86.6981,86.6981,1.0
2024-09-13,86.6894,86.6894,86.6894,86.6894,1.0
2024-09-16,87.0366,87.0366,87.0366,87.0366,1.0
2024-09-17,87.0823,87.0823,87.0823,87.0823,1.0
2024-09-18,87.2969,87.2969,87.2969,87.2969,1.0
2024-09-19,87.5326,87.5326,87.5326,87.5326,1.0
2024-09-20,88.7115,88.7115,88.7115,88.7115,1.0
2024-09-23,88.969,88.969,88.969,88.969,1.0
2024-09-24,88.9023,88.9023,88.9023,88.9023,1.0
2024-09-25,89.1877,89.1877,89.1877,89.1877,1.0
2024-09-26,89.5987,89.5987,89.5987,89.5987,1.0
2024-09-27,89.1507,89.1507,89.1507,89.1507,1.0
2024-09-30,88.6165,88.6165,88.6165,88.6165,1.0
2024-10-01,88.6465,88.6465,88.6465,88.6465,1.0
2024-10-03,87.4673,87.4673,87.4673,87.4673,1.0
2024-10-04,87.0233,87.0233,87.0233,87.0233,1.0
2024-10-07,85.9761,85.9761,85.9761,85.9761,1.0
2024-10-08,86.6821,86.6821,86.6821,86.6821,1.0
2024-10-09,86.9591,86.9591,86.9591,86.9591,1.0
2024-10-10,87.4292,87.4292,87.4292,87.4292,1.0
2024-10-11,87.5377,87.5377,87.5377,87.5377,1.0
2024-10-14,87.8732,87.8732,87.8732,87.8732,1.0
2024-10-15,88.092,88.092,88.092,88.092,1.0
2024-10-16,87.7578,87.7578,87.7578,87.7578,1.0
2024-10-17,87.2415,87.2415,87.2415,87.2415,1.0
2024-10-18,87.6683,87.6683,87.6683,87.6683,1.0
2024-10-21,87.3748,87.3748,87.3748,87.3748,1.0
2024-10-22,86.6405,86.6405,86.6405,86.6405,1.0
2024-10-23,86.4885,86.4885,86.4885,86.4885,1.0
2024-10-24,86.4618,86.4618,86.4618,86.4618,1.0
2024-10-25,86.1527,86.1527,86.1527,86.1527,1.0
2024-10-28,86.3152,86.3152,86.3152,86.3152,1.0
2024-10-29,86.8599,86.8599,86.8599,86.8599,1.0
2024-10-30,86.5263,86.5263,86.5263,86.5263,1.0
2024-10-31,85.9814,85.9814,85.9814,85.9814,1.0
2024-11-04,85.7645,85.7645,85.7645,85.7645,1.0
2024-11-05,86.3781,86.3781,86.3781,86.3781,1.0
2024-11-06,87.0848,87.0848,87.0848,87.0848,1.0
2024-11-07,86.8705,86.8705,86.8705,86.8705,1.0
2024-11-08,86.7847,86.7847,86.7847,86.7847,1.0
2024-11-11,87.2638,87.2638,87.2638,87.2638,1.0
2024-11-12,86.5864,86.5864,86.5864,86.5864,1.0
2024-11-13,85.5923,85.5923,85.5923,85.5923,1.0
2024-11-14,85.7371,85.7371,85.7371,85.7371,1.0
2024-11-18,85.2443,85.2443,85.2443,85.2443,1.0
2024-11-19,85.5699,85.5699,85.5699,85.5699,1.0
2024-11-21,85.2303,85.2303,85.2303,85.2303,1.0
2024-11-22,86.2203,86.2203,86.2203,86.2203,1.0
2024-11-25,86.9296,86.9296,86.9296,86.9296,1.0
2024-11-26,86.9017,86.9017,86.9017,86.9017,1.0
2024-11-27,86.9216,86.9216,86.9216,86.9216,1.0
2024-11-28,86.4025,86.4025,86.4025,86.4025,1.0
2024-11-29,86.7639,86.7639,86.7639,86.7639,1.0
2024-12-02,87.2842,87.2842,87.2842,87.2842,1.0
2024-12-03,87.8085,87.8085,87.8085,87.8085,1.0
2024-12-04,87.856,87.856,87.856,87.856,1.0
2024-12-05,88.384,88.384,88.384,88.384,1.0
2024-12-06,88.6888,88.6888,88.6888,88.6888,1.0
2024-12-09,88.7982,88.7982,88.7982,88.7982,1.0
2024-12-10,88.9747,88.9747,88.9747,88.9747,1.0
2024-12-11,89.405,89.405,89.405,89.405,1.0
2024-12-12,89.1992,89.1992,89.1992,89.1992,1.0
2024-12-13,89.4327,89.4327,89.4327,89.4327,1.0
2024-12-16,89.6441,89.6441,89.6441,89.6441,1.0
2024-12-17,89.1389,89.1389,89.1389,89.1389,1.0
2024-12-18,88.1624,88.1624,88.1624,88.1624,1.0
2024-12-19,87.9504,87.9504,87.9504,87.9504,1.0
2024-12-20,86.8824,86.8824,86.8824,86.8824,1.0
2024-12-23,87.4345,87.4345,87.4345,87.4345,1.0
2024-12-24,87.4392,87.4392,87.4392,87.4392,1.0
2024-12-26,87.6152,87.6152,87.6152,87.6152,1.0
2024-12-27,87.6015,87.6015,87.6015,87.6015,1.0
2024-12-30,87.9604,87.9604,87.9604,87.9604,1.0
2024-12-31,87.673,87.673,87.673,87.673,1.0
2025-01-01,87.9456,87.9456,87.9456,87.9456,1.0
2025-01-02,89.0106,89.0106,89.0106,89.0106,1.0
2025-01-03,88.499,88.499,88.499,88.499,1.0
2025-01-06,87.3465,87.3465,87.3465,87.3465,1.0
2025-01-07,87.2939,87.2939,87.2939,87.2939,1.0
2025-01-08,87.3422,87.3422,87.3422,87.3422,1.0
2025-01-09,86.9907,86.9907,86.9907,86.9907,1.0
2025-01-10,86.2777,86.2777,86.2777,86.2777,1.0
2025-01-13,85.0944,85.0944,85.0944,85.0944,1.0
2025-01-14,85.3784,85.3784,85.3784,85.3784,1.0
2025-01-15,86.0188,86.0188,86.0188,86.0188,1.0
2025-01-16,86.0419,86.0419,86.0419,86.0419,1.0
2025-01-17,85.9236,85.9236,85.9236,85.9236,1.0
2025-01-20,86.3561,86.3561,86.3561,86.3561,1.0
2025-01-21,85.7245,85.7245,85.7245,85.7245,1.0
2025-01-22,86.2997,86.2997,86.2997,86.2997,1.0
2025-01-23,86.4111,86.4111,86.4111,86.4111,1.0
2025-01-24,86.1202,86.1202,86.1202,86.1202,1.0
2025-01-27,85.2707,85.2707,85.2707,85.2707,1.0
2025-01-28,85.6737,85.6737,85.6737,85.6737,1.0
2025-01-29,86.3242,86.3242,86.3242,86.3242,1.0
2025-01-30,86.4548,86.4548,86.4548,86.4548,1.0
2025-01-31,87.4349,87.4349,87.4349,87.4349,1.0
2025-02-03,87.379,87.379,87.379,87.379,1.0
2025-02-04,87.9923,87.9923,87.9923,87.9923,1.0
2025-02-05,87.7154,87.7154,87.7154,87.7154,1.0
2025-02-06,87.7441,87.7441,87.7441,87.7441,1.0
2025-02-07,87.236,87.236,87.236,87.236,1.0
2025-02-10,86.8683,86.8683,86.8683,86.8683,1.0
2025-02-11,85.9313,85.9313,85.9313,85.9313,1.0
2025-02-12,85.9582,85.9582,85.9582,85.9582,1.0
2025-02-13,86.1979,86.1979,86.1979,86.1979,1.0
2025-02-14,85.811,85.811,85.811,85.811,1.0
2025-02-17,85.972,85.972,85.972,85.972,1.0
2025-02-18,85.8927,85.8927,85.8927,85.8927,1.0
2025-02-19,85.7517,85.7517,85.7517,85.7517,1.0
2025-02-20,85.9271,85.9271,85.9271,85.9271,1.0
2025-02-21,85.1573,85.1573,85.1573,85.1573,1.0
2025-02-24,84.5628,84.5628,84.5628,84.5628,1.0
2025-02-25,84.2928,84.2928,84.2928,84.2928,1.0
2025-02-27,84.1972,84.1972,84.1972,84.1972,1.0
2025-02-28,83.4913,83.4913,83.4913,83.4913,1.0
2025-03-03,82.891,82.891,82.891,82.891,1.0
2025-03-04,82.6843,82.6843,82.6843,82.6843,1.0
2025-03-05,83.7353,83.7353,83.7353,83.7353,1.0
2025-03-06,83.8674,83.8674,83.8674,83.8674,1.0
2025-03-07,83.8166,83.8166,83.8166,83.8166,1.0
2025-03-10,83.337,83.337,83.337,83.337,1.0
2025-03-11,83.2603,83.2603,83.2603,83.2603,1.0
2025-03-12,83.5579,83.5579,83.5579,83.5579,1.0
2025-03-13,83.0488,83.0488,83.0488,83.0488,1.0
2025-03-17,83.7786,83.7786,83.7786,83.7786,1.0
2025-03-18,84.2963,84.2963,84.2963,84.2963,1.0
2025-03-19,84.7678,84.7678,84.7678,84.7678,1.0
2025-03-20,85.2293,85.2293,85.2293,85.2293,1.0
2025-03-21,85.8483,85.8483,85.8483,85.8483,1.0
2025-03-24,86.9302,86.9302,86.9302,86.9302,1.0
2025-03-25,86.9378,86.9378,86.9378,86.9378,1.0
2025-03-26,86.3858,86.3858,86.3858,86.3858,1.0
2025-03-27,86.4471,86.4471,86.4471,86.4471,1.0
2025-03-28,85.8371,85.8371,85.8371,85.8371,1.0
2025-03-31,85.8434,85.8434,85.8434,85.8434,1.0
2025-04-01,84.9643,84.9643,84.9643,84.9643,1.0
2025-04-02,85.1159,85.1159,85.1159,85.1159,1.0
2025-04-03,84.5849,84.5849,84.5849,84.5849,1.0
2025-04-04,83.6171,83.6171,83.6171,83.6171,1.0
2025-04-07,82.0594,82.0594,82.0594,82.0594,1.0
2025-04-08,82.6208,82.6208,82.6208,82.6208,1.0
2025-04-09,83.5909,83.5909,83.5909,83.5909,1.0
2025-04-11,84.3987,84.3987,84.3987,84.3987,1.0
2025-04-15,85.4091,85.4091,85.4091,85.4091,1.0
2025-04-16,85.2456,85.2456,85.2456,85.2456,1.0
2025-04-17,85.9851,85.9851,85.9851,85.9851,1.0
2025-04-21,86.6029,86.6029,86.6029,86.6029,1.0
2025-04-22,87.1201,87.1201,87.1201,87.1201,1.0
2025-04-23,87.7517,87.7517,87.7517,87.7517,1.0
2025-04-24,87.8632,87.8632,87.8632,87.8632,1.0
2025-04-25,87.2934,87.2934,87.2934,87.2934,1.0
2025-04-28,87.8113,87.8113,87.8113,87.8113,1.0
2025-04-29,87.5196,87.5196,87.5196,87.5196,1.0
2025-04-30,87.4119,87.4119,87.4119,87.4119,1.0
2025-05-02,87.9847,87.9847,87.9847,87.9847,1.0
2025-05-05,88.0615,88.0615,88.0615,88.0615,1.0
2025-05-06,87.785,87.785,87.785,87.785,1.0
2025-05-07,88.0446,88.0446,88.0446,88.0446,1.0
2025-05-08,87.831,87.831,87.831,87.831,1.0
2025-05-09,86.8646,86.8646,86.8646,86.8646,1.0
2025-05-12,89.5367,89.5367,89.5367,89.5367,1.0
2025-05-13,88.874,88.874,88.874,88.874,1.0
2025-05-14,89.2176,89.2176,89.2176,89.2176,1.0
2025-05-15,89.996,89.996,89.996,89.996,1.0
2025-05-16,90.2896,90.2896,90.2896,90.2896,1.0
2025-05-19,90.6981,90.6981,90.6981,90.6981,1.0
2025-05-20,89.6835,89.6835,89.6835,89.6835,1.0
2025-05-21,89.8657,89.8657,89.8657,89.8657,1.0
2025-05-22,89.4835,89.4835,89.4835,89.4835,1.0
2025-05-23,90.0638,90.0638,90.0638,90.0638,1.0
2025-05-26,90.3489,90.3489,90.3489,90.3489,1.0
2025-05-27,90.1335,90.1335,90.1335,90.1335,1.0
2025-05-28,89.8449,89.8449,89.8449,89.8449,1.0
2025-05-29,89.9176,89.9176,89.9176,89.9176,1.0
2025-05-30,89.7841,89.7841,89.7841,89.7841,1.0
2025-06-02,89.9823,89.9823,89.9823,89.9823,1.0
2025-06-03,89.4701,89.4701,89.4701,89.4701,1.0
2025-06-04,89.8926,89.8926,89.8926,89.8926,1.0
2025-06-05,90.2215,90.2215,90.2215,90.2215,1.0
2025-06-06,91.4036,91.4036,91.4036,91.4036,1.0
2025-06-09,91.8572,91.8572,91.8572,91.8572,1.0
2025-06-10,91.9973,91.9973,91.9973,91.9973,1.0
2025-06-11,91.8034,91.8034,91.8034,91.8034,1.0
2025-06-12,91.0594,91.0594,91.0594,91.0594,1.0
2025-06-13,90.6725,90.6725,90.6725,90.6725,1.0
2025-06-16,91.2972,91.2972,91.2972,91.2972,1.0
2025-06-17,91.0434,91.0434,91.0434,91.0434,1.0
2025-06-18,90.9944,90.9944,90.9944,90.9944,1.0
2025-06-19,90.8546,90.8546,90.8546,90.8546,1.0
2025-06-20,91.4295,91.4295,91.4295,91.4295,1.0
2025-06-23,91.2091,91.2091,91.2091,91.2091,1.0
2025-06-24,91.4839,91.4839,91.4839,91.4839,1.0
2025-06-25,91.9789,91.9789,91.9789,91.9789,1.0
2025-06-26,92.6711,92.6711,92.6711,92.6711,1.0
2025-06-27,93.166,93.166,93.166,93.166,1.0
2025-06-30,92.903,92.903,92.903,92.903,1.0
2025-07-01,92.6786,92.6786,92.6786,92.6786,1.0
2025-07-02,92.5393,92.5393,92.5393,92.5393,1.0
2025-07-03,92.4553,92.4553,92.4553,92.4553,1.0
2025-07-04,92.612,92.612,92.612,92.612,1.0
2025-07-07,92.6536,92.6536,92.6536,92.6536,1.0
2025-07-08,92.484,92.484,92.484,92.484,1.0
2025-07-09,92.744,92.744,92.744,92.744,1.0
2025-07-10,92.4306,92.4306,92.4306,92.4306,1.0
2025-07-11,92.1021,92.1021,92.1021,92.1021,1.0
2025-07-14,92.3162,92.3162,92.3162,92.3162,1.0
2025-07-15,92.4187,92.4187,92.4187,92.4187,1.0
2025-07-16,92.4085,92.4085,92.4085,92.4085,1.0
2025-07-17,92.3343,92.3343,92.3343,92.3343,1.0
2025-07-18,91.9428,91.9428,91.9428,91.9428,1.0
2025-07-21,92.5354,92.5354,92.5354,92.5354,1.0
2025-07-22,92.4745,92.4745,92.4745,92.4745,1.0
2025-07-23,92.8129,92.8129,92.8129,92.8129,1.0
2025-07-24,92.5071,92.5071,92.5071,92.5071,1.0
2025-07-25,92.0559,92.0559,92.0559,92.0559,1.0
2025-07-28,91.5833,91.5833,91.5833,91.5833,1.0
2025-07-29,91.8916,91.8916,91.8916,91.8916,1.0
2025-07-30,91.9115,91.9115,91.9115,91.9115,1.0
2025-07-31,92.1602,92.1602,92.1602,92.1602,1.0
2025-08-01,91.3302,91.3302,91.3302,91.3302,1.0
2025-08-04,91.6751,91.6751,91.6751,91.6751,1.0
2025-08-05,91.5126,91.5126,91.5126,91.5126,1.0
2025-08-06,91.368,91.368,91.368,91.368,1.0
2025-08-07,91.5052,91.5052,91.5052,91.5052,1.0
2025-08-08,91.1563,91.1563,91.1563,91.1563,1.0
2025-08-11,91.6273,91.6273,91.6273,91.6273,1.0
2025-08-12,91.7307,91.7307,91.7307,91.7307,1.0
2025-08-13,92.015,92.015,92.015,92.015,1.0
2025-08-14,92.2337,92.2337,92.2337,92.2337,1.0
2025-08-18,92.9416,92.9416,92.9416,92.9416,1.0
2025-08-19,92.4207,92.4207,92.4207,92.4207,1.0
2025-08-20,92.3051,92.3051,92.3051,92.3051,1.0
2025-08-21,92.3056,92.3056,92.3056,92.3056,1.0
2025-08-22,92.1604,92.1604,92.1604,92.1604,1.0
2025-08-25,92.2707,92.2707,92.2707,92.2707,1.0
2025-08-26,91.5915,91.5915,91.5915,91.5915,1.0
2025-08-28,91.1734,91.1734,91.1734,91.1734,1.0
2025-08-29,91.0737,91.0737,91.0737,91.0737,1.0
2025-09-01,91.5207,91.5207,91.5207,91.5207,1.0
2025-09-02,91.3431,91.3431,91.3431,91.3431,1.0
2025-09-03,92.1782,92.1782,92.1782,92.1782,1.0
2025-09-04,92.4828,92.4828,92.4828,92.4828,1.0
2025-09-05,92.513,92.513,92.513,92.513,1.0
2025-09-08,92.529,92.529,92.529,92.529,1.0
2025-09-09,93.063,93.063,93.063,93.063,1.0
2025-09-10,93.0835,93.0835,93.0835,93.0835,1.0
2025-09-11,93.3468,93.3468,93.3468,93.3468,1.0
2025-09-12,93.617,93.617,93.617,93.617,1.0
2025-09-15,93.7345,93.7345,93.7345,93.7345,1.0
2025-09-16,94.3948,94.3948,94.3948,94.3948,1.0
2025-09-17,94.5223,94.5223,94.5223,94.5223,1.0
2025-09-18,94.7084,94.7084,94.7084,94.7084,1.0
2025-09-19,94.376,94.376,94.376,94.376,1.0
2025-09-22,94.0936,94.0936,94.0936,94.0936,1.0
2025-09-23,94.0097,94.0097,94.0097,94.0097,1.0
2025-09-24,93.797,93.797,93.797,93.797,1.0
2025-09-25,93.1763,93.1763,93.1763,93.1763,1.0
2025-09-26,92.6094,92.6094,92.6094,92.6094,1.0
2025-09-30,92.0956,92.0956,92.0956,92.0956,1.0
2025-10-01,92.4742,92.4742,92.4742,92.4742,1.0
2025-10-03,92.6404,92.6404,92.6404,92.6404,1.0
2025-10-06,93.0072,93.0072,93.0072,93.0072,1.0
2025-10-07,93.1978,93.1978,93.1978,93.1978,1.0
2025-10-08,93.0302,93.0302,93.0302,93.0302,1.0
2025-10-09,93.1663,93.1663,93.1663,93.1663,1.0
2025-10-10,93.2169,93.2169,93.2169,93.2169,1.0
2025-10-13,93.3867,93.3867,93.3867,93.3867,1.0
2025-10-14,93.2029,93.2029,93.2029,93.2029,1.0
2025-10-15,93.4655,93.4655,93.4655,93.4655,1.0
2025-10-16,94.126,94.126,94.126,94.126,1.0
2025-10-17,94.5532,94.5532,94.5532,94.5532,1.0
2025-10-20,94.8065,94.8065,94.8065,94.8065,1.0
2025-10-23,95.3362,95.3362,95.3362,95.3362,1.0
2025-10-24,95.2526,95.2526,95.2526,95.2526,1.0
2025-10-27,95.7732,95.7732,95.7732,95.7732,1.0
2025-10-28,95.5012,95.5012,95.5012,95.5012,1.0
2025-10-29,95.6324,95.6324,95.6324,95.6324,1.0
2025-10-30,94.8012,94.8012,94.8012,94.8012,1.0
2025-10-31,94.4065,94.4065,94.4065,94.4065,1.0
2025-11-03,94.4577,94.4577,94.4577,94.4577,1.0
2025-11-04,93.8341,93.8341,93.8341,93.8341,1.0
2025-11-06,93.779,93.779,93.779,93.779,1.0
2025-11-07,93.5428,93.5428,93.5428,93.5428,1.0
2025-11-10,94.0765,94.0765,94.0765,94.0765,1.0
2025-11-11,94.1798,94.1798,94.1798,94.1798,1.0
2025-11-12,94.1707,94.1707,94.1707,94.1707,1.0
2025-11-13,94.0058,94.0058,94.0058,94.0058,1.0
2025-11-14,94.2899,94.2899,94.2899,94.2899,1.0
2025-11-17,94.5101,94.5101,94.5101,94.5101,1.0
2025-11-18,94.0629,94.0629,94.0629,94.0629,1.0
2025-11-19,94.3086,94.3086,94.3086,94.3086,1.0
2025-11-20,94.418,94.418,94.418,94.418,1.0
2025-11-21,94.4109,94.4109,94.4109,94.4109,1.0
2025-11-24,94.4233,94.4233,94.4233,94.4233,1.0
2025-11-25,94.3884,94.3884,94.3884,94.3884,1.0
2025-11-26,94.9954,94.9954,94.9954,94.9954,1.0
2025-11-27,94.8564,94.8564,94.8564,94.8564,1.0
2025-11-28,95.0019,95.0019,95.0019,95.0019,1.0
2025-12-01,94.9398,94.9398,94.9398,94.9398,1.0
2025-12-02,94.7524,94.7524,94.7524,94.7524,1.0
2025-12-03,94.8473,94.8473,94.8473,94.8473,1.0
2025-12-04,94.946,94.946,94.946,94.946,1.0
2025-12-05,95.3718,95.3718,95.3718,95.3718,1.0
2025-12-08,94.8059,94.8059,94.8059,94.8059,1.0
2025-12-09,94.5666,94.5666,94.5666,94.5666,1.0
2025-12-10,94.5178,94.5178,94.5178,94.5178,1.0
2025-12-11,94.735,94.735,94.735,94.735,1.0
2025-12-12,94.7577,94.7577,94.7577,94.7577,1.0
2025-12-15,94.6742,94.6742,94.6742,94.6742,1.0
2025-12-16,94.4339,94.4339,94.4339,94.4339,1.0
2025-12-17,94.1026,94.1026,94.1026,94.1026,1.0
2025-12-18,94.1703,94.1703,94.1703,94.1703,1.0
2025-12-19,94.4162,94.4162,94.4162,94.4162,1.0
2025-12-22,94.9471,94.9471,94.9471,94.9471,1.0
2025-12-23,95.3305,95.3305,95.3305,95.3305,1.0
2025-12-24,95.3441,95.3441,95.3441,95.3441,1.0
2025-12-26,95.0482,95.0482,95.0482,95.0482,1.0
2025-12-29,94.7304,94.7304,94.7304,94.7304,1.0
2025-12-30,94.6116,94.6116,94.6116,94.6116,1.0
2025-12-31,95.1709,95.1709,95.1709,95.1709,1.0
2026-01-01,94.9335,94.9335,94.9335,94.9335,1.0
2026-01-02,95.2985,95.2985,95.2985,95.2985,1.0
2026-01-05,95.3229,95.3229,95.3229,95.3229,1.0
2026-01-06,95.3244,95.3244,95.3244,95.3244,1.0
2026-01-07,95.1942,95.1942,95.1942,95.1942,1.0
2026-01-08,94.7123,94.7123,94.7123,94.7123,1.0
2026-01-09,94.1439,94.1439,94.1439,94.1439,1.0
2026-01-12,94.329,94.329,94.329,94.329,1.0
2026-01-13,94.1783,94.1783,94.1783,94.1783,1.0
2026-01-14,93.8527,93.8527,93.8527,93.8527,1.0
2026-01-16,93.8469,93.8469,93.8469,93.8469,1.0
2026-01-19,93.8504,93.8504,93.8504,93.8504,1.0
2026-01-20,92.76,92.76,92.76,92.76,1.0
2026-01-21,92.664,92.664,92.664,92.664,1.0
2026-01-22,93.3387,93.3387,93.3387,93.3387,1.0
2026-01-23,92.9409,92.9409,92.9409,92.9409,1.0
2026-01-27,93.1653,93.1653,93.1653,93.1653,1.0
2026-01-28,93.7598,93.7598,93.7598,93.7598,1.0
2026-01-29,93.9598,93.9598,93.9598,93.9598,1.0
2026-01-30,93.5212,93.5212,93.5212,93.5212,1.0
2026-02-02,93.1373,93.1373,93.1373,93.1373,1.0
2026-02-03,94.1941,94.1941,94.1941,94.1941,1.0
2026-02-04,94.0867,94.0867,94.0867,94.0867,1.0
2026-02-05,93.5631,93.5631,93.5631,93.5631,1.0
2026-02-06,93.7911,93.7911,93.7911,93.7911,1.0
2026-02-09,94.1506,94.1506,94.1506,94.1506,1.0
2026-02-10,94.1421,94.1421,94.1421,94.1421,1.0
2026-02-11,93.8017,93.8017,93.8017,93.8017,1.0
2026-02-12,93.0507,93.0507,93.0507,93.0507,1.0
2026-02-13,92.0658,92.0658,92.0658,92.0658,1.0
2026-02-16,92.9584,92.9584,92.9584,92.9584,1.0
2026-02-17,93.1314,93.1314,93.1314,93.1314,1.0
2026-02-18,93.4081,93.4081,93.4081,93.4081,1.0
2026-02-19,92.5092,92.5092,92.5092,92.5092,1.0
2026-02-20,92.9299,92.9299,92.9299,92.9299,1.0
2026-02-23,93.2424,93.2424,93.2424,93.2424,1.0
2026-02-24,92.6094,92.6094,92.6094,92.6094,1.0
2026-02-25,93.0828,93.0828,93.0828,93.0828,1.0
2026-02-26,92.7718,92.7718,92.7718,92.7718,1.0
2026-02-27,91.9544,91.9544,91.9544,91.9544,1.0
2026-03-02,91.422,91.422,91.422,91.422,1.0
2026-03-04,91.0398,91.0398,91.0398,91.0398,1.0
2026-03-05,91.5897,91.5897,91.5897,91.5897,1.0
2026-03-06,90.7461,90.7461,90.7461,90.7461,1.0
2026-03-09,89.7713,89.7713,89.7713,89.7713,1.0
2026-03-10,90.4288,90.4288,90.4288,90.4288,1.0
2026-03-11,89.727,89.727,89.727,89.727,1.0
2026-03-12,89.2729,89.2729,89.2729,89.2729,1.0
2026-03-13,88.1632,88.1632,88.1632,88.1632,1.0
2026-03-16,88.7044,88.7044,88.7044,88.7044,1.0
2026-03-17,89.0865,89.0865,89.0865,89.0865,1.0
2026-03-18,89.3756,89.3756,89.3756,89.3756,1.0
2026-03-19,87.7072,87.7072,87.7072,87.7072,1.0
2026-03-20,87.7908,87.7908,87.7908,87.7908,1.0
2026-03-23,86.5918,86.5918,86.5918,86.5918,1.0
2026-03-24,87.0006,87.0006,87.0006,87.0006,1.0
2026-03-25,87.841,87.841,87.841,87.841,1.0
2026-03-27,86.4452,86.4452,86.4452,86.4452,1.0
2026-03-30,85.2599,85.2599,85.2599,85.2599,1.0
2026-03-31,85.6779,85.6779,85.6779,85.6779,1.0
2026-04-01,86.3439,86.3439,86.3439,86.3439,1.0
2026-04-02,86.5155,86.5155,86.5155,86.5155,1.0
2026-04-06,87.4905,87.4905,87.4905,87.4905,1.0
2026-04-07,88.0544,88.0544,88.0544,88.0544,1.0
2026-04-08,90.1325,90.1325,90.1325,90.1325,1.0
2026-04-09,90.0737,90.0737,90.0737,90.0737,1.0
2026-04-10,90.4425,90.4425,90.4425,90.4425,1.0
2026-04-13,90.1521,90.1521,90.1521,90.1521,1.0
2026-04-15,91.5729,91.5729,91.5729,91.5729,1.0
2026-04-16,91.4449,91.4449,91.4449,91.4449,1.0
2026-04-17,91.9852,91.9852,91.9852,91.9852,1.0
2026-04-20,91.6716,91.6716,91.6716,91.6716,1.0
2026-04-21,92.1913,92.1913,92.1913,92.1913,1.0
2026-04-22,91.483,91.483,91.483,91.483,1.0
2026-04-23,91.0785,91.0785,91.0785,91.0785,1.0
2026-04-24,90.56,90.56,90.56,90.56,1.0
2026-04-27,91.0418,91.0418,91.0418,91.0418,1.0
2026-04-28,90.7264,90.7264,90.7264,90.7264,1.0
2026-04-29,91.4026,91.4026,91.4026,91.4026,1.0
2026-04-30,91.2902,91.2902,91.2902,91.2902,1.0
2026-05-04,91.2571,91.2571,91.2571,91.2571,1.0
2026-05-05,91.157,91.157,91.157,91.157,1.0
2026-05-06,91.9367,91.9367,91.9367,91.9367,1.0
2026-05-07,91.8067,91.8067,91.8067,91.8067,1.0
2026-05-08,91.5245,91.5245,91.5245,91.5245,1.0
2026-05-11,90.8306,90.8306,90.8306,90.8306,1.0
2026-05-12,89.6375,89.6375,89.6375,89.6375,1.0
2026-05-13,89.7575,89.7575,89.7575,89.7575,1.0
2026-05-14,90.3636,90.3636,90.3636,90.3636,1.0
2026-05-15,90.6464,90.6464,90.6464,90.6464,1.0
2026-05-18,90.6579,90.6579,90.6579,90.6579,1.0
2026-05-19,90.5973,90.5973,90.5973,90.5973,1.0
2026-05-20,90.7862,90.7862,90.7862,90.7862,1.0
2026-05-21,90.614,90.614,90.614,90.614,1.0
2026-05-22,90.3927,90.3927,90.3927,90.3927,1.0
2026-05-25,91.1502,91.1502,91.1502,91.1502,1.0
2026-05-26,90.9189,90.9189,90.9189,90.9189,1.0
2026-05-27,90.9863,90.9863,90.9863,90.9863,1.0
2026-05-29,90.0589,90.0589,90.0589,90.0589,1.0
2026-06-01,89.6775,89.6775,89.6775,89.6775,1.0
2026-06-02,89.7887,89.7887,89.7887,89.7887,1.0
2026-06-03,89.3389,89.3389,89.3389,89.3389,1.0
2026-06-04,89.6595,89.6595,89.6595,89.6595,1.0
2026-06-05,89.1488,89.1488,89.1488,89.1488,1.0
2026-06-08,88.6324,88.6324,88.6324,88.6324,1.0
2026-06-09,88.8675,88.8675,88.8675,88.8675,1.0
2026-06-10,88.5447,88.5447,88.5447,88.5447,1.0
2026-06-11,88.484,88.484,88.484,88.484,1.0
2026-06-12,89.2945,89.2945,89.2945,89.2945,1.0
2026-06-15,90.043,90.043,90.043,90.043,1.0
2026-06-16,90.5605,90.5605,90.5605,90.5605,1.0
2026-06-17,90.2928,90.2928,90.2928,90.2928,1.0
2026-06-18,90.522,90.522,90.522,90.522,1.0
2026-06-19,90.1404,90.1404,90.1404,90.1404,1.0
2026-06-22,90.0922,90.0922,90.0922,90.0922,1.0
2026-06-23,89.5746,89.5746,89.5746,89.5746,1.0
2026-06-24,89.933,89.933,89.933,89.933,1.0
2026-06-25,89.7127,89.7127,89.7127,89.7127,1.0
2026-06-29,90.043,90.043,90.043,90.043,1.0
2026-06-30,89.839,89.839,89.839,89.839,1.0
2026-07-01,90.3012,90.3012,90.3012,90.3012,1.0
2026-07-02,90.8648,90.8648,90.8648,90.8648,1.0
2026-07-03,91.2957,91.2957,91.2957,91.2957,1.0
