Date,Open,High,Low,Close,Volume
2013-01-02,10.7479,10.7479,10.7479,10.7479,1.0
2013-01-03,10.8357,10.8357,10.8357,10.8357,1.0
2013-01-04,10.6737,10.6737,10.6737,10.6737,1.0
2013-01-07,10.7486,10.7486,10.7486,10.7486,1.0
2013-01-08,10.6701,10.6701,10.6701,10.6701,1.0
2013-01-09,10.6962,10.6962,10.6962,10.6962,1.0
2013-01-10,10.6645,10.6645,10.6645,10.6645,1.0
2013-01-11,10.666,10.666,10.666,10.666,1.0
2013-01-14,10.6687,10.6687,10.6687,10.6687,1.0
2013-01-15,10.6875,10.6875,10.6875,10.6875,1.0
2013-01-16,10.7366,10.7366,10.7366,10.7366,1.0
2013-01-17,10.703,10.703,10.703,10.703,1.0
2013-01-18,10.6811,10.6811,10.6811,10.6811,1.0
2013-01-21,10.6531,10.6531,10.6531,10.6531,1.0
2013-01-22,10.7413,10.7413,10.7413,10.7413,1.0
2013-01-23,10.7673,10.7673,10.7673,10.7673,1.0
2013-01-24,10.7339,10.7339,10.7339,10.7339,1.0
2013-01-28,10.6541,10.6541,10.6541,10.6541,1.0
2013-01-29,10.6363,10.6363,10.6363,10.6363,1.0
2013-01-30,10.6084,10.6084,10.6084,10.6084,1.0
2013-01-31,10.6127,10.6127,10.6127,10.6127,1.0
2013-02-01,10.5867,10.5867,10.5867,10.5867,1.0
2013-02-04,10.5744,10.5744,10.5744,10.5744,1.0
2013-02-05,10.6703,10.6703,10.6703,10.6703,1.0
2013-02-06,10.5926,10.5926,10.5926,10.5926,1.0
2013-02-07,10.5997,10.5997,10.5997,10.5997,1.0
2013-02-08,10.6409,10.6409,10.6409,10.6409,1.0
2013-02-11,10.6045,10.6045,10.6045,10.6045,1.0
2013-02-12,10.5659,10.5659,10.5659,10.5659,1.0
2013-02-13,10.5438,10.5438,10.5438,10.5438,1.0
2013-02-14,10.5473,10.5473,10.5473,10.5473,1.0
2013-02-15,10.5091,10.5091,10.5091,10.5091,1.0
2013-02-18,10.464,10.464,10.464,10.464,1.0
2013-02-20,10.3739,10.3739,10.3739,10.3739,1.0
2013-02-21,10.2302,10.2302,10.2302,10.2302,1.0
2013-02-22,10.2772,10.2772,10.2772,10.2772,1.0
2013-02-25,10.2695,10.2695,10.2695,10.2695,1.0
2013-02-26,10.2937,10.2937,10.2937,10.2937,1.0
2013-02-27,10.3232,10.3232,10.3232,10.3232,1.0
2013-02-28,10.2806,10.2806,10.2806,10.2806,1.0
2013-03-01,10.2383,10.2383,10.2383,10.2383,1.0
2013-03-04,10.3098,10.3098,10.3098,10.3098,1.0
2013-03-05,10.3072,10.3072,10.3072,10.3072,1.0
2013-03-06,10.2809,10.2809,10.2809,10.2809,1.0
2013-03-07,10.3091,10.3091,10.3091,10.3091,1.0
2013-03-08,10.271,10.271,10.271,10.271,1.0
2013-03-11,10.2452,10.2452,10.2452,10.2452,1.0
2013-03-12,10.2459,10.2459,10.2459,10.2459,1.0
2013-03-13,10.2769,10.2769,10.2769,10.2769,1.0
2013-03-14,10.2293,10.2293,10.2293,10.2293,1.0
2013-03-15,10.2511,10.2511,10.2511,10.2511,1.0
2013-03-18,10.2966,10.2966,10.2966,10.2966,1.0
2013-03-19,10.3153,10.3153,10.3153,10.3153,1.0
2013-03-20,10.3243,10.3243,10.3243,10.3243,1.0
2013-03-21,10.2863,10.2863,10.2863,10.2863,1.0
2013-03-22,10.299,10.299,10.299,10.299,1.0
2013-03-25,10.2582,10.2582,10.2582,10.2582,1.0
2013-03-26,10.207,10.207,10.207,10.207,1.0
2013-03-28,10.3752,10.3752,10.3752,10.3752,1.0
2013-04-02,10.3299,10.3299,10.3299,10.3299,1.0
2013-04-03,10.1659,10.1659,10.1659,10.1659,1.0
2013-04-04,10.1,10.1,10.1,10.1,1.0
2013-04-05,10.1622,10.1622,10.1622,10.1622,1.0
2013-04-08,10.273,10.273,10.273,10.273,1.0
2013-04-09,10.2273,10.2273,10.2273,10.2273,1.0
2013-04-10,10.2499,10.2499,10.2499,10.2499,1.0
2013-04-12,10.0982,10.0982,10.0982,10.0982,1.0
2013-04-15,9.513,9.513,9.513,9.513,1.0
2013-04-16,9.0995,9.0995,9.0995,9.0995,1.0
2013-04-17,9.1576,9.1576,9.1576,9.1576,1.0
2013-04-18,9.0856,9.0856,9.0856,9.0856,1.0
2013-04-22,9.3855,9.3855,9.3855,9.3855,1.0
2013-04-23,9.3115,9.3115,9.3115,9.3115,1.0
2013-04-25,9.4346,9.4346,9.4346,9.4346,1.0
2013-04-26,9.5232,9.5232,9.5232,9.5232,1.0
2013-04-29,9.5163,9.5163,9.5163,9.5163,1.0
2013-04-30,9.4913,9.4913,9.4913,9.4913,1.0
2013-05-02,9.4056,9.4056,9.4056,9.4056,1.0
2013-05-03,9.5235,9.5235,9.5235,9.5235,1.0
2013-05-06,9.5942,9.5942,9.5942,9.5942,1.0
2013-05-07,9.5146,9.5146,9.5146,9.5146,1.0
2013-05-08,9.4496,9.4496,9.4496,9.4496,1.0
2013-05-09,9.5659,9.5659,9.5659,9.5659,1.0
2013-05-10,9.5502,9.5502,9.5502,9.5502,1.0
2013-05-13,9.4791,9.4791,9.4791,9.4791,1.0
2013-05-14,9.4903,9.4903,9.4903,9.4903,1.0
2013-05-15,9.3715,9.3715,9.3715,9.3715,1.0
2013-05-16,9.3173,9.3173,9.3173,9.3173,1.0
2013-05-17,9.1951,9.1951,9.1951,9.1951,1.0
2013-05-20,9.0695,9.0695,9.0695,9.0695,1.0
2013-05-21,9.2012,9.2012,9.2012,9.2012,1.0
2013-05-22,9.2403,9.2403,9.2403,9.2403,1.0
2013-05-23,9.2045,9.2045,9.2045,9.2045,1.0
2013-05-24,9.2059,9.2059,9.2059,9.2059,1.0
2013-05-27,9.2272,9.2272,9.2272,9.2272,1.0
2013-05-28,9.1999,9.1999,9.1999,9.1999,1.0
2013-05-29,9.2187,9.2187,9.2187,9.2187,1.0
2013-05-30,9.2945,9.2945,9.2945,9.2945,1.0
2013-05-31,9.463,9.463,9.463,9.463,1.0
2013-06-03,9.3771,9.3771,9.3771,9.3771,1.0
2013-06-04,9.3703,9.3703,9.3703,9.3703,1.0
2013-06-05,9.3561,9.3561,9.3561,9.3561,1.0
2013-06-06,9.457,9.457,9.457,9.457,1.0
2013-06-07,9.5316,9.5316,9.5316,9.5316,1.0
2013-06-10,9.5882,9.5882,9.5882,9.5882,1.0
2013-06-11,9.4799,9.4799,9.4799,9.4799,1.0
2013-06-12,9.4296,9.4296,9.4296,9.4296,1.0
2013-06-13,9.5204,9.5204,9.5204,9.5204,1.0
2013-06-14,9.4635,9.4635,9.4635,9.4635,1.0
2013-06-17,9.6675,9.6675,9.6675,9.6675,1.0
2013-06-18,9.6181,9.6181,9.6181,9.6181,1.0
2013-06-19,9.5645,9.5645,9.5645,9.5645,1.0
2013-06-20,9.4351,9.4351,9.4351,9.4351,1.0
2013-06-21,9.3615,9.3615,9.3615,9.3615,1.0
2013-06-24,9.2892,9.2892,9.2892,9.2892,1.0
2013-06-25,9.322,9.322,9.322,9.322,1.0
2013-06-26,9.0536,9.0536,9.0536,9.0536,1.0
2013-06-27,9.1244,9.1244,9.1244,9.1244,1.0
2013-06-28,8.8496,8.8496,8.8496,8.8496,1.0
2013-07-02,9.1727,9.1727,9.1727,9.1727,1.0
2013-07-03,9.1601,9.1601,9.1601,9.1601,1.0
2013-07-04,9.1695,9.1695,9.1695,9.1695,1.0
2013-07-05,9.1351,9.1351,9.1351,9.1351,1.0
2013-07-08,9.1278,9.1278,9.1278,9.1278,1.0
2013-07-09,9.1896,9.1896,9.1896,9.1896,1.0
2013-07-10,9.1674,9.1674,9.1674,9.1674,1.0
2013-07-11,9.3022,9.3022,9.3022,9.3022,1.0
2013-07-12,9.2927,9.2927,9.2927,9.2927,1.0
2013-07-15,9.34,9.34,9.34,9.34,1.0
2013-07-16,9.2507,9.2507,9.2507,9.2507,1.0
2013-07-17,9.2317,9.2317,9.2317,9.2317,1.0
2013-07-18,9.2297,9.2297,9.2297,9.2297,1.0
2013-07-19,9.2578,9.2578,9.2578,9.2578,1.0
2013-07-22,9.3567,9.3567,9.3567,9.3567,1.0
2013-07-23,9.5164,9.5164,9.5164,9.5164,1.0
2013-07-24,9.4846,9.4846,9.4846,9.4846,1.0
2013-07-25,9.3785,9.3785,9.3785,9.3785,1.0
2013-07-26,9.4775,9.4775,9.4775,9.4775,1.0
2013-07-29,9.6448,9.6448,9.6448,9.6448,1.0
2013-07-30,9.6509,9.6509,9.6509,9.6509,1.0
2013-07-31,9.8383,9.8383,9.8383,9.8383,1.0
2013-08-01,9.6875,9.6875,9.6875,9.6875,1.0
2013-08-02,9.5547,9.5547,9.5547,9.5547,1.0
2013-08-05,9.7569,9.7569,9.7569,9.7569,1.0
2013-08-06,9.7172,9.7172,9.7172,9.7172,1.0
2013-08-07,9.6196,9.6196,9.6196,9.6196,1.0
2013-08-08,9.6974,9.6974,9.6974,9.6974,1.0
2013-08-12,9.936,9.936,9.936,9.936,1.0
2013-08-13,10.1219,10.1219,10.1219,10.1219,1.0
2013-08-14,10.0926,10.0926,10.0926,10.0926,1.0
2013-08-16,10.523,10.523,10.523,10.523,1.0
2013-08-19,10.6532,10.6532,10.6532,10.6532,1.0
2013-08-20,10.6105,10.6105,10.6105,10.6105,1.0
2013-08-21,10.7056,10.7056,10.7056,10.7056,1.0
2013-08-22,10.7371,10.7371,10.7371,10.7371,1.0
2013-08-23,10.6982,10.6982,10.6982,10.6982,1.0
2013-08-26,10.805,10.805,10.805,10.805,1.0
2013-08-27,10.965,10.965,10.965,10.965,1.0
2013-08-28,11.1066,11.1066,11.1066,11.1066,1.0
2013-08-29,10.9817,10.9817,10.9817,10.9817,1.0
2013-08-30,10.7332,10.7332,10.7332,10.7332,1.0
2013-09-02,10.7599,10.7599,10.7599,10.7599,1.0
2013-09-03,10.9848,10.9848,10.9848,10.9848,1.0
2013-09-04,10.924,10.924,10.924,10.924,1.0
2013-09-05,10.7819,10.7819,10.7819,10.7819,1.0
2013-09-06,10.6076,10.6076,10.6076,10.6076,1.0
2013-09-10,10.4272,10.4272,10.4272,10.4272,1.0
2013-09-11,10.3574,10.3574,10.3574,10.3574,1.0
2013-09-12,10.376,10.376,10.376,10.376,1.0
2013-09-13,10.2635,10.2635,10.2635,10.2635,1.0
2013-09-16,10.2429,10.2429,10.2429,10.2429,1.0
2013-09-17,10.2557,10.2557,10.2557,10.2557,1.0
2013-09-18,10.191,10.191,10.191,10.191,1.0
2013-09-19,10.3831,10.3831,10.3831,10.3831,1.0
2013-09-20,10.3175,10.3175,10.3175,10.3175,1.0
2013-09-23,10.2116,10.2116,10.2116,10.2116,1.0
2013-09-24,10.2618,10.2618,10.2618,10.2618,1.0
2013-09-25,10.3415,10.3415,10.3415,10.3415,1.0
2013-09-26,10.2914,10.2914,10.2914,10.2914,1.0
2013-09-27,10.2777,10.2777,10.2777,10.2777,1.0
2013-09-30,10.3675,10.3675,10.3675,10.3675,1.0
2013-10-01,10.3071,10.3071,10.3071,10.3071,1.0
2013-10-03,10.279,10.279,10.279,10.279,1.0
2013-10-04,10.1767,10.1767,10.1767,10.1767,1.0
2013-10-07,10.3022,10.3022,10.3022,10.3022,1.0
2013-10-08,10.4018,10.4018,10.4018,10.4018,1.0
2013-10-09,10.3992,10.3992,10.3992,10.3992,1.0
2013-10-10,10.4096,10.4096,10.4096,10.4096,1.0
2013-10-11,10.3239,10.3239,10.3239,10.3239,1.0
2013-10-14,10.4149,10.4149,10.4149,10.4149,1.0
2013-10-15,10.3888,10.3888,10.3888,10.3888,1.0
2013-10-17,10.4725,10.4725,10.4725,10.4725,1.0
2013-10-18,10.4923,10.4923,10.4923,10.4923,1.0
2013-10-21,10.7188,10.7188,10.7188,10.7188,1.0
2013-10-22,10.7695,10.7695,10.7695,10.7695,1.0
2013-10-23,10.8386,10.8386,10.8386,10.8386,1.0
2013-10-24,10.9111,10.9111,10.9111,10.9111,1.0
2013-10-25,10.9381,10.9381,10.9381,10.9381,1.0
2013-10-28,10.903,10.903,10.903,10.903,1.0
2013-10-29,10.6966,10.6966,10.6966,10.6966,1.0
2013-10-30,10.6172,10.6172,10.6172,10.6172,1.0
2013-10-31,10.5422,10.5422,10.5422,10.5422,1.0
2013-11-01,10.6645,10.6645,10.6645,10.6645,1.0
2013-11-05,10.5202,10.5202,10.5202,10.5202,1.0
2013-11-06,10.4955,10.4955,10.4955,10.4955,1.0
2013-11-07,10.5154,10.5154,10.5154,10.5154,1.0
2013-11-08,10.4789,10.4789,10.4789,10.4789,1.0
2013-11-11,10.4558,10.4558,10.4558,10.4558,1.0
2013-11-12,10.573,10.573,10.573,10.573,1.0
2013-11-13,10.6306,10.6306,10.6306,10.6306,1.0
2013-11-14,10.6157,10.6157,10.6157,10.6157,1.0
2013-11-18,10.544,10.544,10.544,10.544,1.0
2013-11-19,10.5963,10.5963,10.5963,10.5963,1.0
2013-11-20,10.5392,10.5392,10.5392,10.5392,1.0
2013-11-21,10.522,10.522,10.522,10.522,1.0
2013-11-22,10.541,10.541,10.541,10.541,1.0
2013-11-25,10.4654,10.4654,10.4654,10.4654,1.0
2013-11-26,10.5384,10.5384,10.5384,10.5384,1.0
2013-11-27,10.4826,10.4826,10.4826,10.4826,1.0
2013-11-28,10.4337,10.4337,10.4337,10.4337,1.0
2013-11-29,10.5262,10.5262,10.5262,10.5262,1.0
2013-12-02,10.4793,10.4793,10.4793,10.4793,1.0
2013-12-03,10.4531,10.4531,10.4531,10.4531,1.0
2013-12-04,10.4686,10.4686,10.4686,10.4686,1.0
2013-12-05,10.4575,10.4575,10.4575,10.4575,1.0
2013-12-06,10.3872,10.3872,10.3872,10.3872,1.0
2013-12-09,10.3807,10.3807,10.3807,10.3807,1.0
2013-12-10,10.3688,10.3688,10.3688,10.3688,1.0
2013-12-11,10.4255,10.4255,10.4255,10.4255,1.0
2013-12-12,10.3689,10.3689,10.3689,10.3689,1.0
2013-12-13,10.3487,10.3487,10.3487,10.3487,1.0
2013-12-16,10.3168,10.3168,10.3168,10.3168,1.0
2013-12-17,10.2533,10.2533,10.2533,10.2533,1.0
2013-12-18,10.2268,10.2268,10.2268,10.2268,1.0
2013-12-19,10.2072,10.2072,10.2072,10.2072,1.0
2013-12-20,10.1534,10.1534,10.1534,10.1534,1.0
2013-12-23,10.1175,10.1175,10.1175,10.1175,1.0
2013-12-24,10.1105,10.1105,10.1105,10.1105,1.0
2013-12-26,10.1521,10.1521,10.1521,10.1521,1.0
2013-12-27,10.0681,10.0681,10.0681,10.0681,1.0
2013-12-30,10.0397,10.0397,10.0397,10.0397,1.0
2013-12-31,10.0136,10.0136,10.0136,10.0136,1.0
2014-01-01,9.9655,9.9655,9.9655,9.9655,1.0
2014-01-02,10.0504,10.0504,10.0504,10.0504,1.0
2014-01-03,10.176,10.176,10.176,10.176,1.0
2014-01-06,10.1693,10.1693,10.1693,10.1693,1.0
2014-01-07,10.144,10.144,10.144,10.144,1.0
2014-01-08,10.072,10.072,10.072,10.072,1.0
2014-01-09,10.08,10.08,10.08,10.08,1.0
2014-01-10,10.109,10.109,10.109,10.109,1.0
2014-01-13,10.1473,10.1473,10.1473,10.1473,1.0
2014-01-15,10.1057,10.1057,10.1057,10.1057,1.0
2014-01-16,10.1048,10.1048,10.1048,10.1048,1.0
2014-01-17,10.0901,10.0901,10.0901,10.0901,1.0
2014-01-20,10.2086,10.2086,10.2086,10.2086,1.0
2014-01-21,10.1539,10.1539,10.1539,10.1539,1.0
2014-01-22,10.1109,10.1109,10.1109,10.1109,1.0
2014-01-23,10.1758,10.1758,10.1758,10.1758,1.0
2014-01-24,10.1776,10.1776,10.1776,10.1776,1.0
2014-01-27,10.2313,10.2313,10.2313,10.2313,1.0
2014-01-28,10.1692,10.1692,10.1692,10.1692,1.0
2014-01-29,10.2351,10.2351,10.2351,10.2351,1.0
2014-01-30,10.2176,10.2176,10.2176,10.2176,1.0
2014-01-31,10.1431,10.1431,10.1431,10.1431,1.0
2014-02-03,10.1588,10.1588,10.1588,10.1588,1.0
2014-02-04,10.1903,10.1903,10.1903,10.1903,1.0
2014-02-05,10.1962,10.1962,10.1962,10.1962,1.0
2014-02-06,10.1767,10.1767,10.1767,10.1767,1.0
2014-02-07,10.1992,10.1992,10.1992,10.1992,1.0
2014-02-10,10.2673,10.2673,10.2673,10.2673,1.0
2014-02-11,10.3233,10.3233,10.3233,10.3233,1.0
2014-02-12,10.2923,10.2923,10.2923,10.2923,1.0
2014-02-13,10.2932,10.2932,10.2932,10.2932,1.0
2014-02-14,10.3247,10.3247,10.3247,10.3247,1.0
2014-02-17,10.464,10.464,10.464,10.464,1.0
2014-02-18,10.5179,10.5179,10.5179,10.5179,1.0
2014-02-20,10.5027,10.5027,10.5027,10.5027,1.0
2014-02-21,10.4851,10.4851,10.4851,10.4851,1.0
2014-02-24,10.5263,10.5263,10.5263,10.5263,1.0
2014-02-25,10.4963,10.4963,10.4963,10.4963,1.0
2014-02-26,10.5057,10.5057,10.5057,10.5057,1.0
2014-02-28,10.4934,10.4934,10.4934,10.4934,1.0
2014-03-03,10.5412,10.5412,10.5412,10.5412,1.0
2014-03-04,10.5179,10.5179,10.5179,10.5179,1.0
2014-03-05,10.4224,10.4224,10.4224,10.4224,1.0
2014-03-06,10.3849,10.3849,10.3849,10.3849,1.0
2014-03-07,10.3914,10.3914,10.3914,10.3914,1.0
2014-03-10,10.3482,10.3482,10.3482,10.3482,1.0
2014-03-11,10.365,10.365,10.365,10.365,1.0
2014-03-12,10.3774,10.3774,10.3774,10.3774,1.0
2014-03-13,10.377,10.377,10.377,10.377,1.0
2014-03-14,10.3336,10.3336,10.3336,10.3336,1.0
2014-03-18,10.3025,10.3025,10.3025,10.3025,1.0
2014-03-19,10.2252,10.2252,10.2252,10.2252,1.0
2014-03-20,10.1434,10.1434,10.1434,10.1434,1.0
2014-03-21,10.1435,10.1435,10.1435,10.1435,1.0
2014-03-24,10.0313,10.0313,10.0313,10.0313,1.0
2014-03-25,9.9744,9.9744,9.9744,9.9744,1.0
2014-03-26,9.9856,9.9856,9.9856,9.9856,1.0
2014-03-27,9.8865,9.8865,9.8865,9.8865,1.0
2014-03-28,9.8425,9.8425,9.8425,9.8425,1.0
2014-04-02,9.8825,9.8825,9.8825,9.8825,1.0
2014-04-03,9.8358,9.8358,9.8358,9.8358,1.0
2014-04-04,9.7265,9.7265,9.7265,9.7265,1.0
2014-04-07,9.8115,9.8115,9.8115,9.8115,1.0
2014-04-09,9.8889,9.8889,9.8889,9.8889,1.0
2014-04-10,9.9582,9.9582,9.9582,9.9582,1.0
2014-04-11,9.9492,9.9492,9.9492,9.9492,1.0
2014-04-15,10.0527,10.0527,10.0527,10.0527,1.0
2014-04-16,10.0442,10.0442,10.0442,10.0442,1.0
2014-04-17,10.0827,10.0827,10.0827,10.0827,1.0
2014-04-21,10.0925,10.0925,10.0925,10.0925,1.0
2014-04-22,10.1508,10.1508,10.1508,10.1508,1.0
2014-04-23,10.2286,10.2286,10.2286,10.2286,1.0
2014-04-25,10.2592,10.2592,10.2592,10.2592,1.0
2014-04-28,10.3134,10.3134,10.3134,10.3134,1.0
2014-04-29,10.2136,10.2136,10.2136,10.2136,1.0
2014-04-30,10.2311,10.2311,10.2311,10.2311,1.0
2014-05-02,10.3962,10.3962,10.3962,10.3962,1.0
2014-05-05,10.2563,10.2563,10.2563,10.2563,1.0
2014-05-06,10.2416,10.2416,10.2416,10.2416,1.0
2014-05-07,10.2691,10.2691,10.2691,10.2691,1.0
2014-05-08,10.1712,10.1712,10.1712,10.1712,1.0
2014-05-09,10.1323,10.1323,10.1323,10.1323,1.0
2014-05-12,10.0904,10.0904,10.0904,10.0904,1.0
2014-05-13,10.0786,10.0786,10.0786,10.0786,1.0
2014-05-15,10.0648,10.0648,10.0648,10.0648,1.0
2014-05-16,10.0457,10.0457,10.0457,10.0457,1.0
2014-05-19,9.8081,9.8081,9.8081,9.8081,1.0
2014-05-20,9.7204,9.7204,9.7204,9.7204,1.0
2014-05-21,9.7022,9.7022,9.7022,9.7022,1.0
2014-05-22,9.4831,9.4831,9.4831,9.4831,1.0
2014-05-23,9.3915,9.3915,9.3915,9.3915,1.0
2014-05-26,9.3884,9.3884,9.3884,9.3884,1.0
2014-05-27,9.3555,9.3555,9.3555,9.3555,1.0
2014-05-28,9.2472,9.2472,9.2472,9.2472,1.0
2014-05-29,9.1167,9.1167,9.1167,9.1167,1.0
2014-05-30,9.2099,9.2099,9.2099,9.2099,1.0
2014-06-02,9.2164,9.2164,9.2164,9.2164,1.0
2014-06-03,9.21,9.21,9.21,9.21,1.0
2014-06-04,9.1953,9.1953,9.1953,9.1953,1.0
2014-06-05,9.1045,9.1045,9.1045,9.1045,1.0
2014-06-06,9.1293,9.1293,9.1293,9.1293,1.0
2014-06-09,9.1031,9.1031,9.1031,9.1031,1.0
2014-06-10,9.1089,9.1089,9.1089,9.1089,1.0
2014-06-11,9.1654,9.1654,9.1654,9.1654,1.0
2014-06-12,9.1163,9.1163,9.1163,9.1163,1.0
2014-06-13,9.2171,9.2171,9.2171,9.2171,1.0
2014-06-16,9.4336,9.4336,9.4336,9.4336,1.0
2014-06-17,9.4484,9.4484,9.4484,9.4484,1.0
2014-06-18,9.4402,9.4402,9.4402,9.4402,1.0
2014-06-19,9.4581,9.4581,9.4581,9.4581,1.0
2014-06-20,9.6018,9.6018,9.6018,9.6018,1.0
2014-06-23,9.6159,9.6159,9.6159,9.6159,1.0
2014-06-24,9.6322,9.6322,9.6322,9.6322,1.0
2014-06-25,9.6209,9.6209,9.6209,9.6209,1.0
2014-06-26,9.5792,9.5792,9.5792,9.5792,1.0
2014-06-27,9.5848,9.5848,9.5848,9.5848,1.0
2014-06-30,9.5647,9.5647,9.5647,9.5647,1.0
2014-07-01,9.6004,9.6004,9.6004,9.6004,1.0
2014-07-02,9.5934,9.5934,9.5934,9.5934,1.0
2014-07-03,9.5226,9.5226,9.5226,9.5226,1.0
2014-07-04,9.5287,9.5287,9.5287,9.5287,1.0
2014-07-07,9.4653,9.4653,9.4653,9.4653,1.0
2014-07-08,9.471,9.471,9.471,9.471,1.0
2014-07-09,9.4621,9.4621,9.4621,9.4621,1.0
2014-07-10,9.6392,9.6392,9.6392,9.6392,1.0
2014-07-11,9.6564,9.6564,9.6564,9.6564,1.0
2014-07-14,9.6032,9.6032,9.6032,9.6032,1.0
2014-07-15,9.5631,9.5631,9.5631,9.5631,1.0
2014-07-16,9.4817,9.4817,9.4817,9.4817,1.0
2014-07-17,9.5555,9.5555,9.5555,9.5555,1.0
2014-07-18,9.5637,9.5637,9.5637,9.5637,1.0
2014-07-21,9.5844,9.5844,9.5844,9.5844,1.0
2014-07-22,9.5284,9.5284,9.5284,9.5284,1.0
2014-07-23,9.5141,9.5141,9.5141,9.5141,1.0
2014-07-24,9.4646,9.4646,9.4646,9.4646,1.0
2014-07-25,9.4099,9.4099,9.4099,9.4099,1.0
2014-07-28,9.5043,9.5043,9.5043,9.5043,1.0
2014-07-30,9.4602,9.4602,9.4602,9.4602,1.0
2014-07-31,9.5013,9.5013,9.5013,9.5013,1.0
2014-08-01,9.5065,9.5065,9.5065,9.5065,1.0
2014-08-04,9.5277,9.5277,9.5277,9.5277,1.0
2014-08-05,9.5038,9.5038,9.5038,9.5038,1.0
2014-08-06,9.5659,9.5659,9.5659,9.5659,1.0
2014-08-07,9.6742,9.6742,9.6742,9.6742,1.0
2014-08-08,9.7689,9.7689,9.7689,9.7689,1.0
2014-08-11,9.6758,9.6758,9.6758,9.6758,1.0
2014-08-12,9.6761,9.6761,9.6761,9.6761,1.0
2014-08-13,9.6615,9.6615,9.6615,9.6615,1.0
2014-08-14,9.6727,9.6727,9.6727,9.6727,1.0
2014-08-19,9.5727,9.5727,9.5727,9.5727,1.0
2014-08-20,9.6129,9.6129,9.6129,9.6129,1.0
2014-08-21,9.5234,9.5234,9.5234,9.5234,1.0
2014-08-22,9.5032,9.5032,9.5032,9.5032,1.0
2014-08-25,9.5954,9.5954,9.5954,9.5954,1.0
2014-08-26,9.5109,9.5109,9.5109,9.5109,1.0
2014-08-27,9.4628,9.4628,9.4628,9.4628,1.0
2014-08-28,9.4665,9.4665,9.4665,9.4665,1.0
2014-09-01,9.4463,9.4463,9.4463,9.4463,1.0
2014-09-02,9.4237,9.4237,9.4237,9.4237,1.0
2014-09-03,9.3194,9.3194,9.3194,9.3194,1.0
2014-09-04,9.3359,9.3359,9.3359,9.3359,1.0
2014-09-05,9.3301,9.3301,9.3301,9.3301,1.0
2014-09-08,9.357,9.357,9.357,9.357,1.0
2014-09-09,9.366,9.366,9.366,9.366,1.0
2014-09-10,9.3389,9.3389,9.3389,9.3389,1.0
2014-09-11,9.3795,9.3795,9.3795,9.3795,1.0
2014-09-12,9.4037,9.4037,9.4037,9.4037,1.0
2014-09-15,9.3318,9.3318,9.3318,9.3318,1.0
2014-09-16,9.3226,9.3226,9.3226,9.3226,1.0
2014-09-17,9.2816,9.2816,9.2816,9.2816,1.0
2014-09-18,9.1559,9.1559,9.1559,9.1559,1.0
2014-09-19,9.1222,9.1222,9.1222,9.1222,1.0
2014-09-22,9.0698,9.0698,9.0698,9.0698,1.0
2014-09-23,9.1632,9.1632,9.1632,9.1632,1.0
2014-09-24,9.1614,9.1614,9.1614,9.1614,1.0
2014-09-25,9.0717,9.0717,9.0717,9.0717,1.0
2014-09-26,9.1508,9.1508,9.1508,9.1508,1.0
2014-09-29,9.1807,9.1807,9.1807,9.1807,1.0
2014-09-30,9.0744,9.0744,9.0744,9.0744,1.0
2014-10-01,9.1089,9.1089,9.1089,9.1089,1.0
2014-10-07,9.1221,9.1221,9.1221,9.1221,1.0
2014-10-08,9.1804,9.1804,9.1804,9.1804,1.0
2014-10-09,9.2333,9.2333,9.2333,9.2333,1.0
2014-10-10,9.1991,9.1991,9.1991,9.1991,1.0
2014-10-13,9.1973,9.1973,9.1973,9.1973,1.0
2014-10-14,9.2095,9.2095,9.2095,9.2095,1.0
2014-10-16,9.3139,9.3139,9.3139,9.3139,1.0
2014-10-17,9.2565,9.2565,9.2565,9.2565,1.0
2014-10-20,9.2886,9.2886,9.2886,9.2886,1.0
2014-10-21,9.5231,9.5231,9.5231,9.5231,1.0
2014-10-22,9.2445,9.2445,9.2445,9.2445,1.0
2014-10-27,9.169,9.169,9.169,9.169,1.0
2014-10-28,9.1585,9.1585,9.1585,9.1585,1.0
2014-10-29,9.159,9.159,9.159,9.159,1.0
2014-10-30,9.0234,9.0234,9.0234,9.0234,1.0
2014-10-31,8.963,8.963,8.963,8.963,1.0
2014-11-03,8.8982,8.8982,8.8982,8.8982,1.0
2014-11-05,8.7117,8.7117,8.7117,8.7117,1.0
2014-11-07,8.7988,8.7988,8.7988,8.7988,1.0
2014-11-10,8.9085,8.9085,8.9085,8.9085,1.0
2014-11-11,8.8135,8.8135,8.8135,8.8135,1.0
2014-11-12,8.7509,8.7509,8.7509,8.7509,1.0
2014-11-13,8.7674,8.7674,8.7674,8.7674,1.0
2014-11-14,8.6879,8.6879,8.6879,8.6879,1.0
2014-11-17,8.9283,8.9283,8.9283,8.9283,1.0
2014-11-18,8.9706,8.9706,8.9706,8.9706,1.0
2014-11-19,8.974,8.974,8.974,8.974,1.0
2014-11-20,8.9171,8.9171,8.9171,8.9171,1.0
2014-11-21,8.9077,8.9077,8.9077,8.9077,1.0
2014-11-24,8.9399,8.9399,8.9399,8.9399,1.0
2014-11-25,8.9422,8.9422,8.9422,8.9422,1.0
2014-11-26,8.9358,8.9358,8.9358,8.9358,1.0
2014-11-27,8.9218,8.9218,8.9218,8.9218,1.0
2014-11-28,8.9092,8.9092,8.9092,8.9092,1.0
2014-12-01,8.788,8.788,8.788,8.788,1.0
2014-12-02,8.9016,8.9016,8.9016,8.9016,1.0
2014-12-03,8.9046,8.9046,8.9046,8.9046,1.0
2014-12-04,8.8903,8.8903,8.8903,8.8903,1.0
2014-12-05,8.9129,8.9129,8.9129,8.9129,1.0
2014-12-08,8.884,8.884,8.884,8.884,1.0
2014-12-09,8.9524,8.9524,8.9524,8.9524,1.0
2014-12-10,9.1054,9.1054,9.1054,9.1054,1.0
2014-12-11,9.0803,9.0803,9.0803,9.0803,1.0
2014-12-12,9.0908,9.0908,9.0908,9.0908,1.0
2014-12-15,9.0967,9.0967,9.0967,9.0967,1.0
2014-12-16,9.2196,9.2196,9.2196,9.2196,1.0
2014-12-17,9.1083,9.1083,9.1083,9.1083,1.0
2014-12-18,9.0693,9.0693,9.0693,9.0693,1.0
2014-12-19,9.0616,9.0616,9.0616,9.0616,1.0
2014-12-22,9.0963,9.0963,9.0963,9.0963,1.0
2014-12-23,8.9677,8.9677,8.9677,8.9677,1.0
2014-12-24,8.9643,8.9643,8.9643,8.9643,1.0
2014-12-26,9.0456,9.0456,9.0456,9.0456,1.0
2014-12-29,9.0591,9.0591,9.0591,9.0591,1.0
2014-12-30,9.0494,9.0494,9.0494,9.0494,1.0
2014-12-31,9.0305,9.0305,9.0305,9.0305,1.0
2015-01-01,8.9812,8.9812,8.9812,8.9812,1.0
2015-01-02,9.0269,9.0269,9.0269,9.0269,1.0
2015-01-05,9.0755,9.0755,9.0755,9.0755,1.0
2015-01-06,9.1874,9.1874,9.1874,9.1874,1.0
2015-01-07,9.1754,9.1754,9.1754,9.1754,1.0
2015-01-08,9.0764,9.0764,9.0764,9.0764,1.0
2015-01-09,9.0654,9.0654,9.0654,9.0654,1.0
2015-01-12,9.1171,9.1171,9.1171,9.1171,1.0
2015-01-13,9.1987,9.1987,9.1987,9.1987,1.0
2015-01-14,9.113,9.113,9.113,9.113,1.0
2015-01-15,9.1067,9.1067,9.1067,9.1067,1.0
2015-01-16,9.3169,9.3169,9.3169,9.3169,1.0
2015-01-19,9.3959,9.3959,9.3959,9.3959,1.0
2015-01-20,9.488,9.488,9.488,9.488,1.0
2015-01-21,9.5265,9.5265,9.5265,9.5265,1.0
2015-01-22,9.4634,9.4634,9.4634,9.4634,1.0
2015-01-23,9.4909,9.4909,9.4909,9.4909,1.0
2015-01-27,9.4038,9.4038,9.4038,9.4038,1.0
2015-01-28,9.4554,9.4554,9.4554,9.4554,1.0
2015-01-29,9.4094,9.4094,9.4094,9.4094,1.0
2015-01-30,9.3519,9.3519,9.3519,9.3519,1.0
2015-02-02,9.4317,9.4317,9.4317,9.4317,1.0
2015-02-03,9.4168,9.4168,9.4168,9.4168,1.0
2015-02-04,9.3365,9.3365,9.3365,9.3365,1.0
2015-02-05,9.3546,9.3546,9.3546,9.3546,1.0
2015-02-06,9.3908,9.3908,9.3908,9.3908,1.0
2015-02-09,9.2824,9.2824,9.2824,9.2824,1.0
2015-02-10,9.2839,9.2839,9.2839,9.2839,1.0
2015-02-11,9.2235,9.2235,9.2235,9.2235,1.0
2015-02-12,9.1513,9.1513,9.1513,9.1513,1.0
2015-02-13,9.1541,9.1541,9.1541,9.1541,1.0
2015-02-16,9.1995,9.1995,9.1995,9.1995,1.0
2015-02-18,9.1032,9.1032,9.1032,9.1032,1.0
2015-02-20,9.1287,9.1287,9.1287,9.1287,1.0
2015-02-23,9.0467,9.0467,9.0467,9.0467,1.0
2015-02-24,8.9308,8.9308,8.9308,8.9308,1.0
2015-02-25,8.9968,8.9968,8.9968,8.9968,1.0
2015-02-26,8.969,8.969,8.969,8.969,1.0
2015-02-27,8.9004,8.9004,8.9004,8.9004,1.0
2015-03-02,9.0508,9.0508,9.0508,9.0508,1.0
2015-03-03,8.9553,8.9553,8.9553,8.9553,1.0
2015-03-04,8.9513,8.9513,8.9513,8.9513,1.0
2015-03-05,8.9602,8.9602,8.9602,8.9602,1.0
2015-03-09,8.8907,8.8907,8.8907,8.8907,1.0
2015-03-10,8.861,8.861,8.861,8.861,1.0
2015-03-11,8.814,8.814,8.814,8.814,1.0
2015-03-12,8.8551,8.8551,8.8551,8.8551,1.0
2015-03-13,8.7751,8.7751,8.7751,8.7751,1.0
2015-03-16,8.836,8.836,8.836,8.836,1.0
2015-03-17,8.8392,8.8392,8.8392,8.8392,1.0
2015-03-18,8.7861,8.7861,8.7861,8.7861,1.0
2015-03-19,8.8122,8.8122,8.8122,8.8122,1.0
2015-03-20,8.8467,8.8467,8.8467,8.8467,1.0
2015-03-23,8.843,8.843,8.843,8.843,1.0
2015-03-24,8.8409,8.8409,8.8409,8.8409,1.0
2015-03-25,8.8618,8.8618,8.8618,8.8618,1.0
2015-03-26,9.0481,9.0481,9.0481,9.0481,1.0
2015-03-27,8.9269,8.9269,8.9269,8.9269,1.0
2015-03-30,8.9036,8.9036,8.9036,8.9036,1.0
2015-03-31,8.8926,8.8926,8.8926,8.8926,1.0
2015-04-01,8.8759,8.8759,8.8759,8.8759,1.0
2015-04-06,9.0622,9.0622,9.0622,9.0622,1.0
2015-04-07,9.0332,9.0332,9.0332,9.0332,1.0
2015-04-08,9.0194,9.0194,9.0194,9.0194,1.0
2015-04-09,8.9015,8.9015,8.9015,8.9015,1.0
2015-04-10,8.9646,8.9646,8.9646,8.9646,1.0
2015-04-13,8.9761,8.9761,8.9761,8.9761,1.0
2015-04-15,8.9098,8.9098,8.9098,8.9098,1.0
2015-04-16,8.99,8.99,8.99,8.99,1.0
2015-04-17,9.0073,9.0073,9.0073,9.0073,1.0
2015-04-20,9.0394,9.0394,9.0394,9.0394,1.0
2015-04-21,9.1725,9.1725,9.1725,9.1725,1.0
2015-04-22,9.0258,9.0258,9.0258,9.0258,1.0
2015-04-23,8.9964,8.9964,8.9964,8.9964,1.0
2015-04-24,9.0441,9.0441,9.0441,9.0441,1.0
2015-04-27,8.9915,8.9915,8.9915,8.9915,1.0
2015-04-28,9.0692,9.0692,9.0692,9.0692,1.0
2015-04-29,9.0822,9.0822,9.0822,9.0822,1.0
2015-04-30,9.1129,9.1129,9.1129,9.1129,1.0
2015-05-05,9.0225,9.0225,9.0225,9.0225,1.0
2015-05-06,9.052,9.052,9.052,9.052,1.0
2015-05-07,9.0737,9.0737,9.0737,9.0737,1.0
2015-05-08,9.061,9.061,9.061,9.061,1.0
2015-05-11,9.0635,9.0635,9.0635,9.0635,1.0
2015-05-12,9.1001,9.1001,9.1001,9.1001,1.0
2015-05-13,9.1319,9.1319,9.1319,9.1319,1.0
2015-05-14,9.2438,9.2438,9.2438,9.2438,1.0
2015-05-15,9.2226,9.2226,9.2226,9.2226,1.0
2015-05-18,9.3036,9.3036,9.3036,9.3036,1.0
2015-05-19,9.243,9.243,9.243,9.243,1.0
2015-05-20,9.1658,9.1658,9.1658,9.1658,1.0
2015-05-21,9.1833,9.1833,9.1833,9.1833,1.0
2015-05-22,9.122,9.122,9.122,9.122,1.0
2015-05-25,9.1259,9.1259,9.1259,9.1259,1.0
2015-05-26,9.0963,9.0963,9.0963,9.0963,1.0
2015-05-27,9.0841,9.0841,9.0841,9.0841,1.0
2015-05-28,9.0653,9.0653,9.0653,9.0653,1.0
2015-05-29,9.0408,9.0408,9.0408,9.0408,1.0
2015-06-01,9.0541,9.0541,9.0541,9.0541,1.0
2015-06-02,9.0554,9.0554,9.0554,9.0554,1.0
2015-06-03,9.0598,9.0598,9.0598,9.0598,1.0
2015-06-04,9.0496,9.0496,9.0496,9.0496,1.0
2015-06-05,8.9901,8.9901,8.9901,8.9901,1.0
2015-06-08,8.9923,8.9923,8.9923,8.9923,1.0
2015-06-09,8.9837,8.9837,8.9837,8.9837,1.0
2015-06-10,9.0008,9.0008,9.0008,9.0008,1.0
2015-06-11,8.9732,8.9732,8.9732,8.9732,1.0
2015-06-12,8.9587,8.9587,8.9587,8.9587,1.0
2015-06-15,8.982,8.982,8.982,8.982,1.0
2015-06-16,8.9982,8.9982,8.9982,8.9982,1.0
2015-06-17,8.9758,8.9758,8.9758,8.9758,1.0
2015-06-18,9.0148,9.0148,9.0148,9.0148,1.0
2015-06-19,9.0003,9.0003,9.0003,9.0003,1.0
2015-06-22,8.9807,8.9807,8.9807,8.9807,1.0
2015-06-23,8.9239,8.9239,8.9239,8.9239,1.0
2015-06-24,8.8865,8.8865,8.8865,8.8865,1.0
2015-06-25,8.8781,8.8781,8.8781,8.8781,1.0
2015-06-26,8.9077,8.9077,8.9077,8.9077,1.0
2015-06-29,8.9543,8.9543,8.9543,8.9543,1.0
2015-06-30,8.8932,8.8932,8.8932,8.8932,1.0
2015-07-01,8.8864,8.8864,8.8864,8.8864,1.0
2015-07-02,8.7929,8.7929,8.7929,8.7929,1.0
2015-07-03,8.8121,8.8121,8.8121,8.8121,1.0
2015-07-06,8.7992,8.7992,8.7992,8.7992,1.0
2015-07-07,8.8229,8.8229,8.8229,8.8229,1.0
2015-07-08,8.8343,8.8343,8.8343,8.8343,1.0
2015-07-09,8.8314,8.8314,8.8314,8.8314,1.0
2015-07-10,8.7682,8.7682,8.7682,8.7682,1.0
2015-07-13,8.747,8.747,8.747,8.747,1.0
2015-07-14,8.7168,8.7168,8.7168,8.7168,1.0
2015-07-15,8.7258,8.7258,8.7258,8.7258,1.0
2015-07-16,8.7011,8.7011,8.7011,8.7011,1.0
2015-07-17,8.698,8.698,8.698,8.698,1.0
2015-07-20,8.7173,8.7173,8.7173,8.7173,1.0
2015-07-21,8.7047,8.7047,8.7047,8.7047,1.0
2015-07-22,8.6713,8.6713,8.6713,8.6713,1.0
2015-07-23,8.6284,8.6284,8.6284,8.6284,1.0
2015-07-24,8.5921,8.5921,8.5921,8.5921,1.0
2015-07-27,8.6044,8.6044,8.6044,8.6044,1.0
2015-07-28,8.6549,8.6549,8.6549,8.6549,1.0
2015-07-29,8.5582,8.5582,8.5582,8.5582,1.0
2015-07-30,8.4845,8.4845,8.4845,8.4845,1.0
2015-07-31,8.4511,8.4511,8.4511,8.4511,1.0
2015-08-03,8.4967,8.4967,8.4967,8.4967,1.0
2015-08-04,8.4434,8.4434,8.4434,8.4434,1.0
2015-08-05,8.4395,8.4395,8.4395,8.4395,1.0
2015-08-06,8.4303,8.4303,8.4303,8.4303,1.0
2015-08-07,8.4452,8.4452,8.4452,8.4452,1.0
2015-08-10,8.4673,8.4673,8.4673,8.4673,1.0
2015-08-11,8.5337,8.5337,8.5337,8.5337,1.0
2015-08-12,8.6319,8.6319,8.6319,8.6319,1.0
2015-08-13,8.667,8.667,8.667,8.667,1.0
2015-08-14,8.6567,8.6567,8.6567,8.6567,1.0
2015-08-17,8.6921,8.6921,8.6921,8.6921,1.0
2015-08-19,8.7256,8.7256,8.7256,8.7256,1.0
2015-08-20,8.8633,8.8633,8.8633,8.8633,1.0
2015-08-21,8.9796,8.9796,8.9796,8.9796,1.0
2015-08-24,9.0029,9.0029,9.0029,9.0029,1.0
2015-08-25,8.9277,8.9277,8.9277,8.9277,1.0
2015-08-26,8.8735,8.8735,8.8735,8.8735,1.0
2015-08-27,8.8338,8.8338,8.8338,8.8338,1.0
2015-08-28,8.795,8.795,8.795,8.795,1.0
2015-08-31,8.9077,8.9077,8.9077,8.9077,1.0
2015-09-01,8.9045,8.9045,8.9045,8.9045,1.0
2015-09-02,8.8935,8.8935,8.8935,8.8935,1.0
2015-09-03,8.8142,8.8142,8.8142,8.8142,1.0
2015-09-04,8.8086,8.8086,8.8086,8.8086,1.0
2015-09-07,8.7946,8.7946,8.7946,8.7946,1.0
2015-09-08,8.7927,8.7927,8.7927,8.7927,1.0
2015-09-09,8.7902,8.7902,8.7902,8.7902,1.0
2015-09-10,8.6852,8.6852,8.6852,8.6852,1.0
2015-09-11,8.7234,8.7234,8.7234,8.7234,1.0
2015-09-14,8.7012,8.7012,8.7012,8.7012,1.0
2015-09-15,8.7165,8.7165,8.7165,8.7165,1.0
2015-09-16,8.69,8.69,8.69,8.69,1.0
2015-09-18,8.8266,8.8266,8.8266,8.8266,1.0
2015-09-21,8.7551,8.7551,8.7551,8.7551,1.0
2015-09-22,8.7436,8.7436,8.7436,8.7436,1.0
2015-09-23,8.7209,8.7209,8.7209,8.7209,1.0
2015-09-24,8.853,8.853,8.853,8.853,1.0
2015-09-28,8.8691,8.8691,8.8691,8.8691,1.0
2015-09-29,8.738,8.738,8.738,8.738,1.0
2015-09-30,8.7704,8.7704,8.7704,8.7704,1.0
2015-10-01,8.7492,8.7492,8.7492,8.7492,1.0
2015-10-05,8.7112,8.7112,8.7112,8.7112,1.0
2015-10-06,8.7416,8.7416,8.7416,8.7416,1.0
2015-10-07,8.7874,8.7874,8.7874,8.7874,1.0
2015-10-08,8.7568,8.7568,8.7568,8.7568,1.0
2015-10-09,8.7808,8.7808,8.7808,8.7808,1.0
2015-10-12,8.8876,8.8876,8.8876,8.8876,1.0
2015-10-13,8.8213,8.8213,8.8213,8.8213,1.0
2015-10-14,8.9806,8.9806,8.9806,8.9806,1.0
2015-10-15,9.0587,9.0587,9.0587,9.0587,1.0
2015-10-16,8.9968,8.9968,8.9968,8.9968,1.0
2015-10-19,8.927,8.927,8.927,8.927,1.0
2015-10-20,9.0247,9.0247,9.0247,9.0247,1.0
2015-10-21,9.0344,9.0344,9.0344,9.0344,1.0
2015-10-23,9.0087,9.0087,9.0087,9.0087,1.0
2015-10-26,8.9178,8.9178,8.9178,8.9178,1.0
2015-10-27,8.9368,8.9368,8.9368,8.9368,1.0
2015-10-28,8.9955,8.9955,8.9955,8.9955,1.0
2015-10-29,8.9199,8.9199,8.9199,8.9199,1.0
2015-10-30,8.8764,8.8764,8.8764,8.8764,1.0
2015-11-02,8.8214,8.8214,8.8214,8.8214,1.0
2015-11-03,8.7629,8.7629,8.7629,8.7629,1.0
2015-11-04,8.6984,8.6984,8.6984,8.6984,1.0
2015-11-05,8.6683,8.6683,8.6683,8.6683,1.0
2015-11-06,8.7266,8.7266,8.7266,8.7266,1.0
2015-11-09,8.7977,8.7977,8.7977,8.7977,1.0
2015-11-10,8.6578,8.6578,8.6578,8.6578,1.0
2015-11-13,8.6289,8.6289,8.6289,8.6289,1.0
2015-11-16,8.6085,8.6085,8.6085,8.6085,1.0
2015-11-17,8.5503,8.5503,8.5503,8.5503,1.0
2015-11-18,8.5925,8.5925,8.5925,8.5925,1.0
2015-11-19,8.5,8.5,8.5,8.5,1.0
2015-11-20,8.502,8.502,8.502,8.502,1.0
2015-11-23,8.4535,8.4535,8.4535,8.4535,1.0
2015-11-24,8.444,8.444,8.444,8.444,1.0
2015-11-26,8.4618,8.4618,8.4618,8.4618,1.0
2015-11-27,8.4393,8.4393,8.4393,8.4393,1.0
2015-11-30,8.3823,8.3823,8.3823,8.3823,1.0
2015-12-01,8.4403,8.4403,8.4403,8.4403,1.0
2015-12-02,8.453,8.453,8.453,8.453,1.0
2015-12-03,8.3594,8.3594,8.3594,8.3594,1.0
2015-12-04,8.4029,8.4029,8.4029,8.4029,1.0
2015-12-07,8.5337,8.5337,8.5337,8.5337,1.0
2015-12-08,8.4747,8.4747,8.4747,8.4747,1.0
2015-12-09,8.493,8.493,8.493,8.493,1.0
2015-12-10,8.4356,8.4356,8.4356,8.4356,1.0
2015-12-11,8.4243,8.4243,8.4243,8.4243,1.0
2015-12-14,8.416,8.416,8.416,8.416,1.0
2015-12-15,8.4033,8.4033,8.4033,8.4033,1.0
2015-12-16,8.4987,8.4987,8.4987,8.4987,1.0
2015-12-17,8.4118,8.4118,8.4118,8.4118,1.0
2015-12-18,8.4182,8.4182,8.4182,8.4182,1.0
2015-12-21,8.4069,8.4069,8.4069,8.4069,1.0
2015-12-22,8.454,8.454,8.454,8.454,1.0
2015-12-23,8.414,8.414,8.414,8.414,1.0
2015-12-28,8.4136,8.4136,8.4136,8.4136,1.0
2015-12-29,8.435,8.435,8.435,8.435,1.0
2015-12-30,8.4268,8.4268,8.4268,8.4268,1.0
2015-12-31,8.3319,8.3319,8.3319,8.3319,1.0
2016-01-01,8.3288,8.3288,8.3288,8.3288,1.0
2016-01-04,8.4362,8.4362,8.4362,8.4362,1.0
2016-01-05,8.5189,8.5189,8.5189,8.5189,1.0
2016-01-06,8.6046,8.6046,8.6046,8.6046,1.0
2016-01-07,8.702,8.702,8.702,8.702,1.0
2016-01-08,8.5935,8.5935,8.5935,8.5935,1.0
2016-01-11,8.6639,8.6639,8.6639,8.6639,1.0
2016-01-12,8.6463,8.6463,8.6463,8.6463,1.0
2016-01-13,8.5235,8.5235,8.5235,8.5235,1.0
2016-01-14,8.6871,8.6871,8.6871,8.6871,1.0
2016-01-15,8.6358,8.6358,8.6358,8.6358,1.0
2016-01-18,8.7171,8.7171,8.7171,8.7171,1.0
2016-01-19,8.7011,8.7011,8.7011,8.7011,1.0
2016-01-20,8.7647,8.7647,8.7647,8.7647,1.0
2016-01-21,8.7782,8.7782,8.7782,8.7782,1.0
2016-01-22,8.7954,8.7954,8.7954,8.7954,1.0
2016-01-25,8.8021,8.8021,8.8021,8.8021,1.0
2016-01-27,8.9138,8.9138,8.9138,8.9138,1.0
2016-01-28,8.9248,8.9248,8.9248,8.9248,1.0
2016-01-29,8.8517,8.8517,8.8517,8.8517,1.0
2016-02-01,8.9191,8.9191,8.9191,8.9191,1.0
2016-02-02,8.9712,8.9712,8.9712,8.9712,1.0
2016-02-03,9.0094,9.0094,9.0094,9.0094,1.0
2016-02-04,9.0667,9.0667,9.0667,9.0667,1.0
2016-02-05,9.1189,9.1189,9.1189,9.1189,1.0
2016-02-08,9.2096,9.2096,9.2096,9.2096,1.0
2016-02-09,9.3816,9.3816,9.3816,9.3816,1.0
2016-02-10,9.3095,9.3095,9.3095,9.3095,1.0
2016-02-11,9.4793,9.4793,9.4793,9.4793,1.0
2016-02-12,9.6179,9.6179,9.6179,9.6179,1.0
2016-02-15,9.4154,9.4154,9.4154,9.4154,1.0
2016-02-16,9.4171,9.4171,9.4171,9.4171,1.0
2016-02-17,9.4743,9.4743,9.4743,9.4743,1.0
2016-02-18,9.4597,9.4597,9.4597,9.4597,1.0
2016-02-22,9.4827,9.4827,9.4827,9.4827,1.0
2016-02-23,9.57,9.57,9.57,9.57,1.0
2016-02-24,9.586,9.586,9.586,9.586,1.0
2016-02-25,9.6599,9.6599,9.6599,9.6599,1.0
2016-02-26,9.6556,9.6556,9.6556,9.6556,1.0
2016-02-29,9.7038,9.7038,9.7038,9.7038,1.0
2016-03-01,9.6973,9.6973,9.6973,9.6973,1.0
2016-03-02,9.5644,9.5644,9.5644,9.5644,1.0
2016-03-03,9.5886,9.5886,9.5886,9.5886,1.0
2016-03-04,9.753,9.753,9.753,9.753,1.0
2016-03-08,9.8304,9.8304,9.8304,9.8304,1.0
2016-03-09,9.7235,9.7235,9.7235,9.7235,1.0
2016-03-10,9.6162,9.6162,9.6162,9.6162,1.0
2016-03-11,9.7836,9.7836,9.7836,9.7836,1.0
2016-03-14,9.699,9.699,9.699,9.699,1.0
2016-03-15,9.5337,9.5337,9.5337,9.5337,1.0
2016-03-16,9.5368,9.5368,9.5368,9.5368,1.0
2016-03-17,9.7243,9.7243,9.7243,9.7243,1.0
2016-03-18,9.6515,9.6515,9.6515,9.6515,1.0
2016-03-21,9.4894,9.4894,9.4894,9.4894,1.0
2016-03-22,9.6148,9.6148,9.6148,9.6148,1.0
2016-03-23,9.417,9.417,9.417,9.417,1.0
2016-03-28,9.3642,9.3642,9.3642,9.3642,1.0
2016-03-29,9.3955,9.3955,9.3955,9.3955,1.0
2016-03-30,9.4733,9.4733,9.4733,9.4733,1.0
2016-03-31,9.4587,9.4587,9.4587,9.4587,1.0
2016-04-04,9.412,9.412,9.412,9.412,1.0
2016-04-05,9.4851,9.4851,9.4851,9.4851,1.0
2016-04-06,9.5192,9.5192,9.5192,9.5192,1.0
2016-04-07,9.57,9.57,9.57,9.57,1.0
2016-04-11,9.6786,9.6786,9.6786,9.6786,1.0
2016-04-12,9.7452,9.7452,9.7452,9.7452,1.0
2016-04-13,9.7298,9.7298,9.7298,9.7298,1.0
2016-04-18,9.7351,9.7351,9.7351,9.7351,1.0
2016-04-20,9.744,9.744,9.744,9.744,1.0
2016-04-21,9.8481,9.8481,9.8481,9.8481,1.0
2016-04-22,9.8058,9.8058,9.8058,9.8058,1.0
2016-04-25,9.7341,9.7341,9.7341,9.7341,1.0
2016-04-26,9.716,9.716,9.716,9.716,1.0
2016-04-27,9.7545,9.7545,9.7545,9.7545,1.0
2016-04-28,9.8864,9.8864,9.8864,9.8864,1.0
2016-04-29,10.0101,10.0101,10.0101,10.0101,1.0
2016-05-02,10.1037,10.1037,10.1037,10.1037,1.0
2016-05-03,10.1027,10.1027,10.1027,10.1027,1.0
2016-05-04,10.0115,10.0115,10.0115,10.0115,1.0
2016-05-05,9.9346,9.9346,9.9346,9.9346,1.0
2016-05-06,10.0051,10.0051,10.0051,10.0051,1.0
2016-05-09,10.002,10.002,10.002,10.002,1.0
2016-05-10,9.9236,9.9236,9.9236,9.9236,1.0
2016-05-11,9.9563,9.9563,9.9563,9.9563,1.0
2016-05-12,9.9168,9.9168,9.9168,9.9168,1.0
2016-05-13,9.9978,9.9978,9.9978,9.9978,1.0
2016-05-16,9.9943,9.9943,9.9943,9.9943,1.0
2016-05-17,9.9777,9.9777,9.9777,9.9777,1.0
2016-05-18,9.9692,9.9692,9.9692,9.9692,1.0
2016-05-19,9.9032,9.9032,9.9032,9.9032,1.0
2016-05-20,9.9233,9.9233,9.9233,9.9233,1.0
2016-05-23,9.8773,9.8773,9.8773,9.8773,1.0
2016-05-24,9.8493,9.8493,9.8493,9.8493,1.0
2016-05-25,9.6658,9.6658,9.6658,9.6658,1.0
2016-05-26,9.6595,9.6595,9.6595,9.6595,1.0
2016-05-27,9.5616,9.5616,9.5616,9.5616,1.0
2016-05-30,9.5854,9.5854,9.5854,9.5854,1.0
2016-05-31,9.5455,9.5455,9.5455,9.5455,1.0
2016-06-01,9.5915,9.5915,9.5915,9.5915,1.0
2016-06-02,9.5978,9.5978,9.5978,9.5978,1.0
2016-06-03,9.5946,9.5946,9.5946,9.5946,1.0
2016-06-06,9.7101,9.7101,9.7101,9.7101,1.0
2016-06-07,9.6642,9.6642,9.6642,9.6642,1.0
2016-06-08,9.7162,9.7162,9.7162,9.7162,1.0
2016-06-09,9.7737,9.7737,9.7737,9.7737,1.0
2016-06-10,9.8164,9.8164,9.8164,9.8164,1.0
2016-06-13,9.9236,9.9236,9.9236,9.9236,1.0
2016-06-14,9.9161,9.9161,9.9161,9.9161,1.0
2016-06-15,9.9189,9.9189,9.9189,9.9189,1.0
2016-06-16,9.9908,9.9908,9.9908,9.9908,1.0
2016-06-17,9.9248,9.9248,9.9248,9.9248,1.0
2016-06-20,9.9372,9.9372,9.9372,9.9372,1.0
2016-06-21,9.9903,9.9903,9.9903,9.9903,1.0
2016-06-22,9.9065,9.9065,9.9065,9.9065,1.0
2016-06-23,9.8131,9.8131,9.8131,9.8131,1.0
2016-06-24,10.1371,10.1371,10.1371,10.1371,1.0
2016-06-27,10.2418,10.2418,10.2418,10.2418,1.0
2016-06-28,10.1826,10.1826,10.1826,10.1826,1.0
2016-06-29,10.176,10.176,10.176,10.176,1.0
2016-06-30,10.1798,10.1798,10.1798,10.1798,1.0
2016-07-01,10.2444,10.2444,10.2444,10.2444,1.0
2016-07-04,10.3529,10.3529,10.3529,10.3529,1.0
2016-07-05,10.3364,10.3364,10.3364,10.3364,1.0
2016-07-07,10.4792,10.4792,10.4792,10.4792,1.0
2016-07-08,10.3705,10.3705,10.3705,10.3705,1.0
2016-07-11,10.3789,10.3789,10.3789,10.3789,1.0
2016-07-12,10.4745,10.4745,10.4745,10.4745,1.0
2016-07-13,10.3882,10.3882,10.3882,10.3882,1.0
2016-07-14,10.2307,10.2307,10.2307,10.2307,1.0
2016-07-15,10.2443,10.2443,10.2443,10.2443,1.0
2016-07-18,10.2335,10.2335,10.2335,10.2335,1.0
2016-07-19,10.256,10.256,10.256,10.256,1.0
2016-07-20,10.232,10.232,10.232,10.232,1.0
2016-07-21,10.2335,10.2335,10.2335,10.2335,1.0
2016-07-22,10.2252,10.2252,10.2252,10.2252,1.0
2016-07-25,10.2246,10.2246,10.2246,10.2246,1.0
2016-07-26,10.2622,10.2622,10.2622,10.2622,1.0
2016-07-27,10.241,10.241,10.241,10.241,1.0
2016-07-28,10.2938,10.2938,10.2938,10.2938,1.0
2016-07-29,10.2853,10.2853,10.2853,10.2853,1.0
2016-08-01,10.3545,10.3545,10.3545,10.3545,1.0
2016-08-02,10.3814,10.3814,10.3814,10.3814,1.0
2016-08-03,10.4732,10.4732,10.4732,10.4732,1.0
2016-08-04,10.3907,10.3907,10.3907,10.3907,1.0
2016-08-05,10.4243,10.4243,10.4243,10.4243,1.0
2016-08-08,10.2608,10.2608,10.2608,10.2608,1.0
2016-08-09,10.2936,10.2936,10.2936,10.2936,1.0
2016-08-10,10.4363,10.4363,10.4363,10.4363,1.0
2016-08-11,10.4661,10.4661,10.4661,10.4661,1.0
2016-08-12,10.3597,10.3597,10.3597,10.3597,1.0
2016-08-16,10.4582,10.4582,10.4582,10.4582,1.0
2016-08-18,10.4065,10.4065,10.4065,10.4065,1.0
2016-08-19,10.4797,10.4797,10.4797,10.4797,1.0
2016-08-22,10.4437,10.4437,10.4437,10.4437,1.0
2016-08-23,10.4324,10.4324,10.4324,10.4324,1.0
2016-08-24,10.439,10.439,10.439,10.439,1.0
2016-08-25,10.3397,10.3397,10.3397,10.3397,1.0
2016-08-26,10.3456,10.3456,10.3456,10.3456,1.0
2016-08-29,10.2929,10.2929,10.2929,10.2929,1.0
2016-08-30,10.3223,10.3223,10.3223,10.3223,1.0
2016-08-31,10.3131,10.3131,10.3131,10.3131,1.0
2016-09-01,10.2128,10.2128,10.2128,10.2128,1.0
2016-09-02,10.2407,10.2407,10.2407,10.2407,1.0
2016-09-06,10.3413,10.3413,10.3413,10.3413,1.0
2016-09-07,10.3917,10.3917,10.3917,10.3917,1.0
2016-09-08,10.3995,10.3995,10.3995,10.3995,1.0
2016-09-09,10.3511,10.3511,10.3511,10.3511,1.0
2016-09-12,10.3631,10.3631,10.3631,10.3631,1.0
2016-09-14,10.3736,10.3736,10.3736,10.3736,1.0
2016-09-15,10.3262,10.3262,10.3262,10.3262,1.0
2016-09-16,10.3657,10.3657,10.3657,10.3657,1.0
2016-09-19,10.3884,10.3884,10.3884,10.3884,1.0
2016-09-20,10.3176,10.3176,10.3176,10.3176,1.0
2016-09-21,10.368,10.368,10.368,10.368,1.0
2016-09-22,10.4108,10.4108,10.4108,10.4108,1.0
2016-09-23,10.4325,10.4325,10.4325,10.4325,1.0
2016-09-26,10.3728,10.3728,10.3728,10.3728,1.0
2016-09-27,10.3951,10.3951,10.3951,10.3951,1.0
2016-09-28,10.3222,10.3222,10.3222,10.3222,1.0
2016-09-29,10.3993,10.3993,10.3993,10.3993,1.0
2016-09-30,10.3826,10.3826,10.3826,10.3826,1.0
2016-10-03,10.3163,10.3163,10.3163,10.3163,1.0
2016-10-04,10.2904,10.2904,10.2904,10.2904,1.0
2016-10-05,10.0354,10.0354,10.0354,10.0354,1.0
2016-10-06,10.0161,10.0161,10.0161,10.0161,1.0
2016-10-07,9.886,9.886,9.886,9.886,1.0
2016-10-10,9.9553,9.9553,9.9553,9.9553,1.0
2016-10-13,9.9863,9.9863,9.9863,9.9863,1.0
2016-10-14,9.9293,9.9293,9.9293,9.9293,1.0
2016-10-17,9.8319,9.8319,9.8319,9.8319,1.0
2016-10-18,9.9027,9.9027,9.9027,9.9027,1.0
2016-10-19,9.957,9.957,9.957,9.957,1.0
2016-10-20,9.9564,9.9564,9.9564,9.9564,1.0
2016-10-21,9.9593,9.9593,9.9593,9.9593,1.0
2016-10-24,9.9361,9.9361,9.9361,9.9361,1.0
2016-10-25,9.9429,9.9429,9.9429,9.9429,1.0
2016-10-26,9.9794,9.9794,9.9794,9.9794,1.0
2016-10-27,9.9871,9.9871,9.9871,9.9871,1.0
2016-10-28,9.9688,9.9688,9.9688,9.9688,1.0
2016-11-01,10.0619,10.0619,10.0619,10.0619,1.0
2016-11-02,10.1576,10.1576,10.1576,10.1576,1.0
2016-11-03,10.1068,10.1068,10.1068,10.1068,1.0
2016-11-04,10.1689,10.1689,10.1689,10.1689,1.0
2016-11-07,10.1104,10.1104,10.1104,10.1104,1.0
2016-11-08,10.093,10.093,10.093,10.093,1.0
2016-11-09,10.163,10.163,10.163,10.163,1.0
2016-11-10,10.1038,10.1038,10.1038,10.1038,1.0
2016-11-11,9.9523,9.9523,9.9523,9.9523,1.0
2016-11-15,9.8372,9.8372,9.8372,9.8372,1.0
2016-11-16,9.8099,9.8099,9.8099,9.8099,1.0
2016-11-17,9.7606,9.7606,9.7606,9.7606,1.0
2016-11-18,9.6168,9.6168,9.6168,9.6168,1.0
2016-11-21,9.6746,9.6746,9.6746,9.6746,1.0
2016-11-22,9.7028,9.7028,9.7028,9.7028,1.0
2016-11-23,9.707,9.707,9.707,9.707,1.0
2016-11-24,9.6044,9.6044,9.6044,9.6044,1.0
2016-11-25,9.5659,9.5659,9.5659,9.5659,1.0
2016-11-28,9.6116,9.6116,9.6116,9.6116,1.0
2016-11-29,9.5651,9.5651,9.5651,9.5651,1.0
2016-11-30,9.522,9.522,9.522,9.522,1.0
2016-12-01,9.3849,9.3849,9.3849,9.3849,1.0
2016-12-02,9.3557,9.3557,9.3557,9.3557,1.0
2016-12-05,9.3329,9.3329,9.3329,9.3329,1.0
2016-12-06,9.323,9.323,9.323,9.323,1.0
2016-12-07,9.3571,9.3571,9.3571,9.3571,1.0
2016-12-08,9.3192,9.3192,9.3192,9.3192,1.0
2016-12-09,9.302,9.302,9.302,9.302,1.0
2016-12-13,9.2041,9.2041,9.2041,9.2041,1.0
2016-12-14,9.2309,9.2309,9.2309,9.2309,1.0
2016-12-15,9.1845,9.1845,9.1845,9.1845,1.0
2016-12-16,9.1797,9.1797,9.1797,9.1797,1.0
2016-12-19,9.1972,9.1972,9.1972,9.1972,1.0
2016-12-20,9.2853,9.2853,9.2853,9.2853,1.0
2016-12-21,9.2338,9.2338,9.2338,9.2338,1.0
2016-12-22,9.2872,9.2872,9.2872,9.2872,1.0
2016-12-23,9.3188,9.3188,9.3188,9.3188,1.0
2016-12-26,9.3281,9.3281,9.3281,9.3281,1.0
2016-12-27,9.3053,9.3053,9.3053,9.3053,1.0
2016-12-28,9.2963,9.2963,9.2963,9.2963,1.0
2016-12-29,9.2506,9.2506,9.2506,9.2506,1.0
2016-12-30,9.2033,9.2033,9.2033,9.2033,1.0
2017-01-02,9.2029,9.2029,9.2029,9.2029,1.0
2017-01-03,9.2027,9.2027,9.2027,9.2027,1.0
2017-01-04,9.3223,9.3223,9.3223,9.3223,1.0
2017-01-05,9.3541,9.3541,9.3541,9.3541,1.0
2017-01-06,9.3702,9.3702,9.3702,9.3702,1.0
2017-01-09,9.4148,9.4148,9.4148,9.4148,1.0
2017-01-10,9.4867,9.4867,9.4867,9.4867,1.0
2017-01-11,9.5561,9.5561,9.5561,9.5561,1.0
2017-01-12,9.6333,9.6333,9.6333,9.6333,1.0
2017-01-13,9.5409,9.5409,9.5409,9.5409,1.0
2017-01-16,9.6483,9.6483,9.6483,9.6483,1.0
2017-01-17,9.6861,9.6861,9.6861,9.6861,1.0
2017-01-18,9.6491,9.6491,9.6491,9.6491,1.0
2017-01-19,9.6056,9.6056,9.6056,9.6056,1.0
2017-01-20,9.6787,9.6787,9.6787,9.6787,1.0
2017-01-23,9.6416,9.6416,9.6416,9.6416,1.0
2017-01-24,9.6117,9.6117,9.6117,9.6117,1.0
2017-01-25,9.5697,9.5697,9.5697,9.5697,1.0
2017-01-27,9.4204,9.4204,9.4204,9.4204,1.0
2017-01-30,9.5349,9.5349,9.5349,9.5349,1.0
2017-01-31,9.5415,9.5415,9.5415,9.5415,1.0
2017-02-01,9.6004,9.6004,9.6004,9.6004,1.0
2017-02-02,9.5745,9.5745,9.5745,9.5745,1.0
2017-02-03,9.5576,9.5576,9.5576,9.5576,1.0
2017-02-06,9.623,9.623,9.623,9.623,1.0
2017-02-07,9.6873,9.6873,9.6873,9.6873,1.0
2017-02-08,9.7046,9.7046,9.7046,9.7046,1.0
2017-02-09,9.7552,9.7552,9.7552,9.7552,1.0
2017-02-10,9.6165,9.6165,9.6165,9.6165,1.0
2017-02-13,9.6546,9.6546,9.6546,9.6546,1.0
2017-02-14,9.6457,9.6457,9.6457,9.6457,1.0
2017-02-15,9.6281,9.6281,9.6281,9.6281,1.0
2017-02-16,9.6659,9.6659,9.6659,9.6659,1.0
2017-02-17,9.7463,9.7463,9.7463,9.7463,1.0
2017-02-20,9.6806,9.6806,9.6806,9.6806,1.0
2017-02-22,9.6936,9.6936,9.6936,9.6936,1.0
2017-02-23,9.6422,9.6422,9.6422,9.6422,1.0
2017-02-27,9.8038,9.8038,9.8038,9.8038,1.0
2017-02-28,9.7862,9.7862,9.7862,9.7862,1.0
2017-03-01,9.7258,9.7258,9.7258,9.7258,1.0
2017-03-02,9.7334,9.7334,9.7334,9.7334,1.0
2017-03-03,9.6286,9.6286,9.6286,9.6286,1.0
2017-03-06,9.6564,9.6564,9.6564,9.6564,1.0
2017-03-07,9.6154,9.6154,9.6154,9.6154,1.0
2017-03-08,9.486,9.486,9.486,9.486,1.0
2017-03-09,9.4791,9.4791,9.4791,9.4791,1.0
2017-03-10,9.3948,9.3948,9.3948,9.3948,1.0
2017-03-14,9.3658,9.3658,9.3658,9.3658,1.0
2017-03-15,9.3138,9.3138,9.3138,9.3138,1.0
2017-03-16,9.4053,9.4053,9.4053,9.4053,1.0
2017-03-17,9.416,9.416,9.416,9.416,1.0
2017-03-20,9.4008,9.4008,9.4008,9.4008,1.0
2017-03-21,9.391,9.391,9.391,9.391,1.0
2017-03-22,9.5194,9.5194,9.5194,9.5194,1.0
2017-03-23,9.5073,9.5073,9.5073,9.5073,1.0
2017-03-24,9.5034,9.5034,9.5034,9.5034,1.0
2017-03-27,9.5455,9.5455,9.5455,9.5455,1.0
2017-03-29,9.4776,9.4776,9.4776,9.4776,1.0
2017-03-30,9.4789,9.4789,9.4789,9.4789,1.0
2017-03-31,9.4164,9.4164,9.4164,9.4164,1.0
2017-04-03,9.4446,9.4446,9.4446,9.4446,1.0
2017-04-05,9.5336,9.5336,9.5336,9.5336,1.0
2017-04-06,9.5263,9.5263,9.5263,9.5263,1.0
2017-04-07,9.5132,9.5132,9.5132,9.5132,1.0
2017-04-10,9.4571,9.4571,9.4571,9.4571,1.0
2017-04-11,9.4623,9.4623,9.4623,9.4623,1.0
2017-04-12,9.6367,9.6367,9.6367,9.6367,1.0
2017-04-13,9.6917,9.6917,9.6917,9.6917,1.0
2017-04-17,9.7317,9.7317,9.7317,9.7317,1.0
2017-04-18,9.688,9.688,9.688,9.688,1.0
2017-04-19,9.6453,9.6453,9.6453,9.6453,1.0
2017-04-20,9.6641,9.6641,9.6641,9.6641,1.0
2017-04-21,9.6536,9.6536,9.6536,9.6536,1.0
2017-04-24,9.5787,9.5787,9.5787,9.5787,1.0
2017-04-25,9.5928,9.5928,9.5928,9.5928,1.0
2017-04-26,9.5198,9.5198,9.5198,9.5198,1.0
2017-04-27,9.502,9.502,9.502,9.502,1.0
2017-04-28,9.5677,9.5677,9.5677,9.5677,1.0
2017-05-02,9.4511,9.4511,9.4511,9.4511,1.0
2017-05-03,9.4367,9.4367,9.4367,9.4367,1.0
2017-05-04,9.3151,9.3151,9.3151,9.3151,1.0
2017-05-05,9.3594,9.3594,9.3594,9.3594,1.0
2017-05-08,9.3244,9.3244,9.3244,9.3244,1.0
2017-05-09,9.2551,9.2551,9.2551,9.2551,1.0
2017-05-11,9.2273,9.2273,9.2273,9.2273,1.0
2017-05-12,9.2014,9.2014,9.2014,9.2014,1.0
2017-05-15,9.2248,9.2248,9.2248,9.2248,1.0
2017-05-16,9.261,9.261,9.261,9.261,1.0
2017-05-17,9.3249,9.3249,9.3249,9.3249,1.0
2017-05-18,9.4907,9.4907,9.4907,9.4907,1.0
2017-05-19,9.4429,9.4429,9.4429,9.4429,1.0
2017-05-22,9.4492,9.4492,9.4492,9.4492,1.0
2017-05-23,9.5167,9.5167,9.5167,9.5167,1.0
2017-05-24,9.4427,9.4427,9.4427,9.4427,1.0
2017-05-25,9.4197,9.4197,9.4197,9.4197,1.0
2017-05-26,9.5078,9.5078,9.5078,9.5078,1.0
2017-05-29,9.4647,9.4647,9.4647,9.4647,1.0
2017-05-30,9.5045,9.5045,9.5045,9.5045,1.0
2017-05-31,9.5482,9.5482,9.5482,9.5482,1.0
2017-06-01,9.4993,9.4993,9.4993,9.4993,1.0
2017-06-02,9.4651,9.4651,9.4651,9.4651,1.0
2017-06-05,9.5967,9.5967,9.5967,9.5967,1.0
2017-06-06,9.6437,9.6437,9.6437,9.6437,1.0
2017-06-07,9.6734,9.6734,9.6734,9.6734,1.0
2017-06-08,9.6418,9.6418,9.6418,9.6418,1.0
2017-06-09,9.5156,9.5156,9.5156,9.5156,1.0
2017-06-12,9.5697,9.5697,9.5697,9.5697,1.0
2017-06-13,9.5027,9.5027,9.5027,9.5027,1.0
2017-06-14,9.5043,9.5043,9.5043,9.5043,1.0
2017-06-15,9.5154,9.5154,9.5154,9.5154,1.0
2017-06-16,9.4328,9.4328,9.4328,9.4328,1.0
2017-06-19,9.4442,9.4442,9.4442,9.4442,1.0
2017-06-20,9.3939,9.3939,9.3939,9.3939,1.0
2017-06-21,9.4709,9.4709,9.4709,9.4709,1.0
2017-06-22,9.4789,9.4789,9.4789,9.4789,1.0
2017-06-23,9.4503,9.4503,9.4503,9.4503,1.0
2017-06-27,9.4299,9.4299,9.4299,9.4299,1.0
2017-06-28,9.3923,9.3923,9.3923,9.3923,1.0
2017-06-29,9.3361,9.3361,9.3361,9.3361,1.0
2017-06-30,9.327,9.327,9.327,9.327,1.0
2017-07-03,9.3007,9.3007,9.3007,9.3007,1.0
2017-07-04,9.3536,9.3536,9.3536,9.3536,1.0
2017-07-05,9.3079,9.3079,9.3079,9.3079,1.0
2017-07-06,9.27,9.27,9.27,9.27,1.0
2017-07-07,9.2022,9.2022,9.2022,9.2022,1.0
2017-07-10,9.153,9.153,9.153,9.153,1.0
2017-07-11,9.1442,9.1442,9.1442,9.1442,1.0
2017-07-12,9.23,9.23,9.23,9.23,1.0
2017-07-13,9.1872,9.1872,9.1872,9.1872,1.0
2017-07-14,9.175,9.175,9.175,9.175,1.0
2017-07-17,9.2381,9.2381,9.2381,9.2381,1.0
2017-07-18,9.294,9.294,9.294,9.294,1.0
2017-07-19,9.2765,9.2765,9.2765,9.2765,1.0
2017-07-20,9.3391,9.3391,9.3391,9.3391,1.0
2017-07-21,9.3497,9.3497,9.3497,9.3497,1.0
2017-07-24,9.4032,9.4032,9.4032,9.4032,1.0
2017-07-25,9.3368,9.3368,9.3368,9.3368,1.0
2017-07-26,9.3334,9.3334,9.3334,9.3334,1.0
2017-07-27,9.3784,9.3784,9.3784,9.3784,1.0
2017-07-28,9.3063,9.3063,9.3063,9.3063,1.0
2017-07-31,9.3163,9.3163,9.3163,9.3163,1.0
2017-08-01,9.3357,9.3357,9.3357,9.3357,1.0
2017-08-02,9.3597,9.3597,9.3597,9.3597,1.0
2017-08-03,9.4026,9.4026,9.4026,9.4026,1.0
2017-08-04,9.4704,9.4704,9.4704,9.4704,1.0
2017-08-07,9.3857,9.3857,9.3857,9.3857,1.0
2017-08-08,9.3903,9.3903,9.3903,9.3903,1.0
2017-08-09,9.3839,9.3839,9.3839,9.3839,1.0
2017-08-10,9.4516,9.4516,9.4516,9.4516,1.0
2017-08-11,9.5422,9.5422,9.5422,9.5422,1.0
2017-08-14,9.4932,9.4932,9.4932,9.4932,1.0
2017-08-16,9.412,9.412,9.412,9.412,1.0
2017-08-18,9.5598,9.5598,9.5598,9.5598,1.0
2017-08-21,9.4891,9.4891,9.4891,9.4891,1.0
2017-08-22,9.4291,9.4291,9.4291,9.4291,1.0
2017-08-23,9.4871,9.4871,9.4871,9.4871,1.0
2017-08-24,9.4732,9.4732,9.4732,9.4732,1.0
2017-08-28,9.5904,9.5904,9.5904,9.5904,1.0
2017-08-29,9.7751,9.7751,9.7751,9.7751,1.0
2017-08-30,9.7442,9.7442,9.7442,9.7442,1.0
2017-08-31,9.7157,9.7157,9.7157,9.7157,1.0
2017-09-01,9.7966,9.7966,9.7966,9.7966,1.0
2017-09-04,9.8957,9.8957,9.8957,9.8957,1.0
2017-09-05,9.868,9.868,9.868,9.868,1.0
2017-09-06,9.989,9.989,9.989,9.989,1.0
2017-09-07,9.9155,9.9155,9.9155,9.9155,1.0
2017-09-08,10.0214,10.0214,10.0214,10.0214,1.0
2017-09-11,9.9077,9.9077,9.9077,9.9077,1.0
2017-09-12,9.8368,9.8368,9.8368,9.8368,1.0
2017-09-13,9.9169,9.9169,9.9169,9.9169,1.0
2017-09-14,9.8192,9.8192,9.8192,9.8192,1.0
2017-09-15,9.845,9.845,9.845,9.845,1.0
2017-09-18,9.78,9.78,9.78,9.78,1.0
2017-09-19,9.8273,9.8273,9.8273,9.8273,1.0
2017-09-20,9.8056,9.8056,9.8056,9.8056,1.0
2017-09-21,9.7348,9.7348,9.7348,9.7348,1.0
2017-09-22,9.7499,9.7499,9.7499,9.7499,1.0
2017-09-25,9.7671,9.7671,9.7671,9.7671,1.0
2017-09-26,9.8945,9.8945,9.8945,9.8945,1.0
2017-09-27,9.8629,9.8629,9.8629,9.8629,1.0
2017-09-28,9.7438,9.7438,9.7438,9.7438,1.0
2017-09-29,9.7347,9.7347,9.7347,9.7347,1.0
2017-10-03,9.7116,9.7116,9.7116,9.7116,1.0
2017-10-04,9.6822,9.6822,9.6822,9.6822,1.0
2017-10-05,9.6641,9.6641,9.6641,9.6641,1.0
2017-10-06,9.6727,9.6727,9.6727,9.6727,1.0
2017-10-09,9.7763,9.7763,9.7763,9.7763,1.0
2017-10-10,9.7776,9.7776,9.7776,9.7776,1.0
2017-10-11,9.7937,9.7937,9.7937,9.7937,1.0
2017-10-12,9.8032,9.8032,9.8032,9.8032,1.0
2017-10-13,9.7604,9.7604,9.7604,9.7604,1.0
2017-10-16,9.8398,9.8398,9.8398,9.8398,1.0
2017-10-17,9.7849,9.7849,9.7849,9.7849,1.0
2017-10-18,9.6961,9.6961,9.6961,9.6961,1.0
2017-10-23,9.6723,9.6723,9.6723,9.6723,1.0
2017-10-24,9.6815,9.6815,9.6815,9.6815,1.0
2017-10-25,9.6551,9.6551,9.6551,9.6551,1.0
2017-10-26,9.6017,9.6017,9.6017,9.6017,1.0
2017-10-27,9.5934,9.5934,9.5934,9.5934,1.0
2017-10-30,9.5809,9.5809,9.5809,9.5809,1.0
2017-10-31,9.6222,9.6222,9.6222,9.6222,1.0
2017-11-01,9.6217,9.6217,9.6217,9.6217,1.0
2017-11-02,9.5716,9.5716,9.5716,9.5716,1.0
2017-11-03,9.5864,9.5864,9.5864,9.5864,1.0
2017-11-06,9.5446,9.5446,9.5446,9.5446,1.0
2017-11-07,9.641,9.641,9.641,9.641,1.0
2017-11-08,9.6505,9.6505,9.6505,9.6505,1.0
2017-11-09,9.6846,9.6846,9.6846,9.6846,1.0
2017-11-10,9.7009,9.7009,9.7009,9.7009,1.0
2017-11-13,9.6957,9.6957,9.6957,9.6957,1.0
2017-11-14,9.6696,9.6696,9.6696,9.6696,1.0
2017-11-15,9.6882,9.6882,9.6882,9.6882,1.0
2017-11-16,9.6189,9.6189,9.6189,9.6189,1.0
2017-11-17,9.6578,9.6578,9.6578,9.6578,1.0
2017-11-20,9.7333,9.7333,9.7333,9.7333,1.0
2017-11-21,9.6669,9.6669,9.6669,9.6669,1.0
2017-11-22,9.6536,9.6536,9.6536,9.6536,1.0
2017-11-23,9.6614,9.6614,9.6614,9.6614,1.0
2017-11-24,9.6698,9.6698,9.6698,9.6698,1.0
2017-11-27,9.68,9.68,9.68,9.68,1.0
2017-11-28,9.6765,9.6765,9.6765,9.6765,1.0
2017-11-29,9.655,9.655,9.655,9.655,1.0
2017-11-30,9.6056,9.6056,9.6056,9.6056,1.0
2017-12-04,9.5543,9.5543,9.5543,9.5543,1.0
2017-12-05,9.5357,9.5357,9.5357,9.5357,1.0
2017-12-06,9.4718,9.4718,9.4718,9.4718,1.0
2017-12-07,9.4178,9.4178,9.4178,9.4178,1.0
2017-12-08,9.3325,9.3325,9.3325,9.3325,1.0
2017-12-11,9.3266,9.3266,9.3266,9.3266,1.0
2017-12-12,9.2914,9.2914,9.2914,9.2914,1.0
2017-12-13,9.3134,9.3134,9.3134,9.3134,1.0
2017-12-14,9.3569,9.3569,9.3569,9.3569,1.0
2017-12-15,9.3688,9.3688,9.3688,9.3688,1.0
2017-12-18,9.3405,9.3405,9.3405,9.3405,1.0
2017-12-19,9.3663,9.3663,9.3663,9.3663,1.0
2017-12-20,9.3766,9.3766,9.3766,9.3766,1.0
2017-12-21,9.4255,9.4255,9.4255,9.4255,1.0
2017-12-22,9.3914,9.3914,9.3914,9.3914,1.0
2017-12-26,9.4702,9.4702,9.4702,9.4702,1.0
2017-12-27,9.5533,9.5533,9.5533,9.5533,1.0
2017-12-28,9.6334,9.6334,9.6334,9.6334,1.0
2017-12-29,9.5631,9.5631,9.5631,9.5631,1.0
2018-01-01,9.6311,9.6311,9.6311,9.6311,1.0
2018-01-02,9.6798,9.6798,9.6798,9.6798,1.0
2018-01-03,9.6569,9.6569,9.6569,9.6569,1.0
2018-01-04,9.6337,9.6337,9.6337,9.6337,1.0
2018-01-05,9.6627,9.6627,9.6627,9.6627,1.0
2018-01-08,9.6744,9.6744,9.6744,9.6744,1.0
2018-01-09,9.6846,9.6846,9.6846,9.6846,1.0
2018-01-10,9.6913,9.6913,9.6913,9.6913,1.0
2018-01-11,9.7078,9.7078,9.7078,9.7078,1.0
2018-01-12,9.7801,9.7801,9.7801,9.7801,1.0
2018-01-15,9.8302,9.8302,9.8302,9.8302,1.0
2018-01-16,9.8682,9.8682,9.8682,9.8682,1.0
2018-01-17,9.8853,9.8853,9.8853,9.8853,1.0
2018-01-18,9.764,9.764,9.764,9.764,1.0
2018-01-19,9.8344,9.8344,9.8344,9.8344,1.0
2018-01-22,9.8179,9.8179,9.8179,9.8179,1.0
2018-01-23,9.9096,9.9096,9.9096,9.9096,1.0
2018-01-24,9.8938,9.8938,9.8938,9.8938,1.0
2018-01-25,9.9694,9.9694,9.9694,9.9694,1.0
2018-01-29,9.8923,9.8923,9.8923,9.8923,1.0
2018-01-30,9.8773,9.8773,9.8773,9.8773,1.0
2018-01-31,9.8486,9.8486,9.8486,9.8486,1.0
2018-02-01,9.8936,9.8936,9.8936,9.8936,1.0
2018-02-02,9.9448,9.9448,9.9448,9.9448,1.0
2018-02-05,9.9314,9.9314,9.9314,9.9314,1.0
2018-02-06,9.9981,9.9981,9.9981,9.9981,1.0
2018-02-07,9.8905,9.8905,9.8905,9.8905,1.0
2018-02-08,9.7745,9.7745,9.7745,9.7745,1.0
2018-02-09,9.8086,9.8086,9.8086,9.8086,1.0
2018-02-12,9.8533,9.8533,9.8533,9.8533,1.0
2018-02-14,9.9122,9.9122,9.9122,9.9122,1.0
2018-02-15,10.0331,10.0331,10.0331,10.0331,1.0
2018-02-16,10.0953,10.0953,10.0953,10.0953,1.0
2018-02-20,10.0417,10.0417,10.0417,10.0417,1.0
2018-02-21,9.9959,9.9959,9.9959,9.9959,1.0
2018-02-22,9.9531,9.9531,9.9531,9.9531,1.0
2018-02-23,9.9592,9.9592,9.9592,9.9592,1.0
2018-02-26,10.0121,10.0121,10.0121,10.0121,1.0
2018-02-27,9.9987,9.9987,9.9987,9.9987,1.0
2018-02-28,9.9531,9.9531,9.9531,9.9531,1.0
2018-03-01,9.8968,9.8968,9.8968,9.8968,1.0
2018-03-05,10.0074,10.0074,10.0074,10.0074,1.0
2018-03-06,9.9497,9.9497,9.9497,9.9497,1.0
2018-03-07,10.006,10.006,10.006,10.006,1.0
2018-03-08,9.9629,9.9629,9.9629,9.9629,1.0
2018-03-09,9.9298,9.9298,9.9298,9.9298,1.0
2018-03-12,9.9047,9.9047,9.9047,9.9047,1.0
2018-03-13,9.9068,9.9068,9.9068,9.9068,1.0
2018-03-14,9.9346,9.9346,9.9346,9.9346,1.0
2018-03-15,9.9061,9.9061,9.9061,9.9061,1.0
2018-03-16,9.8835,9.8835,9.8835,9.8835,1.0
2018-03-19,9.8914,9.8914,9.8914,9.8914,1.0
2018-03-20,9.9114,9.9114,9.9114,9.9114,1.0
2018-03-21,9.9032,9.9032,9.9032,9.9032,1.0
2018-03-22,9.9919,9.9919,9.9919,9.9919,1.0
2018-03-23,10.0394,10.0394,10.0394,10.0394,1.0
2018-03-26,10.0604,10.0604,10.0604,10.0604,1.0
2018-03-27,10.0526,10.0526,10.0526,10.0526,1.0
2018-03-28,10.0264,10.0264,10.0264,10.0264,1.0
2018-04-03,10.0624,10.0624,10.0624,10.0624,1.0
2018-04-04,10.0903,10.0903,10.0903,10.0903,1.0
2018-04-05,9.9747,9.9747,9.9747,9.9747,1.0
2018-04-06,9.9446,9.9446,9.9446,9.9446,1.0
2018-04-09,9.9779,9.9779,9.9779,9.9779,1.0
2018-04-10,10.0309,10.0309,10.0309,10.0309,1.0
2018-04-11,10.1283,10.1283,10.1283,10.1283,1.0
2018-04-12,10.1625,10.1625,10.1625,10.1625,1.0
2018-04-13,10.0944,10.0944,10.0944,10.0944,1.0
2018-04-16,10.1808,10.1808,10.1808,10.1808,1.0
2018-04-17,10.1814,10.1814,10.1814,10.1814,1.0
2018-04-18,10.2565,10.2565,10.2565,10.2565,1.0
2018-04-19,10.2304,10.2304,10.2304,10.2304,1.0
2018-04-20,10.2277,10.2277,10.2277,10.2277,1.0
2018-04-23,10.2219,10.2219,10.2219,10.2219,1.0
2018-04-24,10.1934,10.1934,10.1934,10.1934,1.0
2018-04-25,10.2355,10.2355,10.2355,10.2355,1.0
2018-04-26,10.2394,10.2394,10.2394,10.2394,1.0
2018-04-27,10.1734,10.1734,10.1734,10.1734,1.0
2018-05-02,10.1246,10.1246,10.1246,10.1246,1.0
2018-05-03,10.0895,10.0895,10.0895,10.0895,1.0
2018-05-04,10.1323,10.1323,10.1323,10.1323,1.0
2018-05-07,10.1921,10.1921,10.1921,10.1921,1.0
2018-05-08,10.1574,10.1574,10.1574,10.1574,1.0
2018-05-09,10.1812,10.1812,10.1812,10.1812,1.0
2018-05-10,10.2097,10.2097,10.2097,10.2097,1.0
2018-05-11,10.2696,10.2696,10.2696,10.2696,1.0
2018-05-14,10.254,10.254,10.254,10.254,1.0
2018-05-15,10.249,10.249,10.249,10.249,1.0
2018-05-16,10.1041,10.1041,10.1041,10.1041,1.0
2018-05-17,10.099,10.099,10.099,10.099,1.0
2018-05-18,10.0865,10.0865,10.0865,10.0865,1.0
2018-05-21,10.0913,10.0913,10.0913,10.0913,1.0
2018-05-22,10.1412,10.1412,10.1412,10.1412,1.0
2018-05-23,10.1923,10.1923,10.1923,10.1923,1.0
2018-05-24,10.1763,10.1763,10.1763,10.1763,1.0
2018-05-25,10.1498,10.1498,10.1498,10.1498,1.0
2018-05-28,10.0652,10.0652,10.0652,10.0652,1.0
2018-05-29,10.1794,10.1794,10.1794,10.1794,1.0
2018-05-30,10.1064,10.1064,10.1064,10.1064,1.0
2018-05-31,10.1393,10.1393,10.1393,10.1393,1.0
2018-06-01,10.086,10.086,10.086,10.086,1.0
2018-06-04,10.0182,10.0182,10.0182,10.0182,1.0
2018-06-05,10.0214,10.0214,10.0214,10.0214,1.0
2018-06-06,10.0053,10.0053,10.0053,10.0053,1.0
2018-06-07,10.0369,10.0369,10.0369,10.0369,1.0
2018-06-08,10.1201,10.1201,10.1201,10.1201,1.0
2018-06-11,10.0731,10.0731,10.0731,10.0731,1.0
2018-06-12,10.0562,10.0562,10.0562,10.0562,1.0
2018-06-13,10.0696,10.0696,10.0696,10.0696,1.0
2018-06-14,10.1204,10.1204,10.1204,10.1204,1.0
2018-06-15,10.1128,10.1128,10.1128,10.1128,1.0
2018-06-18,10.0285,10.0285,10.0285,10.0285,1.0
2018-06-19,10.0541,10.0541,10.0541,10.0541,1.0
2018-06-20,9.9846,9.9846,9.9846,9.9846,1.0
2018-06-21,9.9214,9.9214,9.9214,9.9214,1.0
2018-06-22,9.949,9.949,9.949,9.949,1.0
2018-06-25,9.9758,9.9758,9.9758,9.9758,1.0
2018-06-26,9.9187,9.9187,9.9187,9.9187,1.0
2018-06-27,9.9522,9.9522,9.9522,9.9522,1.0
2018-06-28,9.9289,9.9289,9.9289,9.9289,1.0
2018-06-29,9.863,9.863,9.863,9.863,1.0
2018-07-02,9.8924,9.8924,9.8924,9.8924,1.0
2018-07-03,9.8635,9.8635,9.8635,9.8635,1.0
2018-07-04,9.9375,9.9375,9.9375,9.9375,1.0
2018-07-05,9.9641,9.9641,9.9641,9.9641,1.0
2018-07-06,9.9423,9.9423,9.9423,9.9423,1.0
2018-07-09,9.9988,9.9988,9.9988,9.9988,1.0
2018-07-10,9.9365,9.9365,9.9365,9.9365,1.0
2018-07-11,9.9327,9.9327,9.9327,9.9327,1.0
2018-07-12,9.8696,9.8696,9.8696,9.8696,1.0
2018-07-13,9.8,9.8,9.8,9.8,1.0
2018-07-16,9.8402,9.8402,9.8402,9.8402,1.0
2018-07-17,9.8212,9.8212,9.8212,9.8212,1.0
2018-07-18,9.6587,9.6587,9.6587,9.6587,1.0
2018-07-19,9.7166,9.7166,9.7166,9.7166,1.0
2018-07-20,9.701,9.701,9.701,9.701,1.0
2018-07-23,9.7449,9.7449,9.7449,9.7449,1.0
2018-07-24,9.7481,9.7481,9.7481,9.7481,1.0
2018-07-25,9.7773,9.7773,9.7773,9.7773,1.0
2018-07-26,9.631,9.631,9.631,9.631,1.0
2018-07-27,9.6862,9.6862,9.6862,9.6862,1.0
2018-07-30,9.6623,9.6623,9.6623,9.6623,1.0
2018-07-31,9.6663,9.6663,9.6663,9.6663,1.0
2018-08-01,9.655,9.655,9.655,9.655,1.0
2018-08-02,9.6479,9.6479,9.6479,9.6479,1.0
2018-08-03,9.5825,9.5825,9.5825,9.5825,1.0
2018-08-06,9.6049,9.6049,9.6049,9.6049,1.0
2018-08-07,9.6143,9.6143,9.6143,9.6143,1.0
2018-08-08,9.6218,9.6218,9.6218,9.6218,1.0
2018-08-09,9.5928,9.5928,9.5928,9.5928,1.0
2018-08-10,9.6009,9.6009,9.6009,9.6009,1.0
2018-08-13,9.6514,9.6514,9.6514,9.6514,1.0
2018-08-14,9.6034,9.6034,9.6034,9.6034,1.0
2018-08-16,9.5633,9.5633,9.5633,9.5633,1.0
2018-08-20,9.5607,9.5607,9.5607,9.5607,1.0
2018-08-21,9.5855,9.5855,9.5855,9.5855,1.0
2018-08-23,9.6117,9.6117,9.6117,9.6117,1.0
2018-08-24,9.6413,9.6413,9.6413,9.6413,1.0
2018-08-27,9.7262,9.7262,9.7262,9.7262,1.0
2018-08-28,9.8121,9.8121,9.8121,9.8121,1.0
2018-08-29,9.7833,9.7833,9.7833,9.7833,1.0
2018-08-30,9.8061,9.8061,9.8061,9.8061,1.0
2018-08-31,9.8628,9.8628,9.8628,9.8628,1.0
2018-09-03,9.8111,9.8111,9.8111,9.8111,1.0
2018-09-04,9.8366,9.8366,9.8366,9.8366,1.0
2018-09-05,9.8578,9.8578,9.8578,9.8578,1.0
2018-09-06,9.938,9.938,9.938,9.938,1.0
2018-09-07,9.894,9.894,9.894,9.894,1.0
2018-09-10,9.929,9.929,9.929,9.929,1.0
2018-09-11,9.9504,9.9504,9.9504,9.9504,1.0
2018-09-12,9.9023,9.9023,9.9023,9.9023,1.0
2018-09-14,9.9129,9.9129,9.9129,9.9129,1.0
2018-09-17,9.9483,9.9483,9.9483,9.9483,1.0
2018-09-18,10.005,10.005,10.005,10.005,1.0
2018-09-19,10.02,10.02,10.02,10.02,1.0
2018-09-21,9.9916,9.9916,9.9916,9.9916,1.0
2018-09-24,9.9877,9.9877,9.9877,9.9877,1.0
2018-09-25,9.9769,9.9769,9.9769,9.9769,1.0
2018-09-26,9.9524,9.9524,9.9524,9.9524,1.0
2018-09-27,9.9319,9.9319,9.9319,9.9319,1.0
2018-09-28,9.8209,9.8209,9.8209,9.8209,1.0
2018-10-01,9.8783,9.8783,9.8783,9.8783,1.0
2018-10-03,10.0748,10.0748,10.0748,10.0748,1.0
2018-10-04,10.0619,10.0619,10.0619,10.0619,1.0
2018-10-05,10.1328,10.1328,10.1328,10.1328,1.0
2018-10-08,10.137,10.137,10.137,10.137,1.0
2018-10-09,10.1076,10.1076,10.1076,10.1076,1.0
2018-10-10,10.0828,10.0828,10.0828,10.0828,1.0
2018-10-11,10.1768,10.1768,10.1768,10.1768,1.0
2018-10-12,10.2881,10.2881,10.2881,10.2881,1.0
2018-10-15,10.3777,10.3777,10.3777,10.3777,1.0
2018-10-16,10.2985,10.2985,10.2985,10.2985,1.0
2018-10-17,10.275,10.275,10.275,10.275,1.0
2018-10-19,10.2816,10.2816,10.2816,10.2816,1.0
2018-10-22,10.27,10.27,10.27,10.27,1.0
2018-10-23,10.3818,10.3818,10.3818,10.3818,1.0
2018-10-24,10.2927,10.2927,10.2927,10.2927,1.0
2018-10-25,10.3098,10.3098,10.3098,10.3098,1.0
2018-10-26,10.3181,10.3181,10.3181,10.3181,1.0
2018-10-29,10.2664,10.2664,10.2664,10.2664,1.0
2018-10-30,10.3162,10.3162,10.3162,10.3162,1.0
2018-10-31,10.2906,10.2906,10.2906,10.2906,1.0
2018-11-01,10.2987,10.2987,10.2987,10.2987,1.0
2018-11-02,10.2544,10.2544,10.2544,10.2544,1.0
2018-11-05,10.336,10.336,10.336,10.336,1.0
2018-11-06,10.2981,10.2981,10.2981,10.2981,1.0
2018-11-09,10.1777,10.1777,10.1777,10.1777,1.0
2018-11-12,10.1179,10.1179,10.1179,10.1179,1.0
2018-11-13,10.0853,10.0853,10.0853,10.0853,1.0
2018-11-14,9.9989,9.9989,9.9989,9.9989,1.0
2018-11-15,10.0412,10.0412,10.0412,10.0412,1.0
2018-11-16,10.0013,10.0013,10.0013,10.0013,1.0
2018-11-19,10.0425,10.0425,10.0425,10.0425,1.0
2018-11-20,10.0289,10.0289,10.0289,10.0289,1.0
2018-11-22,9.9918,9.9918,9.9918,9.9918,1.0
2018-11-26,9.9851,9.9851,9.9851,9.9851,1.0
2018-11-27,9.9358,9.9358,9.9358,9.9358,1.0
2018-11-28,9.8778,9.8778,9.8778,9.8778,1.0
2018-11-29,9.8563,9.8563,9.8563,9.8563,1.0
2018-11-30,9.8094,9.8094,9.8094,9.8094,1.0
2018-12-03,9.9267,9.9267,9.9267,9.9267,1.0
2018-12-04,10.0507,10.0507,10.0507,10.0507,1.0
2018-12-05,9.9883,9.9883,9.9883,9.9883,1.0
2018-12-06,10.075,10.075,10.075,10.075,1.0
2018-12-07,10.0438,10.0438,10.0438,10.0438,1.0
2018-12-10,10.2038,10.2038,10.2038,10.2038,1.0
2018-12-11,10.2669,10.2669,10.2669,10.2669,1.0
2018-12-12,10.2267,10.2267,10.2267,10.2267,1.0
2018-12-13,10.1999,10.1999,10.1999,10.1999,1.0
2018-12-14,10.2117,10.2117,10.2117,10.2117,1.0
2018-12-17,10.1854,10.1854,10.1854,10.1854,1.0
2018-12-18,10.1108,10.1108,10.1108,10.1108,1.0
2018-12-19,10.0701,10.0701,10.0701,10.0701,1.0
2018-12-20,10.0674,10.0674,10.0674,10.0674,1.0
2018-12-21,10.1081,10.1081,10.1081,10.1081,1.0
2018-12-24,10.1066,10.1066,10.1066,10.1066,1.0
2018-12-26,10.2095,10.2095,10.2095,10.2095,1.0
2018-12-27,10.2194,10.2194,10.2194,10.2194,1.0
2018-12-28,10.2296,10.2296,10.2296,10.2296,1.0
2018-12-31,10.224,10.224,10.224,10.224,1.0
2019-01-01,10.2175,10.2175,10.2175,10.2175,1.0
2019-01-02,10.2704,10.2704,10.2704,10.2704,1.0
2019-01-03,10.3538,10.3538,10.3538,10.3538,1.0
2019-01-04,10.3259,10.3259,10.3259,10.3259,1.0
2019-01-07,10.3119,10.3119,10.3119,10.3119,1.0
2019-01-08,10.2746,10.2746,10.2746,10.2746,1.0
2019-01-09,10.3482,10.3482,10.3482,10.3482,1.0
2019-01-10,10.4492,10.4492,10.4492,10.4492,1.0
2019-01-11,10.4067,10.4067,10.4067,10.4067,1.0
2019-01-14,10.4634,10.4634,10.4634,10.4634,1.0
2019-01-15,10.4633,10.4633,10.4633,10.4633,1.0
2019-01-16,10.5031,10.5031,10.5031,10.5031,1.0
2019-01-17,10.516,10.516,10.516,10.516,1.0
2019-01-18,10.4602,10.4602,10.4602,10.4602,1.0
2019-01-21,10.4318,10.4318,10.4318,10.4318,1.0
2019-01-22,10.4796,10.4796,10.4796,10.4796,1.0
2019-01-23,10.466,10.466,10.466,10.466,1.0
2019-01-24,10.4306,10.4306,10.4306,10.4306,1.0
2019-01-25,10.4586,10.4586,10.4586,10.4586,1.0
2019-01-28,10.6061,10.6061,10.6061,10.6061,1.0
2019-01-29,10.6377,10.6377,10.6377,10.6377,1.0
2019-01-30,10.6458,10.6458,10.6458,10.6458,1.0
2019-01-31,10.6809,10.6809,10.6809,10.6809,1.0
2019-02-01,10.7679,10.7679,10.7679,10.7679,1.0
2019-02-04,10.7511,10.7511,10.7511,10.7511,1.0
2019-02-05,10.7773,10.7773,10.7773,10.7773,1.0
2019-02-06,10.774,10.774,10.774,10.774,1.0
2019-02-07,10.6763,10.6763,10.6763,10.6763,1.0
2019-02-08,10.6347,10.6347,10.6347,10.6347,1.0
2019-02-11,10.6328,10.6328,10.6328,10.6328,1.0
2019-02-12,10.6452,10.6452,10.6452,10.6452,1.0
2019-02-13,10.6055,10.6055,10.6055,10.6055,1.0
2019-02-14,10.63,10.63,10.63,10.63,1.0
2019-02-15,10.7332,10.7332,10.7332,10.7332,1.0
2019-02-18,10.8068,10.8068,10.8068,10.8068,1.0
2019-02-20,10.9162,10.9162,10.9162,10.9162,1.0
2019-02-21,10.8436,10.8436,10.8436,10.8436,1.0
2019-02-22,10.8113,10.8113,10.8113,10.8113,1.0
2019-02-25,10.7647,10.7647,10.7647,10.7647,1.0
2019-02-26,10.8307,10.8307,10.8307,10.8307,1.0
2019-02-27,10.7896,10.7896,10.7896,10.7896,1.0
2019-02-28,10.7517,10.7517,10.7517,10.7517,1.0
2019-03-01,10.5794,10.5794,10.5794,10.5794,1.0
2019-03-05,10.4278,10.4278,10.4278,10.4278,1.0
2019-03-06,10.4199,10.4199,10.4199,10.4199,1.0
2019-03-07,10.3338,10.3338,10.3338,10.3338,1.0
2019-03-08,10.389,10.389,10.389,10.389,1.0
2019-03-11,10.3908,10.3908,10.3908,10.3908,1.0
2019-03-12,10.3452,10.3452,10.3452,10.3452,1.0
2019-03-13,10.4236,10.4236,10.4236,10.4236,1.0
2019-03-14,10.3742,10.3742,10.3742,10.3742,1.0
2019-03-15,10.3817,10.3817,10.3817,10.3817,1.0
2019-03-18,10.2471,10.2471,10.2471,10.2471,1.0
2019-03-19,10.332,10.332,10.332,10.332,1.0
2019-03-20,10.2632,10.2632,10.2632,10.2632,1.0
2019-03-22,10.3669,10.3669,10.3669,10.3669,1.0
2019-03-25,10.3683,10.3683,10.3683,10.3683,1.0
2019-03-26,10.3611,10.3611,10.3611,10.3611,1.0
2019-03-27,10.3478,10.3478,10.3478,10.3478,1.0
2019-03-28,10.324,10.324,10.324,10.324,1.0
2019-03-29,10.2628,10.2628,10.2628,10.2628,1.0
2019-04-02,10.2064,10.2064,10.2064,10.2064,1.0
2019-04-03,10.1936,10.1936,10.1936,10.1936,1.0
2019-04-04,10.2041,10.2041,10.2041,10.2041,1.0
2019-04-05,10.2091,10.2091,10.2091,10.2091,1.0
2019-04-08,10.3128,10.3128,10.3128,10.3128,1.0
2019-04-09,10.321,10.321,10.321,10.321,1.0
2019-04-10,10.312,10.312,10.312,10.312,1.0
2019-04-11,10.2958,10.2958,10.2958,10.2958,1.0
2019-04-12,10.2589,10.2589,10.2589,10.2589,1.0
2019-04-15,10.2188,10.2188,10.2188,10.2188,1.0
2019-04-16,10.2213,10.2213,10.2213,10.2213,1.0
2019-04-18,10.1692,10.1692,10.1692,10.1692,1.0
2019-04-22,10.1931,10.1931,10.1931,10.1931,1.0
2019-04-23,10.2079,10.2079,10.2079,10.2079,1.0
2019-04-24,10.1955,10.1955,10.1955,10.1955,1.0
2019-04-25,10.2719,10.2719,10.2719,10.2719,1.0
2019-04-26,10.2667,10.2667,10.2667,10.2667,1.0
2019-04-30,10.3092,10.3092,10.3092,10.3092,1.0
2019-05-02,10.1482,10.1482,10.1482,10.1482,1.0
2019-05-03,10.1741,10.1741,10.1741,10.1741,1.0
2019-05-06,10.2397,10.2397,10.2397,10.2397,1.0
2019-05-07,10.3409,10.3409,10.3409,10.3409,1.0
2019-05-08,10.3267,10.3267,10.3267,10.3267,1.0
2019-05-09,10.3492,10.3492,10.3492,10.3492,1.0
2019-05-10,10.2995,10.2995,10.2995,10.2995,1.0
2019-05-13,10.3124,10.3124,10.3124,10.3124,1.0
2019-05-14,10.5376,10.5376,10.5376,10.5376,1.0
2019-05-15,10.5013,10.5013,10.5013,10.5013,1.0
2019-05-16,10.4394,10.4394,10.4394,10.4394,1.0
2019-05-17,10.335,10.335,10.335,10.335,1.0
2019-05-20,10.2121,10.2121,10.2121,10.2121,1.0
2019-05-21,10.2296,10.2296,10.2296,10.2296,1.0
2019-05-22,10.1925,10.1925,10.1925,10.1925,1.0
2019-05-23,10.2129,10.2129,10.2129,10.2129,1.0
2019-05-24,10.2405,10.2405,10.2405,10.2405,1.0
2019-05-27,10.2436,10.2436,10.2436,10.2436,1.0
2019-05-28,10.2506,10.2506,10.2506,10.2506,1.0
2019-05-29,10.2739,10.2739,10.2739,10.2739,1.0
2019-05-30,10.2157,10.2157,10.2157,10.2157,1.0
2019-05-31,10.3498,10.3498,10.3498,10.3498,1.0
2019-06-03,10.4104,10.4104,10.4104,10.4104,1.0
2019-06-04,10.4472,10.4472,10.4472,10.4472,1.0
2019-06-06,10.5118,10.5118,10.5118,10.5118,1.0
2019-06-07,10.5396,10.5396,10.5396,10.5396,1.0
2019-06-10,10.4837,10.4837,10.4837,10.4837,1.0
2019-06-11,10.4067,10.4067,10.4067,10.4067,1.0
2019-06-12,10.5381,10.5381,10.5381,10.5381,1.0
2019-06-13,10.5148,10.5148,10.5148,10.5148,1.0
2019-06-14,10.6737,10.6737,10.6737,10.6737,1.0
2019-06-17,10.6241,10.6241,10.6241,10.6241,1.0
2019-06-18,10.6322,10.6322,10.6322,10.6322,1.0
2019-06-19,10.6422,10.6422,10.6422,10.6422,1.0
2019-06-20,10.8447,10.8447,10.8447,10.8447,1.0
2019-06-21,10.8782,10.8782,10.8782,10.8782,1.0
2019-06-24,10.9306,10.9306,10.9306,10.9306,1.0
2019-06-25,11.0418,11.0418,11.0418,11.0418,1.0
2019-06-26,10.8857,10.8857,10.8857,10.8857,1.0
2019-06-27,10.8501,10.8501,10.8501,10.8501,1.0
2019-06-28,10.8897,10.8897,10.8897,10.8897,1.0
2019-07-01,10.7632,10.7632,10.7632,10.7632,1.0
2019-07-02,10.7619,10.7619,10.7619,10.7619,1.0
2019-07-03,10.918,10.918,10.918,10.918,1.0
2019-07-04,10.8464,10.8464,10.8464,10.8464,1.0
2019-07-05,10.9585,10.9585,10.9585,10.9585,1.0
2019-07-08,10.9836,10.9836,10.9836,10.9836,1.0
2019-07-09,10.923,10.923,10.923,10.923,1.0
2019-07-10,10.98,10.98,10.98,10.98,1.0
2019-07-11,11.1357,11.1357,11.1357,11.1357,1.0
2019-07-12,11.0602,11.0602,11.0602,11.0602,1.0
2019-07-15,11.1362,11.1362,11.1362,11.1362,1.0
2019-07-16,11.1292,11.1292,11.1292,11.1292,1.0
2019-07-17,11.0972,11.0972,11.0972,11.0972,1.0
2019-07-18,11.2263,11.2263,11.2263,11.2263,1.0
2019-07-19,11.3151,11.3151,11.3151,11.3151,1.0
2019-07-22,11.251,11.251,11.251,11.251,1.0
2019-07-23,11.2178,11.2178,11.2178,11.2178,1.0
2019-07-24,11.2184,11.2184,11.2184,11.2184,1.0
2019-07-25,11.2431,11.2431,11.2431,11.2431,1.0
2019-07-26,11.1829,11.1829,11.1829,11.1829,1.0
2019-07-29,11.1756,11.1756,11.1756,11.1756,1.0
2019-07-30,11.2138,11.2138,11.2138,11.2138,1.0
2019-07-31,11.1907,11.1907,11.1907,11.1907,1.0
2019-08-01,11.1799,11.1799,11.1799,11.1799,1.0
2019-08-02,11.3674,11.3674,11.3674,11.3674,1.0
2019-08-05,11.6134,11.6134,11.6134,11.6134,1.0
2019-08-06,11.7048,11.7048,11.7048,11.7048,1.0
2019-08-07,12.0257,12.0257,12.0257,12.0257,1.0
2019-08-08,12.0166,12.0166,12.0166,12.0166,1.0
2019-08-09,11.9679,11.9679,11.9679,11.9679,1.0
2019-08-13,12.1452,12.1452,12.1452,12.1452,1.0
2019-08-14,11.9563,11.9563,11.9563,11.9563,1.0
2019-08-16,12.1898,12.1898,12.1898,12.1898,1.0
2019-08-19,12.0903,12.0903,12.0903,12.0903,1.0
2019-08-20,12.1805,12.1805,12.1805,12.1805,1.0
2019-08-21,12.0893,12.0893,12.0893,12.0893,1.0
2019-08-22,12.1532,12.1532,12.1532,12.1532,1.0
2019-08-23,12.1465,12.1465,12.1465,12.1465,1.0
2019-08-26,12.4395,12.4395,12.4395,12.4395,1.0
2019-08-27,12.4745,12.4745,12.4745,12.4745,1.0
2019-08-28,12.5066,12.5066,12.5066,12.5066,1.0
2019-08-29,12.5315,12.5315,12.5315,12.5315,1.0
2019-08-30,12.3974,12.3974,12.3974,12.3974,1.0
2019-09-03,12.6319,12.6319,12.6319,12.6319,1.0
2019-09-04,12.658,12.658,12.658,12.658,1.0
2019-09-05,12.6168,12.6168,12.6168,12.6168,1.0
2019-09-06,12.3138,12.3138,12.3138,12.3138,1.0
2019-09-09,12.395,12.395,12.395,12.395,1.0
2019-09-11,12.2285,12.2285,12.2285,12.2285,1.0
2019-09-12,12.1098,12.1098,12.1098,12.1098,1.0
2019-09-13,12.1326,12.1326,12.1326,12.1326,1.0
2019-09-16,12.1759,12.1759,12.1759,12.1759,1.0
2019-09-17,12.2194,12.2194,12.2194,12.2194,1.0
2019-09-18,12.1322,12.1322,12.1322,12.1322,1.0
2019-09-19,12.062,12.062,12.062,12.062,1.0
2019-09-20,12.0525,12.0525,12.0525,12.0525,1.0
2019-09-23,12.088,12.088,12.088,12.088,1.0
2019-09-24,12.1599,12.1599,12.1599,12.1599,1.0
2019-09-25,12.2076,12.2076,12.2076,12.2076,1.0
2019-09-26,12.118,12.118,12.118,12.118,1.0
2019-09-27,12.0851,12.0851,12.0851,12.0851,1.0
2019-09-30,12.0884,12.0884,12.0884,12.0884,1.0
2019-10-01,11.9196,11.9196,11.9196,11.9196,1.0
2019-10-03,12.1959,12.1959,12.1959,12.1959,1.0
2019-10-04,12.2695,12.2695,12.2695,12.2695,1.0
2019-10-07,12.304,12.304,12.304,12.304,1.0
2019-10-09,12.2798,12.2798,12.2798,12.2798,1.0
2019-10-10,12.4057,12.4057,12.4057,12.4057,1.0
2019-10-11,12.3794,12.3794,12.3794,12.3794,1.0
2019-10-14,12.338,12.338,12.338,12.338,1.0
2019-10-15,12.4055,12.4055,12.4055,12.4055,1.0
2019-10-16,12.3289,12.3289,12.3289,12.3289,1.0
2019-10-17,12.3724,12.3724,12.3724,12.3724,1.0
2019-10-18,12.3754,12.3754,12.3754,12.3754,1.0
2019-10-22,12.358,12.358,12.358,12.358,1.0
2019-10-23,12.361,12.361,12.361,12.361,1.0
2019-10-24,12.3682,12.3682,12.3682,12.3682,1.0
2019-10-25,12.5968,12.5968,12.5968,12.5968,1.0
2019-10-29,12.3903,12.3903,12.3903,12.3903,1.0
2019-10-30,12.3175,12.3175,12.3175,12.3175,1.0
2019-10-31,12.4268,12.4268,12.4268,12.4268,1.0
2019-11-01,12.5602,12.5602,12.5602,12.5602,1.0
2019-11-04,12.4902,12.4902,12.4902,12.4902,1.0
2019-11-05,12.4951,12.4951,12.4951,12.4951,1.0
2019-11-06,12.4087,12.4087,12.4087,12.4087,1.0
2019-11-07,12.4513,12.4513,12.4513,12.4513,1.0
2019-11-08,12.3369,12.3369,12.3369,12.3369,1.0
2019-11-11,12.322,12.322,12.322,12.322,1.0
2019-11-13,12.3805,12.3805,12.3805,12.3805,1.0
2019-11-14,12.4107,12.4107,12.4107,12.4107,1.0
2019-11-15,12.291,12.291,12.291,12.291,1.0
2019-11-18,12.328,12.328,12.328,12.328,1.0
2019-11-19,12.3221,12.3221,12.3221,12.3221,1.0
2019-11-20,12.3438,12.3438,12.3438,12.3438,1.0
2019-11-21,12.3204,12.3204,12.3204,12.3204,1.0
2019-11-22,12.368,12.368,12.368,12.368,1.0
2019-11-25,12.2687,12.2687,12.2687,12.2687,1.0
2019-11-26,12.2486,12.2486,12.2486,12.2486,1.0
2019-11-27,12.2391,12.2391,12.2391,12.2391,1.0
2019-11-28,12.2285,12.2285,12.2285,12.2285,1.0
2019-11-29,12.2715,12.2715,12.2715,12.2715,1.0
2019-12-02,12.267,12.267,12.267,12.267,1.0
2019-12-03,12.313,12.313,12.313,12.313,1.0
2019-12-04,12.3619,12.3619,12.3619,12.3619,1.0
2019-12-05,12.3302,12.3302,12.3302,12.3302,1.0
2019-12-06,12.3196,12.3196,12.3196,12.3196,1.0
2019-12-09,12.1821,12.1821,12.1821,12.1821,1.0
2019-12-10,12.197,12.197,12.197,12.197,1.0
2019-12-11,12.1982,12.1982,12.1982,12.1982,1.0
2019-12-12,12.1769,12.1769,12.1769,12.1769,1.0
2019-12-13,12.163,12.163,12.163,12.163,1.0
2019-12-16,12.2106,12.2106,12.2106,12.2106,1.0
2019-12-17,12.2604,12.2604,12.2604,12.2604,1.0
2019-12-18,12.3048,12.3048,12.3048,12.3048,1.0
2019-12-19,12.3024,12.3024,12.3024,12.3024,1.0
2019-12-20,12.2779,12.2779,12.2779,12.2779,1.0
2019-12-23,12.3458,12.3458,12.3458,12.3458,1.0
2019-12-24,12.3633,12.3633,12.3633,12.3633,1.0
2019-12-26,12.4765,12.4765,12.4765,12.4765,1.0
2019-12-27,12.494,12.494,12.494,12.494,1.0
2019-12-30,12.5492,12.5492,12.5492,12.5492,1.0
2019-12-31,12.6051,12.6051,12.6051,12.6051,1.0
2020-01-01,12.6227,12.6227,12.6227,12.6227,1.0
2020-01-02,12.6126,12.6126,12.6126,12.6126,1.0
2020-01-03,12.899,12.899,12.899,12.899,1.0
2020-01-06,13.2659,13.2659,13.2659,13.2659,1.0
2020-01-07,13.1317,13.1317,13.1317,13.1317,1.0
2020-01-08,13.2556,13.2556,13.2556,13.2556,1.0
2020-01-09,12.9149,12.9149,12.9149,12.9149,1.0
2020-01-10,12.8434,12.8434,12.8434,12.8434,1.0
2020-01-13,12.8145,12.8145,12.8145,12.8145,1.0
2020-01-14,12.7766,12.7766,12.7766,12.7766,1.0
2020-01-15,12.831,12.831,12.831,12.831,1.0
2020-01-16,12.8552,12.8552,12.8552,12.8552,1.0
2020-01-17,12.8712,12.8712,12.8712,12.8712,1.0
2020-01-20,12.9528,12.9528,12.9528,12.9528,1.0
2020-01-21,12.9475,12.9475,12.9475,12.9475,1.0
2020-01-22,12.8862,12.8862,12.8862,12.8862,1.0
2020-01-23,12.9006,12.9006,12.9006,12.9006,1.0
2020-01-24,12.9009,12.9009,12.9009,12.9009,1.0
2020-01-27,13.1303,13.1303,13.1303,13.1303,1.0
2020-01-28,13.1234,13.1234,13.1234,13.1234,1.0
2020-01-29,13.0678,13.0678,13.0678,13.0678,1.0
2020-01-30,13.1851,13.1851,13.1851,13.1851,1.0
2020-01-31,13.1355,13.1355,13.1355,13.1355,1.0
2020-02-03,13.2019,13.2019,13.2019,13.2019,1.0
2020-02-04,13.0893,13.0893,13.0893,13.0893,1.0
2020-02-05,13.0748,13.0748,13.0748,13.0748,1.0
2020-02-06,13.0504,13.0504,13.0504,13.0504,1.0
2020-02-07,13.0846,13.0846,13.0846,13.0846,1.0
2020-02-10,13.162,13.162,13.162,13.162,1.0
2020-02-11,13.1183,13.1183,13.1183,13.1183,1.0
2020-02-12,13.1117,13.1117,13.1117,13.1117,1.0
2020-02-13,13.1693,13.1693,13.1693,13.1693,1.0
2020-02-14,13.1752,13.1752,13.1752,13.1752,1.0
2020-02-17,13.2236,13.2236,13.2236,13.2236,1.0
2020-02-18,13.2769,13.2769,13.2769,13.2769,1.0
2020-02-20,13.4498,13.4498,13.4498,13.4498,1.0
2020-02-24,13.9958,13.9958,13.9958,13.9958,1.0
2020-02-25,13.7762,13.7762,13.7762,13.7762,1.0
2020-02-26,13.7289,13.7289,13.7289,13.7289,1.0
2020-02-27,13.7447,13.7447,13.7447,13.7447,1.0
2020-02-28,13.7059,13.7059,13.7059,13.7059,1.0
2020-03-02,13.4683,13.4683,13.4683,13.4683,1.0
2020-03-03,13.5485,13.5485,13.5485,13.5485,1.0
2020-03-04,13.9595,13.9595,13.9595,13.9595,1.0
2020-03-05,13.9359,13.9359,13.9359,13.9359,1.0
2020-03-06,14.2839,14.2839,14.2839,14.2839,1.0
2020-03-09,14.0601,14.0601,14.0601,14.0601,1.0
2020-03-11,14.001,14.001,14.001,14.001,1.0
2020-03-12,13.9364,13.9364,13.9364,13.9364,1.0
2020-03-13,13.4797,13.4797,13.4797,13.4797,1.0
2020-03-16,13.2479,13.2479,13.2479,13.2479,1.0
2020-03-17,12.7128,12.7128,12.7128,12.7128,1.0
2020-03-18,12.8541,12.8541,12.8541,12.8541,1.0
2020-03-19,12.9522,12.9522,12.9522,12.9522,1.0
2020-03-20,13.2659,13.2659,13.2659,13.2659,1.0
2020-03-23,13.7965,13.7965,13.7965,13.7965,1.0
2020-03-24,14.0527,14.0527,14.0527,14.0527,1.0
2020-03-26,14.1309,14.1309,14.1309,14.1309,1.0
2020-03-27,14.3156,14.3156,14.3156,14.3156,1.0
2020-03-30,14.9344,14.9344,14.9344,14.9344,1.0
2020-03-31,14.4789,14.4789,14.4789,14.4789,1.0
2020-04-03,14.8475,14.8475,14.8475,14.8475,1.0
2020-04-07,15.2258,15.2258,15.2258,15.2258,1.0
2020-04-08,15.5132,15.5132,15.5132,15.5132,1.0
2020-04-09,15.7352,15.7352,15.7352,15.7352,1.0
2020-04-13,16.9142,16.9142,16.9142,16.9142,1.0
2020-04-15,16.8223,16.8223,16.8223,16.8223,1.0
2020-04-16,16.9469,16.9469,16.9469,16.9469,1.0
2020-04-17,16.9972,16.9972,16.9972,16.9972,1.0
2020-04-20,16.9667,16.9667,16.9667,16.9667,1.0
2020-04-21,16.7338,16.7338,16.7338,16.7338,1.0
2020-04-22,15.4874,15.4874,15.4874,15.4874,1.0
2020-04-23,15.7826,15.7826,15.7826,15.7826,1.0
2020-04-24,15.7433,15.7433,15.7433,15.7433,1.0
2020-04-27,15.6748,15.6748,15.6748,15.6748,1.0
2020-04-28,15.6055,15.6055,15.6055,15.6055,1.0
2020-04-29,15.546,15.546,15.546,15.546,1.0
2020-04-30,15.4387,15.4387,15.4387,15.4387,1.0
2020-05-04,15.7099,15.7099,15.7099,15.7099,1.0
2020-05-05,15.2875,15.2875,15.2875,15.2875,1.0
2020-05-06,15.1494,15.1494,15.1494,15.1494,1.0
2020-05-08,15.1223,15.1223,15.1223,15.1223,1.0
2020-05-11,15.1676,15.1676,15.1676,15.1676,1.0
2020-05-12,15.4319,15.4319,15.4319,15.4319,1.0
2020-05-13,15.0354,15.0354,15.0354,15.0354,1.0
2020-05-14,15.159,15.159,15.159,15.159,1.0
2020-05-15,15.2878,15.2878,15.2878,15.2878,1.0
2020-05-18,15.5275,15.5275,15.5275,15.5275,1.0
2020-05-19,15.1737,15.1737,15.1737,15.1737,1.0
2020-05-20,15.3058,15.3058,15.3058,15.3058,1.0
2020-05-21,15.1842,15.1842,15.1842,15.1842,1.0
2020-05-22,15.281,15.281,15.281,15.281,1.0
2020-05-26,15.1243,15.1243,15.1243,15.1243,1.0
2020-05-27,14.9851,14.9851,14.9851,14.9851,1.0
2020-05-28,15.097,15.097,15.097,15.097,1.0
2020-05-29,14.9967,14.9967,14.9967,14.9967,1.0
2020-06-01,15.115,15.115,15.115,15.115,1.0
2020-06-02,15.1071,15.1071,15.1071,15.1071,1.0
2020-06-03,14.9747,14.9747,14.9747,14.9747,1.0
2020-06-04,14.9591,14.9591,14.9591,14.9591,1.0
2020-06-05,15.0731,15.0731,15.0731,15.0731,1.0
2020-06-08,14.9184,14.9184,14.9184,14.9184,1.0
2020-06-09,15.062,15.062,15.062,15.062,1.0
2020-06-10,15.1299,15.1299,15.1299,15.1299,1.0
2020-06-11,15.3045,15.3045,15.3045,15.3045,1.0
2020-06-12,15.2979,15.2979,15.2979,15.2979,1.0
2020-06-15,15.1608,15.1608,15.1608,15.1608,1.0
2020-06-16,15.3305,15.3305,15.3305,15.3305,1.0
2020-06-17,15.2516,15.2516,15.2516,15.2516,1.0
2020-06-18,15.3236,15.3236,15.3236,15.3236,1.0
2020-06-19,15.3105,15.3105,15.3105,15.3105,1.0
2020-06-22,15.489,15.489,15.489,15.489,1.0
2020-06-23,15.4845,15.4845,15.4845,15.4845,1.0
2020-06-24,15.6352,15.6352,15.6352,15.6352,1.0
2020-06-25,15.5457,15.5457,15.5457,15.5457,1.0
2020-06-26,15.5075,15.5075,15.5075,15.5075,1.0
2020-06-29,15.5586,15.5586,15.5586,15.5586,1.0
2020-06-30,15.6054,15.6054,15.6054,15.6054,1.0
2020-07-01,15.7235,15.7235,15.7235,15.7235,1.0
2020-07-02,15.5125,15.5125,15.5125,15.5125,1.0
2020-07-03,15.5242,15.5242,15.5242,15.5242,1.0
2020-07-06,15.4977,15.4977,15.4977,15.4977,1.0
2020-07-07,15.53,15.53,15.53,15.53,1.0
2020-07-08,15.7569,15.7569,15.7569,15.7569,1.0
2020-07-09,15.8552,15.8552,15.8552,15.8552,1.0
2020-07-10,15.8301,15.8301,15.8301,15.8301,1.0
2020-07-13,15.8487,15.8487,15.8487,15.8487,1.0
2020-07-14,15.7912,15.7912,15.7912,15.7912,1.0
2020-07-15,15.8427,15.8427,15.8427,15.8427,1.0
2020-07-16,15.8168,15.8168,15.8168,15.8168,1.0
2020-07-17,15.7412,15.7412,15.7412,15.7412,1.0
2020-07-20,15.7766,15.7766,15.7766,15.7766,1.0
2020-07-21,15.8412,15.8412,15.8412,15.8412,1.0
2020-07-22,16.1042,16.1042,16.1042,16.1042,1.0
2020-07-23,16.4146,16.4146,16.4146,16.4146,1.0
2020-07-24,16.4384,16.4384,16.4384,16.4384,1.0
2020-07-27,16.9141,16.9141,16.9141,16.9141,1.0
2020-07-28,16.9128,16.9128,16.9128,16.9128,1.0
2020-07-29,17.0709,17.0709,17.0709,17.0709,1.0
2020-07-30,17.0643,17.0643,17.0643,17.0643,1.0
2020-07-31,17.254,17.254,17.254,17.254,1.0
2020-08-03,17.35,17.35,17.35,17.35,1.0
2020-08-04,17.2948,17.2948,17.2948,17.2948,1.0
2020-08-05,17.716,17.716,17.716,17.716,1.0
2020-08-06,17.8844,17.8844,17.8844,17.8844,1.0
2020-08-07,17.9997,17.9997,17.9997,17.9997,1.0
2020-08-10,17.7798,17.7798,17.7798,17.7798,1.0
2020-08-11,17.4125,17.4125,17.4125,17.4125,1.0
2020-08-12,16.76,16.76,16.76,16.76,1.0
2020-08-13,16.7795,16.7795,16.7795,16.7795,1.0
2020-08-14,16.9633,16.9633,16.9633,16.9633,1.0
2020-08-17,16.8892,16.8892,16.8892,16.8892,1.0
2020-08-18,17.3144,17.3144,17.3144,17.3144,1.0
2020-08-19,17.1697,17.1697,17.1697,17.1697,1.0
2020-08-20,16.7997,16.7997,16.7997,16.7997,1.0
2020-08-21,16.7575,16.7575,16.7575,16.7575,1.0
2020-08-24,16.7224,16.7224,16.7224,16.7224,1.0
2020-08-25,16.4848,16.4848,16.4848,16.4848,1.0
2020-08-26,16.4419,16.4419,16.4419,16.4419,1.0
2020-08-27,16.4856,16.4856,16.4856,16.4856,1.0
2020-08-28,16.5188,16.5188,16.5188,16.5188,1.0
2020-08-31,16.6048,16.6048,16.6048,16.6048,1.0
2020-09-01,16.6869,16.6869,16.6869,16.6869,1.0
2020-09-02,16.5008,16.5008,16.5008,16.5008,1.0
2020-09-03,16.3347,16.3347,16.3347,16.3347,1.0
2020-09-04,16.3889,16.3889,16.3889,16.3889,1.0
2020-09-07,16.3606,16.3606,16.3606,16.3606,1.0
2020-09-08,16.3959,16.3959,16.3959,16.3959,1.0
2020-09-09,16.4538,16.4538,16.4538,16.4538,1.0
2020-09-10,16.5583,16.5583,16.5583,16.5583,1.0
2020-09-11,16.5609,16.5609,16.5609,16.5609,1.0
2020-09-14,16.5239,16.5239,16.5239,16.5239,1.0
2020-09-15,16.7081,16.7081,16.7081,16.7081,1.0
2020-09-16,16.6268,16.6268,16.6268,16.6268,1.0
2020-09-17,16.4931,16.4931,16.4931,16.4931,1.0
2020-09-18,16.5817,16.5817,16.5817,16.5817,1.0
2020-09-21,16.4748,16.4748,16.4748,16.4748,1.0
2020-09-22,16.2352,16.2352,16.2352,16.2352,1.0
2020-09-23,16.1188,16.1188,16.1188,16.1188,1.0
2020-09-24,15.9397,15.9397,15.9397,15.9397,1.0
2020-09-25,16.0339,16.0339,16.0339,16.0339,1.0
2020-09-28,15.9125,15.9125,15.9125,15.9125,1.0
2020-09-29,16.2161,16.2161,16.2161,16.2161,1.0
2020-09-30,16.1576,16.1576,16.1576,16.1576,1.0
2020-10-01,16.1657,16.1657,16.1657,16.1657,1.0
2020-10-05,16.2285,16.2285,16.2285,16.2285,1.0
2020-10-06,16.3892,16.3892,16.3892,16.3892,1.0
2020-10-07,16.2477,16.2477,16.2477,16.2477,1.0
2020-10-08,16.1521,16.1521,16.1521,16.1521,1.0
2020-10-09,16.3064,16.3064,16.3064,16.3064,1.0
2020-10-12,16.4187,16.4187,16.4187,16.4187,1.0
2020-10-13,16.4015,16.4015,16.4015,16.4015,1.0
2020-10-14,16.2018,16.2018,16.2018,16.2018,1.0
2020-10-15,16.2261,16.2261,16.2261,16.2261,1.0
2020-10-16,16.3176,16.3176,16.3176,16.3176,1.0
2020-10-19,16.3325,16.3325,16.3325,16.3325,1.0
2020-10-20,16.306,16.306,16.306,16.306,1.0
2020-10-21,16.4549,16.4549,16.4549,16.4549,1.0
2020-10-22,16.4168,16.4168,16.4168,16.4168,1.0
2020-10-23,16.383,16.383,16.383,16.383,1.0
2020-10-26,16.3231,16.3231,16.3231,16.3231,1.0
2020-10-27,16.3418,16.3418,16.3418,16.3418,1.0
2020-10-28,16.3807,16.3807,16.3807,16.3807,1.0
2020-10-29,16.3048,16.3048,16.3048,16.3048,1.0
2020-11-02,16.3662,16.3662,16.3662,16.3662,1.0
2020-11-03,16.3834,16.3834,16.3834,16.3834,1.0
2020-11-04,16.4543,16.4543,16.4543,16.4543,1.0
2020-11-05,16.4375,16.4375,16.4375,16.4375,1.0
2020-11-06,16.7276,16.7276,16.7276,16.7276,1.0
2020-11-09,16.8022,16.8022,16.8022,16.8022,1.0
2020-11-10,16.2496,16.2496,16.2496,16.2496,1.0
2020-11-11,16.1948,16.1948,16.1948,16.1948,1.0
2020-11-12,16.2526,16.2526,16.2526,16.2526,1.0
2020-11-13,16.2769,16.2769,16.2769,16.2769,1.0
2020-11-17,16.3402,16.3402,16.3402,16.3402,1.0
2020-11-18,16.2293,16.2293,16.2293,16.2293,1.0
2020-11-19,16.0609,16.0609,16.0609,16.0609,1.0
2020-11-20,16.0896,16.0896,16.0896,16.0896,1.0
2020-11-23,16.1337,16.1337,16.1337,16.1337,1.0
2020-11-24,15.8026,15.8026,15.8026,15.8026,1.0
2020-11-25,15.7437,15.7437,15.7437,15.7437,1.0
2020-11-26,15.7438,15.7438,15.7438,15.7438,1.0
2020-11-27,15.6886,15.6886,15.6886,15.6886,1.0
2020-12-01,15.5114,15.5114,15.5114,15.5114,1.0
2020-12-02,15.6793,15.6793,15.6793,15.6793,1.0
2020-12-03,15.8272,15.8272,15.8272,15.8272,1.0
2020-12-04,15.8085,15.8085,15.8085,15.8085,1.0
2020-12-07,15.717,15.717,15.717,15.717,1.0
2020-12-08,15.9611,15.9611,15.9611,15.9611,1.0
2020-12-09,15.9032,15.9032,15.9032,15.9032,1.0
2020-12-10,15.7184,15.7184,15.7184,15.7184,1.0
2020-12-11,15.7217,15.7217,15.7217,15.7217,1.0
2020-12-14,15.6778,15.6778,15.6778,15.6778,1.0
2020-12-15,15.7176,15.7176,15.7176,15.7176,1.0
2020-12-16,15.9316,15.9316,15.9316,15.9316,1.0
2020-12-17,16.0273,16.0273,16.0273,16.0273,1.0
2020-12-18,16.0654,16.0654,16.0654,16.0654,1.0
2020-12-21,16.2048,16.2048,16.2048,16.2048,1.0
2020-12-22,16.0594,16.0594,16.0594,16.0594,1.0
2020-12-23,16.0394,16.0394,16.0394,16.0394,1.0
2020-12-24,16.0344,16.0344,16.0344,16.0344,1.0
2020-12-28,16.0803,16.0803,16.0803,16.0803,1.0
2020-12-29,16.0719,16.0719,16.0719,16.0719,1.0
2020-12-30,16.0048,16.0048,16.0048,16.0048,1.0
2020-12-31,16.1222,16.1222,16.1222,16.1222,1.0
2021-01-01,16.0852,16.0852,16.0852,16.0852,1.0
2021-01-04,16.3484,16.3484,16.3484,16.3484,1.0
2021-01-05,16.493,16.493,16.493,16.493,1.0
2021-01-06,16.5776,16.5776,16.5776,16.5776,1.0
2021-01-07,16.3443,16.3443,16.3443,16.3443,1.0
2021-01-08,16.126,16.126,16.126,16.126,1.0
2021-01-11,15.8614,15.8614,15.8614,15.8614,1.0
2021-01-12,15.9092,15.9092,15.9092,15.9092,1.0
2021-01-13,15.8164,15.8164,15.8164,15.8164,1.0
2021-01-14,15.7051,15.7051,15.7051,15.7051,1.0
2021-01-15,15.8223,15.8223,15.8223,15.8223,1.0
2021-01-18,15.6656,15.6656,15.6656,15.6656,1.0
2021-01-19,15.7244,15.7244,15.7244,15.7244,1.0
2021-01-20,15.7529,15.7529,15.7529,15.7529,1.0
2021-01-21,15.8789,15.8789,15.8789,15.8789,1.0
2021-01-22,15.7965,15.7965,15.7965,15.7965,1.0
2021-01-25,15.709,15.709,15.709,15.709,1.0
2021-01-27,15.6519,15.6519,15.6519,15.6519,1.0
2021-01-28,15.6539,15.6539,15.6539,15.6539,1.0
2021-01-29,15.6375,15.6375,15.6375,15.6375,1.0
2021-02-01,15.5516,15.5516,15.5516,15.5516,1.0
2021-02-02,15.4293,15.4293,15.4293,15.4293,1.0
2021-02-03,15.3304,15.3304,15.3304,15.3304,1.0
2021-02-04,15.1789,15.1789,15.1789,15.1789,1.0
2021-02-05,15.1216,15.1216,15.1216,15.1216,1.0
2021-02-08,15.1679,15.1679,15.1679,15.1679,1.0
2021-02-09,15.3646,15.3646,15.3646,15.3646,1.0
2021-02-10,15.3415,15.3415,15.3415,15.3415,1.0
2021-02-11,15.3358,15.3358,15.3358,15.3358,1.0
2021-02-12,15.1527,15.1527,15.1527,15.1527,1.0
2021-02-15,15.1281,15.1281,15.1281,15.1281,1.0
2021-02-16,15.185,15.185,15.185,15.185,1.0
2021-02-17,14.9492,14.9492,14.9492,14.9492,1.0
2021-02-18,14.9141,14.9141,14.9141,14.9141,1.0
2021-02-22,14.8808,14.8808,14.8808,14.8808,1.0
2021-02-23,14.9676,14.9676,14.9676,14.9676,1.0
2021-02-24,14.9535,14.9535,14.9535,14.9535,1.0
2021-02-25,14.8558,14.8558,14.8558,14.8558,1.0
2021-02-26,14.7906,14.7906,14.7906,14.7906,1.0
2021-03-01,14.7339,14.7339,14.7339,14.7339,1.0
2021-03-02,14.5647,14.5647,14.5647,14.5647,1.0
2021-03-03,14.474,14.474,14.474,14.474,1.0
2021-03-04,14.3669,14.3669,14.3669,14.3669,1.0
2021-03-05,14.2429,14.2429,14.2429,14.2429,1.0
2021-03-08,14.2599,14.2599,14.2599,14.2599,1.0
2021-03-09,14.3047,14.3047,14.3047,14.3047,1.0
2021-03-10,14.3317,14.3317,14.3317,14.3317,1.0
2021-03-12,14.2401,14.2401,14.2401,14.2401,1.0
2021-03-15,14.3934,14.3934,14.3934,14.3934,1.0
2021-03-16,14.42,14.42,14.42,14.42,1.0
2021-03-17,14.3959,14.3959,14.3959,14.3959,1.0
2021-03-18,14.3903,14.3903,14.3903,14.3903,1.0
2021-03-19,14.4161,14.4161,14.4161,14.4161,1.0
2021-03-22,14.2926,14.2926,14.2926,14.2926,1.0
2021-03-23,14.3318,14.3318,14.3318,14.3318,1.0
2021-03-24,14.3327,14.3327,14.3327,14.3327,1.0
2021-03-25,14.3151,14.3151,14.3151,14.3151,1.0
2021-03-26,14.3029,14.3029,14.3029,14.3029,1.0
2021-03-30,14.1713,14.1713,14.1713,14.1713,1.0
2021-03-31,14.129,14.129,14.129,14.129,1.0
2021-04-05,14.4656,14.4656,14.4656,14.4656,1.0
2021-04-06,14.5156,14.5156,14.5156,14.5156,1.0
2021-04-07,14.7362,14.7362,14.7362,14.7362,1.0
2021-04-08,14.8223,14.8223,14.8223,14.8223,1.0
2021-04-09,14.8759,14.8759,14.8759,14.8759,1.0
2021-04-12,14.8549,14.8549,14.8549,14.8549,1.0
2021-04-15,14.9734,14.9734,14.9734,14.9734,1.0
2021-04-16,15.0023,15.0023,15.0023,15.0023,1.0
2021-04-19,15.2518,15.2518,15.2518,15.2518,1.0
2021-04-20,15.1205,15.1205,15.1205,15.1205,1.0
2021-04-22,15.2433,15.2433,15.2433,15.2433,1.0
2021-04-23,15.2514,15.2514,15.2514,15.2514,1.0
2021-04-26,15.1472,15.1472,15.1472,15.1472,1.0
2021-04-27,15.1314,15.1314,15.1314,15.1314,1.0
2021-04-28,14.9644,14.9644,14.9644,14.9644,1.0
2021-04-29,14.9479,14.9479,14.9479,14.9479,1.0
2021-04-30,14.9244,14.9244,14.9244,14.9244,1.0
2021-05-03,14.9716,14.9716,14.9716,14.9716,1.0
2021-05-04,14.9991,14.9991,14.9991,14.9991,1.0
2021-05-05,14.9271,14.9271,14.9271,14.9271,1.0
2021-05-06,15.0223,15.0223,15.0223,15.0223,1.0
2021-05-07,15.1637,15.1637,15.1637,15.1637,1.0
2021-05-10,15.2422,15.2422,15.2422,15.2422,1.0
2021-05-11,15.23,15.23,15.23,15.23,1.0
2021-05-12,15.2253,15.2253,15.2253,15.2253,1.0
2021-05-14,15.2337,15.2337,15.2337,15.2337,1.0
2021-05-17,15.3609,15.3609,15.3609,15.3609,1.0
2021-05-18,15.4531,15.4531,15.4531,15.4531,1.0
2021-05-19,15.4162,15.4162,15.4162,15.4162,1.0
2021-05-20,15.4947,15.4947,15.4947,15.4947,1.0
2021-05-21,15.4865,15.4865,15.4865,15.4865,1.0
2021-05-24,15.491,15.491,15.491,15.491,1.0
2021-05-25,15.4882,15.4882,15.4882,15.4882,1.0
2021-05-27,15.5313,15.5313,15.5313,15.5313,1.0
2021-05-28,15.4971,15.4971,15.4971,15.4971,1.0
2021-05-31,15.6382,15.6382,15.6382,15.6382,1.0
2021-06-01,15.7455,15.7455,15.7455,15.7455,1.0
2021-06-02,15.6386,15.6386,15.6386,15.6386,1.0
2021-06-03,15.5957,15.5957,15.5957,15.5957,1.0
2021-06-04,15.4736,15.4736,15.4736,15.4736,1.0
2021-06-07,15.5229,15.5229,15.5229,15.5229,1.0
2021-06-08,15.5861,15.5861,15.5861,15.5861,1.0
2021-06-09,15.5981,15.5981,15.5981,15.5981,1.0
2021-06-10,15.5571,15.5571,15.5571,15.5571,1.0
2021-06-11,15.6585,15.6585,15.6585,15.6585,1.0
2021-06-14,15.4359,15.4359,15.4359,15.4359,1.0
2021-06-15,15.4697,15.4697,15.4697,15.4697,1.0
2021-06-16,15.4421,15.4421,15.4421,15.4421,1.0
2021-06-17,15.18,15.18,15.18,15.18,1.0
2021-06-18,15.0807,15.0807,15.0807,15.0807,1.0
2021-06-21,15.0239,15.0239,15.0239,15.0239,1.0
2021-06-22,15.0187,15.0187,15.0187,15.0187,1.0
2021-06-23,15.0374,15.0374,15.0374,15.0374,1.0
2021-06-24,15.0216,15.0216,15.0216,15.0216,1.0
2021-06-25,15.0392,15.0392,15.0392,15.0392,1.0
2021-06-28,15.0024,15.0024,15.0024,15.0024,1.0
2021-06-29,14.9429,14.9429,14.9429,14.9429,1.0
2021-06-30,14.862,14.862,14.862,14.862,1.0
2021-07-01,15.0108,15.0108,15.0108,15.0108,1.0
2021-07-02,15.1265,15.1265,15.1265,15.1265,1.0
2021-07-05,15.1517,15.1517,15.1517,15.1517,1.0
2021-07-06,15.2867,15.2867,15.2867,15.2867,1.0
2021-07-07,15.316,15.316,15.316,15.316,1.0
2021-07-08,15.3116,15.3116,15.3116,15.3116,1.0
2021-07-09,15.2946,15.2946,15.2946,15.2946,1.0
2021-07-12,15.236,15.236,15.236,15.236,1.0
2021-07-13,15.2769,15.2769,15.2769,15.2769,1.0
2021-07-14,15.3216,15.3216,15.3216,15.3216,1.0
2021-07-15,15.4084,15.4084,15.4084,15.4084,1.0
2021-07-16,15.39,15.39,15.39,15.39,1.0
2021-07-19,15.2819,15.2819,15.2819,15.2819,1.0
2021-07-20,15.2947,15.2947,15.2947,15.2947,1.0
2021-07-22,15.183,15.183,15.183,15.183,1.0
2021-07-23,15.2146,15.2146,15.2146,15.2146,1.0
2021-07-26,15.2071,15.2071,15.2071,15.2071,1.0
2021-07-27,15.204,15.204,15.204,15.204,1.0
2021-07-28,15.1932,15.1932,15.1932,15.1932,1.0
2021-07-29,15.3368,15.3368,15.3368,15.3368,1.0
2021-07-30,15.3989,15.3989,15.3989,15.3989,1.0
2021-08-02,15.2799,15.2799,15.2799,15.2799,1.0
2021-08-03,15.3101,15.3101,15.3101,15.3101,1.0
2021-08-04,15.3125,15.3125,15.3125,15.3125,1.0
2021-08-05,15.2791,15.2791,15.2791,15.2791,1.0
2021-08-06,15.2256,15.2256,15.2256,15.2256,1.0
2021-08-09,14.8544,14.8544,14.8544,14.8544,1.0
2021-08-10,14.7947,14.7947,14.7947,14.7947,1.0
2021-08-11,14.8257,14.8257,14.8257,14.8257,1.0
2021-08-12,14.9392,14.9392,14.9392,14.9392,1.0
2021-08-13,14.9089,14.9089,14.9089,14.9089,1.0
2021-08-17,15.1428,15.1428,15.1428,15.1428,1.0
2021-08-18,15.0984,15.0984,15.0984,15.0984,1.0
2021-08-20,15.0796,15.0796,15.0796,15.0796,1.0
2021-08-23,15.07,15.07,15.07,15.07,1.0
2021-08-24,15.1334,15.1334,15.1334,15.1334,1.0
2021-08-25,15.0838,15.0838,15.0838,15.0838,1.0
2021-08-26,14.989,14.989,14.989,14.989,1.0
2021-08-27,15.0391,15.0391,15.0391,15.0391,1.0
2021-08-30,15.0829,15.0829,15.0829,15.0829,1.0
2021-08-31,15.0298,15.0298,15.0298,15.0298,1.0
2021-09-01,15.051,15.051,15.051,15.051,1.0
2021-09-02,15.0726,15.0726,15.0726,15.0726,1.0
2021-09-03,15.0421,15.0421,15.0421,15.0421,1.0
2021-09-06,15.1569,15.1569,15.1569,15.1569,1.0
2021-09-07,15.115,15.115,15.115,15.115,1.0
2021-09-08,15.0392,15.0392,15.0392,15.0392,1.0
2021-09-09,15.0067,15.0067,15.0067,15.0067,1.0
2021-09-13,14.9837,14.9837,14.9837,14.9837,1.0
2021-09-14,14.9785,14.9785,14.9785,14.9785,1.0
2021-09-15,15.0696,15.0696,15.0696,15.0696,1.0
2021-09-16,14.9134,14.9134,14.9134,14.9134,1.0
2021-09-17,14.8022,14.8022,14.8022,14.8022,1.0
2021-09-20,14.7989,14.7989,14.7989,14.7989,1.0
2021-09-21,14.8056,14.8056,14.8056,14.8056,1.0
2021-09-22,14.9343,14.9343,14.9343,14.9343,1.0
2021-09-23,14.8303,14.8303,14.8303,14.8303,1.0
2021-09-24,14.7211,14.7211,14.7211,14.7211,1.0
2021-09-27,14.7047,14.7047,14.7047,14.7047,1.0
2021-09-28,14.7102,14.7102,14.7102,14.7102,1.0
2021-09-29,14.7392,14.7392,14.7392,14.7392,1.0
2021-09-30,14.643,14.643,14.643,14.643,1.0
2021-10-01,14.8052,14.8052,14.8052,14.8052,1.0
2021-10-04,14.7816,14.7816,14.7816,14.7816,1.0
2021-10-05,14.8715,14.8715,14.8715,14.8715,1.0
2021-10-06,14.884,14.884,14.884,14.884,1.0
2021-10-07,14.9194,14.9194,14.9194,14.9194,1.0
2021-10-08,14.9255,14.9255,14.9255,14.9255,1.0
2021-10-11,14.9566,14.9566,14.9566,14.9566,1.0
2021-10-12,15.0341,15.0341,15.0341,15.0341,1.0
2021-10-13,15.0459,15.0459,15.0459,15.0459,1.0
2021-10-14,15.2354,15.2354,15.2354,15.2354,1.0
2021-10-18,15.0629,15.0629,15.0629,15.0629,1.0
2021-10-20,15.1114,15.1114,15.1114,15.1114,1.0
2021-10-21,15.116,15.116,15.116,15.116,1.0
2021-10-22,15.1551,15.1551,15.1551,15.1551,1.0
2021-10-25,15.2452,15.2452,15.2452,15.2452,1.0
2021-10-26,15.3105,15.3105,15.3105,15.3105,1.0
2021-10-27,15.17,15.17,15.17,15.17,1.0
2021-10-28,15.2498,15.2498,15.2498,15.2498,1.0
2021-10-29,15.2548,15.2548,15.2548,15.2548,1.0
2021-11-01,15.1704,15.1704,15.1704,15.1704,1.0
2021-11-02,15.2535,15.2535,15.2535,15.2535,1.0
2021-11-03,15.0833,15.0833,15.0833,15.0833,1.0
2021-11-08,15.2544,15.2544,15.2544,15.2544,1.0
2021-11-09,15.3372,15.3372,15.3372,15.3372,1.0
2021-11-10,15.3596,15.3596,15.3596,15.3596,1.0
2021-11-11,15.6869,15.6869,15.6869,15.6869,1.0
2021-11-12,15.6111,15.6111,15.6111,15.6111,1.0
2021-11-15,15.6468,15.6468,15.6468,15.6468,1.0
2021-11-16,15.7374,15.7374,15.7374,15.7374,1.0
2021-11-17,15.6441,15.6441,15.6441,15.6441,1.0
2021-11-18,15.6806,15.6806,15.6806,15.6806,1.0
2021-11-22,15.5389,15.5389,15.5389,15.5389,1.0
2021-11-23,15.2084,15.2084,15.2084,15.2084,1.0
2021-11-24,15.1738,15.1738,15.1738,15.1738,1.0
2021-11-25,15.2131,15.2131,15.2131,15.2131,1.0
2021-11-26,15.3528,15.3528,15.3528,15.3528,1.0
2021-11-29,15.3428,15.3428,15.3428,15.3428,1.0
2021-11-30,15.2709,15.2709,15.2709,15.2709,1.0
2021-12-01,15.151,15.151,15.151,15.151,1.0
2021-12-02,15.1096,15.1096,15.1096,15.1096,1.0
2021-12-03,15.1129,15.1129,15.1129,15.1129,1.0
2021-12-06,15.1924,15.1924,15.1924,15.1924,1.0
2021-12-07,15.1402,15.1402,15.1402,15.1402,1.0
2021-12-08,15.2779,15.2779,15.2779,15.2779,1.0
2021-12-09,15.196,15.196,15.196,15.196,1.0
2021-12-10,15.1715,15.1715,15.1715,15.1715,1.0
2021-12-13,15.2917,15.2917,15.2917,15.2917,1.0
2021-12-14,15.2867,15.2867,15.2867,15.2867,1.0
2021-12-15,15.2452,15.2452,15.2452,15.2452,1.0
2021-12-16,15.3799,15.3799,15.3799,15.3799,1.0
2021-12-17,15.4793,15.4793,15.4793,15.4793,1.0
2021-12-20,15.3844,15.3844,15.3844,15.3844,1.0
2021-12-21,15.3031,15.3031,15.3031,15.3031,1.0
2021-12-22,15.2991,15.2991,15.2991,15.2991,1.0
2021-12-23,15.3433,15.3433,15.3433,15.3433,1.0
2021-12-24,15.3056,15.3056,15.3056,15.3056,1.0
2021-12-27,15.3105,15.3105,15.3105,15.3105,1.0
2021-12-28,15.3602,15.3602,15.3602,15.3602,1.0
2021-12-29,15.2707,15.2707,15.2707,15.2707,1.0
2021-12-30,15.1667,15.1667,15.1667,15.1667,1.0
2021-12-31,15.2617,15.2617,15.2617,15.2617,1.0
2022-01-03,15.325,15.325,15.325,15.325,1.0
2022-01-04,15.2496,15.2496,15.2496,15.2496,1.0
2022-01-05,15.2691,15.2691,15.2691,15.2691,1.0
2022-01-06,15.1797,15.1797,15.1797,15.1797,1.0
2022-01-07,15.108,15.108,15.108,15.108,1.0
2022-01-10,15.09,15.09,15.09,15.09,1.0
2022-01-11,15.1796,15.1796,15.1796,15.1796,1.0
2022-01-12,15.2118,15.2118,15.2118,15.2118,1.0
2022-01-13,15.2225,15.2225,15.2225,15.2225,1.0
2022-01-14,15.287,15.287,15.287,15.287,1.0
2022-01-17,15.2546,15.2546,15.2546,15.2546,1.0
2022-01-18,15.251,15.251,15.251,15.251,1.0
2022-01-19,15.2689,15.2689,15.2689,15.2689,1.0
2022-01-20,15.4446,15.4446,15.4446,15.4446,1.0
2022-01-21,15.3657,15.3657,15.3657,15.3657,1.0
2022-01-24,15.4624,15.4624,15.4624,15.4624,1.0
2022-01-25,15.4552,15.4552,15.4552,15.4552,1.0
2022-01-27,15.3368,15.3368,15.3368,15.3368,1.0
2022-01-28,15.2041,15.2041,15.2041,15.2041,1.0
2022-01-31,15.1144,15.1144,15.1144,15.1144,1.0
2022-02-01,15.2863,15.2863,15.2863,15.2863,1.0
2022-02-02,15.2612,15.2612,15.2612,15.2612,1.0
2022-02-03,15.2827,15.2827,15.2827,15.2827,1.0
2022-02-04,15.3006,15.3006,15.3006,15.3006,1.0
2022-02-08,15.3686,15.3686,15.3686,15.3686,1.0
2022-02-09,15.4151,15.4151,15.4151,15.4151,1.0
2022-02-10,15.476,15.476,15.476,15.476,1.0
2022-02-11,15.4975,15.4975,15.4975,15.4975,1.0
2022-02-14,15.7662,15.7662,15.7662,15.7662,1.0
2022-02-15,15.691,15.691,15.691,15.691,1.0
2022-02-16,15.6443,15.6443,15.6443,15.6443,1.0
2022-02-17,15.9132,15.9132,15.9132,15.9132,1.0
2022-02-18,15.8451,15.8451,15.8451,15.8451,1.0
2022-02-21,15.8021,15.8021,15.8021,15.8021,1.0
2022-02-22,15.9203,15.9203,15.9203,15.9203,1.0
2022-02-23,15.8271,15.8271,15.8271,15.8271,1.0
2022-02-24,16.3755,16.3755,16.3755,16.3755,1.0
2022-02-25,15.9925,15.9925,15.9925,15.9925,1.0
2022-02-28,15.9764,15.9764,15.9764,15.9764,1.0
2022-03-02,16.2858,16.2858,16.2858,16.2858,1.0
2022-03-03,16.2827,16.2827,16.2827,16.2827,1.0
2022-03-04,16.3622,16.3622,16.3622,16.3622,1.0
2022-03-07,16.9201,16.9201,16.9201,16.9201,1.0
2022-03-08,16.8346,16.8346,16.8346,16.8346,1.0
2022-03-09,16.7311,16.7311,16.7311,16.7311,1.0
2022-03-10,16.3652,16.3652,16.3652,16.3652,1.0
2022-03-11,16.5093,16.5093,16.5093,16.5093,1.0
2022-03-14,16.303,16.303,16.303,16.303,1.0
2022-03-15,16.239,16.239,16.239,16.239,1.0
2022-03-16,16.2002,16.2002,16.2002,16.2002,1.0
2022-03-17,16.2437,16.2437,16.2437,16.2437,1.0
2022-03-21,16.1705,16.1705,16.1705,16.1705,1.0
2022-03-22,16.2463,16.2463,16.2463,16.2463,1.0
2022-03-23,16.2756,16.2756,16.2756,16.2756,1.0
2022-03-24,16.3478,16.3478,16.3478,16.3478,1.0
2022-03-25,16.3878,16.3878,16.3878,16.3878,1.0
2022-03-28,16.2843,16.2843,16.2843,16.2843,1.0
2022-03-29,16.2233,16.2233,16.2233,16.2233,1.0
2022-03-30,16.2556,16.2556,16.2556,16.2556,1.0
2022-03-31,16.2842,16.2842,16.2842,16.2842,1.0
2022-04-04,16.2338,16.2338,16.2338,16.2338,1.0
2022-04-05,16.3271,16.3271,16.3271,16.3271,1.0
2022-04-06,16.3737,16.3737,16.3737,16.3737,1.0
2022-04-07,16.37,16.37,16.37,16.37,1.0
2022-04-08,16.4238,16.4238,16.4238,16.4238,1.0
2022-04-11,16.6245,16.6245,16.6245,16.6245,1.0
2022-04-12,16.6065,16.6065,16.6065,16.6065,1.0
2022-04-13,16.7894,16.7894,16.7894,16.7894,1.0
2022-04-18,16.9362,16.9362,16.9362,16.9362,1.0
2022-04-19,16.9255,16.9255,16.9255,16.9255,1.0
2022-04-20,16.635,16.635,16.635,16.635,1.0
2022-04-21,16.6636,16.6636,16.6636,16.6636,1.0
2022-04-22,16.7317,16.7317,16.7317,16.7317,1.0
2022-04-25,16.56,16.56,16.56,16.56,1.0
2022-04-26,16.4849,16.4849,16.4849,16.4849,1.0
2022-04-27,16.4311,16.4311,16.4311,16.4311,1.0
2022-04-28,16.3127,16.3127,16.3127,16.3127,1.0
2022-04-29,16.4991,16.4991,16.4991,16.4991,1.0
2022-05-02,16.248,16.248,16.248,16.248,1.0
2022-05-04,16.1763,16.1763,16.1763,16.1763,1.0
2022-05-05,16.3661,16.3661,16.3661,16.3661,1.0
2022-05-06,16.4091,16.4091,16.4091,16.4091,1.0
2022-05-09,16.3874,16.3874,16.3874,16.3874,1.0
2022-05-10,16.2906,16.2906,16.2906,16.2906,1.0
2022-05-11,16.2334,16.2334,16.2334,16.2334,1.0
2022-05-12,16.2369,16.2369,16.2369,16.2369,1.0
2022-05-13,15.9679,15.9679,15.9679,15.9679,1.0
2022-05-17,16.0359,16.0359,16.0359,16.0359,1.0
2022-05-18,15.9965,15.9965,15.9965,15.9965,1.0
2022-05-19,16.0646,16.0646,16.0646,16.0646,1.0
2022-05-20,16.2044,16.2044,16.2044,16.2044,1.0
2022-05-23,16.2724,16.2724,16.2724,16.2724,1.0
2022-05-24,16.2939,16.2939,16.2939,16.2939,1.0
2022-05-25,16.2436,16.2436,16.2436,16.2436,1.0
2022-05-26,16.1755,16.1755,16.1755,16.1755,1.0
2022-05-27,16.2507,16.2507,16.2507,16.2507,1.0
2022-05-30,16.1861,16.1861,16.1861,16.1861,1.0
2022-05-31,16.1717,16.1717,16.1717,16.1717,1.0
2022-06-01,16.0068,16.0068,16.0068,16.0068,1.0
2022-06-02,16.2433,16.2433,16.2433,16.2433,1.0
2022-06-03,16.2647,16.2647,16.2647,16.2647,1.0
2022-06-06,16.2288,16.2288,16.2288,16.2288,1.0
2022-06-07,16.157,16.157,16.157,16.157,1.0
2022-06-08,16.2035,16.2035,16.2035,16.2035,1.0
2022-06-09,16.2107,16.2107,16.2107,16.2107,1.0
2022-06-10,16.1963,16.1963,16.1963,16.1963,1.0
2022-06-13,16.3,16.3,16.3,16.3,1.0
2022-06-14,16.0669,16.0669,16.0669,16.0669,1.0
2022-06-15,16.0597,16.0597,16.0597,16.0597,1.0
2022-06-16,16.1206,16.1206,16.1206,16.1206,1.0
2022-06-17,16.2317,16.2317,16.2317,16.2317,1.0
2022-06-20,16.1563,16.1563,16.1563,16.1563,1.0
2022-06-21,16.1132,16.1132,16.1132,16.1132,1.0
2022-06-22,16.0954,16.0954,16.0954,16.0954,1.0
2022-06-23,16.1386,16.1386,16.1386,16.1386,1.0
2022-06-24,16.0921,16.0921,16.0921,16.0921,1.0
2022-06-27,16.1894,16.1894,16.1894,16.1894,1.0
2022-06-28,16.2254,16.2254,16.2254,16.2254,1.0
2022-06-29,16.1825,16.1825,16.1825,16.1825,1.0
2022-06-30,16.154,16.154,16.154,16.154,1.0
2022-07-01,16.3907,16.3907,16.3907,16.3907,1.0
2022-07-04,16.4521,16.4521,16.4521,16.4521,1.0
2022-07-05,16.4842,16.4842,16.4842,16.4842,1.0
2022-07-06,16.2979,16.2979,16.2979,16.2979,1.0
2022-07-07,16.0902,16.0902,16.0902,16.0902,1.0
2022-07-08,16.101,16.101,16.101,16.101,1.0
2022-07-11,16.0943,16.0943,16.0943,16.0943,1.0
2022-07-12,16.159,16.159,16.159,16.159,1.0
2022-07-13,16.1949,16.1949,16.1949,16.1949,1.0
2022-07-14,16.1162,16.1162,16.1162,16.1162,1.0
2022-07-15,16.0841,16.0841,16.0841,16.0841,1.0
2022-07-18,16.1849,16.1849,16.1849,16.1849,1.0
2022-07-19,16.16,16.16,16.16,16.16,1.0
2022-07-20,16.1458,16.1458,16.1458,16.1458,1.0
2022-07-21,16.1352,16.1352,16.1352,16.1352,1.0
2022-07-22,16.2139,16.2139,16.2139,16.2139,1.0
2022-07-25,16.1852,16.1852,16.1852,16.1852,1.0
2022-07-26,16.1099,16.1099,16.1099,16.1099,1.0
2022-07-27,16.0812,16.0812,16.0812,16.0812,1.0
2022-07-28,16.2031,16.2031,16.2031,16.2031,1.0
2022-07-29,16.2282,16.2282,16.2282,16.2282,1.0
2022-08-01,16.2675,16.2675,16.2675,16.2675,1.0
2022-08-02,16.2747,16.2747,16.2747,16.2747,1.0
2022-08-03,16.2854,16.2854,16.2854,16.2854,1.0
2022-08-04,16.393,16.393,16.393,16.393,1.0
2022-08-05,16.4396,16.4396,16.4396,16.4396,1.0
2022-08-08,16.382,16.382,16.382,16.382,1.0
2022-08-10,16.5326,16.5326,16.5326,16.5326,1.0
2022-08-11,16.5505,16.5505,16.5505,16.5505,1.0
2022-08-12,16.6042,16.6042,16.6042,16.6042,1.0
2022-08-17,16.4139,16.4139,16.4139,16.4139,1.0
2022-08-18,16.4497,16.4497,16.4497,16.4497,1.0
2022-08-19,16.3061,16.3061,16.3061,16.3061,1.0
2022-08-22,16.2199,16.2199,16.2199,16.2199,1.0
2022-08-23,16.2414,16.2414,16.2414,16.2414,1.0
2022-08-24,16.2665,16.2665,16.2665,16.2665,1.0
2022-08-25,16.3849,16.3849,16.3849,16.3849,1.0
2022-08-26,16.3347,16.3347,16.3347,16.3347,1.0
2022-08-29,16.1158,16.1158,16.1158,16.1158,1.0
2022-08-30,16.1373,16.1373,16.1373,16.1373,1.0
2022-09-01,15.9469,15.9469,15.9469,15.9469,1.0
2022-09-02,15.9397,15.9397,15.9397,15.9397,1.0
2022-09-05,16.0399,16.0399,16.0399,16.0399,1.0
2022-09-06,16.0327,16.0327,16.0327,16.0327,1.0
2022-09-07,16.0004,16.0004,16.0004,16.0004,1.0
2022-09-08,16.0327,16.0327,16.0327,16.0327,1.0
2022-09-09,16.0757,16.0757,16.0757,16.0757,1.0
2022-09-12,16.011,16.011,16.011,16.011,1.0
2022-09-13,15.9966,15.9966,15.9966,15.9966,1.0
2022-09-14,15.8637,15.8637,15.8637,15.8637,1.0
2022-09-15,15.8099,15.8099,15.8099,15.8099,1.0
2022-09-16,15.5802,15.5802,15.5802,15.5802,1.0
2022-09-19,15.5873,15.5873,15.5873,15.5873,1.0
2022-09-20,15.6339,15.6339,15.6339,15.6339,1.0
2022-09-21,15.7271,15.7271,15.7271,15.7271,1.0
2022-09-22,15.8849,15.8849,15.8849,15.8849,1.0
2022-09-23,15.7235,15.7235,15.7235,15.7235,1.0
2022-09-26,15.6696,15.6696,15.6696,15.6696,1.0
2022-09-27,15.6839,15.6839,15.6839,15.6839,1.0
2022-09-28,15.6695,15.6695,15.6695,15.6695,1.0
2022-09-29,15.8127,15.8127,15.8127,15.8127,1.0
2022-09-30,15.8879,15.8879,15.8879,15.8879,1.0
2022-10-03,15.9523,15.9523,15.9523,15.9523,1.0
2022-10-04,16.2067,16.2067,16.2067,16.2067,1.0
2022-10-06,16.29,16.29,16.29,16.29,1.0
2022-10-07,16.3903,16.3903,16.3903,16.3903,1.0
2022-10-10,16.0819,16.0819,16.0819,16.0819,1.0
2022-10-11,16.0174,16.0174,16.0174,16.0174,1.0
2022-10-12,16.0603,16.0603,16.0603,16.0603,1.0
2022-10-13,16.1212,16.1212,16.1212,16.1212,1.0
2022-10-14,15.9706,15.9706,15.9706,15.9706,1.0
2022-10-17,15.9204,15.9204,15.9204,15.9204,1.0
2022-10-18,15.9131,15.9131,15.9131,15.9131,1.0
2022-10-19,15.9346,15.9346,15.9346,15.9346,1.0
2022-10-20,15.8916,15.8916,15.8916,15.8916,1.0
2022-10-21,15.8127,15.8127,15.8127,15.8127,1.0
2022-10-25,16.0742,16.0742,16.0742,16.0742,1.0
2022-10-27,16.0347,16.0347,16.0347,16.0347,1.0
2022-10-28,15.9988,15.9988,15.9988,15.9988,1.0
2022-10-31,15.9342,15.9342,15.9342,15.9342,1.0
2022-11-01,15.9986,15.9986,15.9986,15.9986,1.0
2022-11-02,16.0774,16.0774,16.0774,16.0774,1.0
2022-11-03,15.873,15.873,15.873,15.873,1.0
2022-11-04,15.9339,15.9339,15.9339,15.9339,1.0
2022-11-07,16.0844,16.0844,16.0844,16.0844,1.0
2022-11-09,16.1596,16.1596,16.1596,16.1596,1.0
2022-11-10,16.2277,16.2277,16.2277,16.2277,1.0
2022-11-11,16.507,16.507,16.507,16.507,1.0
2022-11-14,16.5177,16.5177,16.5177,16.5177,1.0
2022-11-15,16.6576,16.6576,16.6576,16.6576,1.0
2022-11-16,16.7507,16.7507,16.7507,16.7507,1.0
2022-11-17,16.6396,16.6396,16.6396,16.6396,1.0
2022-11-18,16.6468,16.6468,16.6468,16.6468,1.0
2022-11-21,16.5177,16.5177,16.5177,16.5177,1.0
2022-11-22,16.5785,16.5785,16.5785,16.5785,1.0
2022-11-23,16.4781,16.4781,16.4781,16.4781,1.0
2022-11-24,16.6573,16.6573,16.6573,16.6573,1.0
2022-11-25,16.5748,16.5748,16.5748,16.5748,1.0
2022-11-28,16.6428,16.6428,16.6428,16.6428,1.0
2022-11-29,16.6535,16.6535,16.6535,16.6535,1.0
2022-11-30,16.6499,16.6499,16.6499,16.6499,1.0
2022-12-01,16.718,16.718,16.718,16.718,1.0
2022-12-02,16.958,16.958,16.958,16.958,1.0
2022-12-05,17.0403,17.0403,17.0403,17.0403,1.0
2022-12-06,16.9113,16.9113,16.9113,16.9113,1.0
2022-12-07,16.9149,16.9149,16.9149,16.9149,1.0
2022-12-08,16.9615,16.9615,16.9615,16.9615,1.0
2022-12-09,16.9507,16.9507,16.9507,16.9507,1.0
2022-12-12,17.0079,17.0079,17.0079,17.0079,1.0
2022-12-13,17.0401,17.0401,17.0401,17.0401,1.0
2022-12-14,17.1654,17.1654,17.1654,17.1654,1.0
2022-12-15,17.0004,17.0004,17.0004,17.0004,1.0
2022-12-16,17.0505,17.0505,17.0505,17.0505,1.0
2022-12-19,17.1364,17.1364,17.1364,17.1364,1.0
2022-12-20,17.1938,17.1938,17.1938,17.1938,1.0
2022-12-21,17.226,17.226,17.226,17.226,1.0
2022-12-22,17.2869,17.2869,17.2869,17.2869,1.0
2022-12-23,17.129,17.129,17.129,17.129,1.0
2022-12-26,17.1468,17.1468,17.1468,17.1468,1.0
2022-12-27,17.308,17.308,17.308,17.308,1.0
2022-12-28,17.2005,17.2005,17.2005,17.2005,1.0
2022-12-29,17.1718,17.1718,17.1718,17.1718,1.0
2022-12-30,17.2472,17.2472,17.2472,17.2472,1.0
2023-01-02,17.3618,17.3618,17.3618,17.3618,1.0
2023-01-03,17.5802,17.5802,17.5802,17.5802,1.0
2023-01-04,17.7448,17.7448,17.7448,17.7448,1.0
2023-01-05,17.5334,17.5334,17.5334,17.5334,1.0
2023-01-06,17.4544,17.4544,17.4544,17.4544,1.0
2023-01-09,17.7122,17.7122,17.7122,17.7122,1.0
2023-01-10,17.6513,17.6513,17.6513,17.6513,1.0
2023-01-11,17.7014,17.7014,17.7014,17.7014,1.0
2023-01-12,17.6835,17.6835,17.6835,17.6835,1.0
2023-01-13,17.7623,17.7623,17.7623,17.7623,1.0
2023-01-16,17.8983,17.8983,17.8983,17.8983,1.0
2023-01-17,17.9018,17.9018,17.9018,17.9018,1.0
2023-01-18,17.8373,17.8373,17.8373,17.8373,1.0
2023-01-19,17.8588,17.8588,17.8588,17.8588,1.0
2023-01-20,17.9806,17.9806,17.9806,17.9806,1.0
2023-01-23,17.984,17.984,17.984,17.984,1.0
2023-01-24,18.0592,18.0592,18.0592,18.0592,1.0
2023-01-25,17.9367,17.9367,17.9367,17.9367,1.0
2023-01-27,17.9582,17.9582,17.9582,17.9582,1.0
2023-01-30,17.9366,17.9366,17.9366,17.9366,1.0
2023-01-31,17.8864,17.8864,17.8864,17.8864,1.0
2023-02-01,18.1443,18.1443,18.1443,18.1443,1.0
2023-02-02,18.5488,18.5488,18.5488,18.5488,1.0
2023-02-03,18.2266,18.2266,18.2266,18.2266,1.0
2023-02-06,18.0653,18.0653,18.0653,18.0653,1.0
2023-02-07,18.0581,18.0581,18.0581,18.0581,1.0
2023-02-08,18.1619,18.1619,18.1619,18.1619,1.0
2023-02-09,18.1368,18.1368,18.1368,18.1368,1.0
2023-02-10,17.9323,17.9323,17.9323,17.9323,1.0
2023-02-13,17.9286,17.9286,17.9286,17.9286,1.0
2023-02-14,17.9465,17.9465,17.9465,17.9465,1.0
2023-02-15,17.7889,17.7889,17.7889,17.7889,1.0
2023-02-16,17.771,17.771,17.771,17.771,1.0
2023-02-17,17.6456,17.6456,17.6456,17.6456,1.0
2023-02-20,17.821,17.821,17.821,17.821,1.0
2023-02-21,17.7458,17.7458,17.7458,17.7458,1.0
2023-02-22,17.7099,17.7099,17.7099,17.7099,1.0
2023-02-23,17.6311,17.6311,17.6311,17.6311,1.0
2023-02-24,17.6239,17.6239,17.6239,17.6239,1.0
2023-02-27,17.4733,17.4733,17.4733,17.4733,1.0
2023-02-28,17.5055,17.5055,17.5055,17.5055,1.0
2023-03-01,17.5986,17.5986,17.5986,17.5986,1.0
2023-03-02,17.6344,17.6344,17.6344,17.6344,1.0
2023-03-03,17.6522,17.6522,17.6522,17.6522,1.0
2023-03-06,17.6235,17.6235,17.6235,17.6235,1.0
2023-03-08,17.4194,17.4194,17.4194,17.4194,1.0
2023-03-09,17.4911,17.4911,17.4911,17.4911,1.0
2023-03-10,17.5627,17.5627,17.5627,17.5627,1.0
2023-03-13,17.8992,17.8992,17.8992,17.8992,1.0
2023-03-14,18.0995,18.0995,18.0995,18.0995,1.0
2023-03-15,18.0278,18.0278,18.0278,18.0278,1.0
2023-03-16,18.3179,18.3179,18.3179,18.3179,1.0
2023-03-17,18.2677,18.2677,18.2677,18.2677,1.0
2023-03-20,18.6583,18.6583,18.6583,18.6583,1.0
2023-03-21,18.5652,18.5652,18.5652,18.5652,1.0
2023-03-23,18.5362,18.5362,18.5362,18.5362,1.0
2023-03-24,18.726,18.726,18.726,18.726,1.0
2023-03-27,18.5934,18.5934,18.5934,18.5934,1.0
2023-03-28,18.4751,18.4751,18.4751,18.4751,1.0
2023-03-29,18.6937,18.6937,18.6937,18.6937,1.0
2023-03-31,18.8941,18.8941,18.8941,18.8941,1.0
2023-04-03,18.7087,18.7087,18.7087,18.7087,1.0
2023-04-05,19.1561,19.1561,19.1561,19.1561,1.0
2023-04-06,18.9977,18.9977,18.9977,18.9977,1.0
2023-04-10,18.9296,18.9296,18.9296,18.9296,1.0
2023-04-11,18.9797,18.9797,18.9797,18.9797,1.0
2023-04-12,19.0191,19.0191,19.0191,19.0191,1.0
2023-04-13,19.0943,19.0943,19.0943,19.0943,1.0
2023-04-17,19.0332,19.0332,19.0332,19.0332,1.0
2023-04-18,19.0081,19.0081,19.0081,19.0081,1.0
2023-04-19,18.8112,18.8112,18.8112,18.8112,1.0
2023-04-20,18.9653,18.9653,18.9653,18.9653,1.0
2023-04-21,18.9299,18.9299,18.9299,18.9299,1.0
2023-04-24,18.8703,18.8703,18.8703,18.8703,1.0
2023-04-25,18.9424,18.9424,18.9424,18.9424,1.0
2023-04-26,18.9822,18.9822,18.9822,18.9822,1.0
2023-04-27,18.9719,18.9719,18.9719,18.9719,1.0
2023-04-28,18.9115,18.9115,18.9115,18.9115,1.0
2023-05-02,18.9383,18.9383,18.9383,18.9383,1.0
2023-05-03,19.1642,19.1642,19.1642,19.1642,1.0
2023-05-04,19.3543,19.3543,19.3543,19.3543,1.0
2023-05-08,19.2092,19.2092,19.2092,19.2092,1.0
2023-05-09,19.317,19.317,19.317,19.317,1.0
2023-05-10,19.3353,19.3353,19.3353,19.3353,1.0
2023-05-11,19.2928,19.2928,19.2928,19.2928,1.0
2023-05-12,19.1392,19.1392,19.1392,19.1392,1.0
2023-05-15,19.2802,19.2802,19.2802,19.2802,1.0
2023-05-16,19.2269,19.2269,19.2269,19.2269,1.0
2023-05-17,19.0627,19.0627,19.0627,19.0627,1.0
2023-05-18,19.0559,19.0559,19.0559,19.0559,1.0
2023-05-19,18.9561,18.9561,18.9561,18.9561,1.0
2023-05-22,19.1463,19.1463,19.1463,19.1463,1.0
2023-05-23,18.9815,18.9815,18.9815,18.9815,1.0
2023-05-24,19.0854,19.0854,19.0854,19.0854,1.0
2023-05-25,18.9922,18.9922,18.9922,18.9922,1.0
2023-05-26,18.8773,18.8773,18.8773,18.8773,1.0
2023-05-29,18.8234,18.8234,18.8234,18.8234,1.0
2023-05-30,18.8449,18.8449,18.8449,18.8449,1.0
2023-05-31,18.9308,18.9308,18.9308,18.9308,1.0
2023-06-01,18.8591,18.8591,18.8591,18.8591,1.0
2023-06-02,19.0059,19.0059,19.0059,19.0059,1.0
2023-06-05,18.8698,18.8698,18.8698,18.8698,1.0
2023-06-06,18.9091,18.9091,18.9091,18.9091,1.0
2023-06-07,18.8661,18.8661,18.8661,18.8661,1.0
2023-06-08,18.7371,18.7371,18.7371,18.7371,1.0
2023-06-09,18.8302,18.8302,18.8302,18.8302,1.0
2023-06-12,18.8121,18.8121,18.8121,18.8121,1.0
2023-06-13,18.8121,18.8121,18.8121,18.8121,1.0
2023-06-14,18.6546,18.6546,18.6546,18.6546,1.0
2023-06-15,18.522,18.522,18.522,18.522,1.0
2023-06-16,18.7189,18.7189,18.7189,18.7189,1.0
2023-06-19,18.597,18.597,18.597,18.597,1.0
2023-06-20,18.6256,18.6256,18.6256,18.6256,1.0
2023-06-21,18.4679,18.4679,18.4679,18.4679,1.0
2023-06-22,18.3962,18.3962,18.3962,18.3962,1.0
2023-06-23,18.3567,18.3567,18.3567,18.3567,1.0
2023-06-26,18.4032,18.4032,18.4032,18.4032,1.0
2023-06-27,18.4103,18.4103,18.4103,18.4103,1.0
2023-06-28,18.2993,18.2993,18.2993,18.2993,1.0
2023-06-30,18.1809,18.1809,18.1809,18.1809,1.0
2023-07-03,18.2417,18.2417,18.2417,18.2417,1.0
2023-07-04,18.3456,18.3456,18.3456,18.3456,1.0
2023-07-05,18.4279,18.4279,18.4279,18.4279,1.0
2023-07-06,18.4279,18.4279,18.4279,18.4279,1.0
2023-07-07,18.4207,18.4207,18.4207,18.4207,1.0
2023-07-10,18.46,18.46,18.46,18.46,1.0
2023-07-11,18.4958,18.4958,18.4958,18.4958,1.0
2023-07-12,18.4779,18.4779,18.4779,18.4779,1.0
2023-07-13,18.6032,18.6032,18.6032,18.6032,1.0
2023-07-14,18.657,18.657,18.657,18.657,1.0
2023-07-17,18.6353,18.6353,18.6353,18.6353,1.0
2023-07-18,18.689,18.689,18.689,18.689,1.0
2023-07-19,18.8215,18.8215,18.8215,18.8215,1.0
2023-07-20,18.8394,18.8394,18.8394,18.8394,1.0
2023-07-21,18.6853,18.6853,18.6853,18.6853,1.0
2023-07-24,18.6852,18.6852,18.6852,18.6852,1.0
2023-07-25,18.6493,18.6493,18.6493,18.6493,1.0
2023-07-26,18.7639,18.7639,18.7639,18.7639,1.0
2023-07-27,18.7889,18.7889,18.7889,18.7889,1.0
2023-07-28,18.6635,18.6635,18.6635,18.6635,1.0
2023-07-31,18.6884,18.6884,18.6884,18.6884,1.0
2023-08-01,18.6597,18.6597,18.6597,18.6597,1.0
2023-08-02,18.6669,18.6669,18.6669,18.6669,1.0
2023-08-03,18.6346,18.6346,18.6346,18.6346,1.0
2023-08-04,18.6094,18.6094,18.6094,18.6094,1.0
2023-08-07,18.6057,18.6057,18.6057,18.6057,1.0
2023-08-08,18.6558,18.6558,18.6558,18.6558,1.0
2023-08-09,18.5841,18.5841,18.5841,18.5841,1.0
2023-08-10,18.5231,18.5231,18.5231,18.5231,1.0
2023-08-11,18.5231,18.5231,18.5231,18.5231,1.0
2023-08-14,18.4907,18.4907,18.4907,18.4907,1.0
2023-08-17,18.3974,18.3974,18.3974,18.3974,1.0
2023-08-18,18.383,18.383,18.383,18.383,1.0
2023-08-21,18.3256,18.3256,18.3256,18.3256,1.0
2023-08-22,18.3793,18.3793,18.3793,18.3793,1.0
2023-08-23,18.4222,18.4222,18.4222,18.4222,1.0
2023-08-24,18.4437,18.4437,18.4437,18.4437,1.0
2023-08-25,18.4257,18.4257,18.4257,18.4257,1.0
2023-08-28,18.422,18.422,18.422,18.422,1.0
2023-08-29,18.4829,18.4829,18.4829,18.4829,1.0
2023-08-30,18.6405,18.6405,18.6405,18.6405,1.0
2023-08-31,18.6763,18.6763,18.6763,18.6763,1.0
2023-09-01,18.6547,18.6547,18.6547,18.6547,1.0
2023-09-04,18.6582,18.6582,18.6582,18.6582,1.0
2023-09-05,18.6116,18.6116,18.6116,18.6116,1.0
2023-09-06,18.6187,18.6187,18.6187,18.6187,1.0
2023-09-07,18.5721,18.5721,18.5721,18.5721,1.0
2023-09-08,18.5577,18.5577,18.5577,18.5577,1.0
2023-09-11,18.511,18.511,18.511,18.511,1.0
2023-09-12,18.4464,18.4464,18.4464,18.4464,1.0
2023-09-13,18.3819,18.3819,18.3819,18.3819,1.0
2023-09-14,18.3747,18.3747,18.3747,18.3747,1.0
2023-09-15,18.4786,18.4786,18.4786,18.4786,1.0
2023-09-18,18.6039,18.6039,18.6039,18.6039,1.0
2023-09-20,18.6146,18.6146,18.6146,18.6146,1.0
2023-09-21,18.5608,18.5608,18.5608,18.5608,1.0
2023-09-22,18.5428,18.5428,18.5428,18.5428,1.0
2023-09-25,18.5391,18.5391,18.5391,18.5391,1.0
2023-09-26,18.4925,18.4925,18.4925,18.4925,1.0
2023-09-27,18.3779,18.3779,18.3779,18.3779,1.0
2023-09-29,18.1664,18.1664,18.1664,18.1664,1.0
2023-10-03,17.9082,17.9082,17.9082,17.9082,1.0
2023-10-04,17.8831,17.8831,17.8831,17.8831,1.0
2023-10-05,17.8867,17.8867,17.8867,17.8867,1.0
2023-10-06,17.8078,17.8078,17.8078,17.8078,1.0
2023-10-09,18.0226,18.0226,18.0226,18.0226,1.0
2023-10-10,18.0584,18.0584,18.0584,18.0584,1.0
2023-10-11,18.1443,18.1443,18.1443,18.1443,1.0
2023-10-12,18.2517,18.2517,18.2517,18.2517,1.0
2023-10-13,18.291,18.291,18.291,18.291,1.0
2023-10-16,18.4952,18.4952,18.4952,18.4952,1.0
2023-10-17,18.5919,18.5919,18.5919,18.5919,1.0
2023-10-18,18.7495,18.7495,18.7495,18.7495,1.0
2023-10-19,18.7423,18.7423,18.7423,18.7423,1.0
2023-10-20,19.054,19.054,19.054,19.054,1.0
2023-10-23,18.9965,18.9965,18.9965,18.9965,1.0
2023-10-25,18.9642,18.9642,18.9642,18.9642,1.0
2023-10-26,19.0609,19.0609,19.0609,19.0609,1.0
2023-10-27,19.0322,19.0322,19.0322,19.0322,1.0
2023-10-30,19.154,19.154,19.154,19.154,1.0
2023-10-31,19.197,19.197,19.197,19.197,1.0
2023-11-01,19.1073,19.1073,19.1073,19.1073,1.0
2023-11-02,19.1431,19.1431,19.1431,19.1431,1.0
2023-11-03,19.1359,19.1359,19.1359,19.1359,1.0
2023-11-06,19.1143,19.1143,19.1143,19.1143,1.0
2023-11-07,18.9924,18.9924,18.9924,18.9924,1.0
2023-11-08,18.9566,18.9566,18.9566,18.9566,1.0
2023-11-09,18.8097,18.8097,18.8097,18.8097,1.0
2023-11-10,18.9243,18.9243,18.9243,18.9243,1.0
2023-11-13,18.8919,18.8919,18.8919,18.8919,1.0
2023-11-15,19.0135,19.0135,19.0135,19.0135,1.0
2023-11-16,18.9705,18.9705,18.9705,18.9705,1.0
2023-11-17,19.1031,19.1031,19.1031,19.1031,1.0
2023-11-20,19.0384,19.0384,19.0384,19.0384,1.0
2023-11-21,19.1351,19.1351,19.1351,19.1351,1.0
2023-11-22,19.2318,19.2318,19.2318,19.2318,1.0
2023-11-23,19.1996,19.1996,19.1996,19.1996,1.0
2023-11-24,19.1995,19.1995,19.1995,19.1995,1.0
2023-11-28,19.2926,19.2926,19.2926,19.2926,1.0
2023-11-29,19.5399,19.5399,19.5399,19.5399,1.0
2023-11-30,19.6403,19.6403,19.6403,19.6403,1.0
2023-12-01,19.6581,19.6581,19.6581,19.6581,1.0
2023-12-04,19.855,19.855,19.855,19.855,1.0
2023-12-05,19.5648,19.5648,19.5648,19.5648,1.0
2023-12-06,19.5003,19.5003,19.5003,19.5003,1.0
2023-12-07,19.5826,19.5826,19.5826,19.5826,1.0
2023-12-08,19.5252,19.5252,19.5252,19.5252,1.0
2023-12-11,19.2311,19.2311,19.2311,19.2311,1.0
2023-12-12,19.1773,19.1773,19.1773,19.1773,1.0
2023-12-13,19.1451,19.1451,19.1451,19.1451,1.0
2023-12-14,19.4748,19.4748,19.4748,19.4748,1.0
2023-12-15,19.5071,19.5071,19.5071,19.5071,1.0
2023-12-18,19.3457,19.3457,19.3457,19.3457,1.0
2023-12-19,19.3887,19.3887,19.3887,19.3887,1.0
2023-12-20,19.4603,19.4603,19.4603,19.4603,1.0
2023-12-21,19.5105,19.5105,19.5105,19.5105,1.0
2023-12-22,19.6036,19.6036,19.6036,19.6036,1.0
2023-12-26,19.7074,19.7074,19.7074,19.7074,1.0
2023-12-27,19.7863,19.7863,19.7863,19.7863,1.0
2023-12-28,19.8507,19.8507,19.8507,19.8507,1.0
2023-12-29,19.7358,19.7358,19.7358,19.7358,1.0
2024-01-01,19.8288,19.8288,19.8288,19.8288,1.0
2024-01-02,19.929,19.929,19.929,19.929,1.0
2024-01-03,19.7642,19.7642,19.7642,19.7642,1.0
2024-01-04,19.6675,19.6675,19.6675,19.6675,1.0
2024-01-05,19.6209,19.6209,19.6209,19.6209,1.0
2024-01-08,19.5312,19.5312,19.5312,19.5312,1.0
2024-01-09,19.5849,19.5849,19.5849,19.5849,1.0
2024-01-10,19.5526,19.5526,19.5526,19.5526,1.0
2024-01-11,19.5096,19.5096,19.5096,19.5096,1.0
2024-01-12,19.5525,19.5525,19.5525,19.5525,1.0
2024-01-15,19.6527,19.6527,19.6527,19.6527,1.0
2024-01-16,19.5775,19.5775,19.5775,19.5775,1.0
2024-01-17,19.4485,19.4485,19.4485,19.4485,1.0
2024-01-18,19.4162,19.4162,19.4162,19.4162,1.0
2024-01-19,19.5416,19.5416,19.5416,19.5416,1.0
2024-01-23,19.5594,19.5594,19.5594,19.5594,1.0
2024-01-24,19.5629,19.5629,19.5629,19.5629,1.0
2024-01-25,19.4876,19.4876,19.4876,19.4876,1.0
2024-01-29,19.5877,19.5877,19.5877,19.5877,1.0
2024-01-30,19.7166,19.7166,19.7166,19.7166,1.0
2024-01-31,19.67,19.67,19.67,19.67,1.0
2024-02-01,19.6627,19.6627,19.6627,19.6627,1.0
2024-02-02,19.7272,19.7272,19.7272,19.7272,1.0
2024-02-05,19.5479,19.5479,19.5479,19.5479,1.0
2024-02-06,19.555,19.555,19.555,19.555,1.0
2024-02-07,19.6123,19.6123,19.6123,19.6123,1.0
2024-02-08,19.5621,19.5621,19.5621,19.5621,1.0
2024-02-09,19.5656,19.5656,19.5656,19.5656,1.0
2024-02-12,19.4508,19.4508,19.4508,19.4508,1.0
2024-02-13,19.44,19.44,19.44,19.44,1.0
2024-02-14,19.232,19.232,19.232,19.232,1.0
2024-02-15,19.2929,19.2929,19.2929,19.2929,1.0
2024-02-16,19.3502,19.3502,19.3502,19.3502,1.0
2024-02-20,19.3536,19.3536,19.3536,19.3536,1.0
2024-02-21,19.4539,19.4539,19.4539,19.4539,1.0
2024-02-22,19.4395,19.4395,19.4395,19.4395,1.0
2024-02-23,19.3391,19.3391,19.3391,19.3391,1.0
2024-02-26,19.4071,19.4071,19.4071,19.4071,1.0
2024-02-27,19.4537,19.4537,19.4537,19.4537,1.0
2024-02-28,19.3496,19.3496,19.3496,19.3496,1.0
2024-02-29,19.4392,19.4392,19.4392,19.4392,1.0
2024-03-01,19.5,19.5,19.5,19.5,1.0
2024-03-04,19.8403,19.8403,19.8403,19.8403,1.0
2024-03-05,20.1304,20.1304,20.1304,20.1304,1.0
2024-03-06,20.1626,20.1626,20.1626,20.1626,1.0
2024-03-07,20.4313,20.4313,20.4313,20.4313,1.0
2024-03-11,20.6428,20.6428,20.6428,20.6428,1.0
2024-03-12,20.5854,20.5854,20.5854,20.5854,1.0
2024-03-13,20.4206,20.4206,20.4206,20.4206,1.0
2024-03-14,20.5319,20.5319,20.5319,20.5319,1.0
2024-03-15,20.5462,20.5462,20.5462,20.5462,1.0
2024-03-18,20.4852,20.4852,20.4852,20.4852,1.0
2024-03-19,20.478,20.478,20.478,20.478,1.0
2024-03-20,20.5568,20.5568,20.5568,20.5568,1.0
2024-03-21,20.8829,20.8829,20.8829,20.8829,1.0
2024-03-22,20.6822,20.6822,20.6822,20.6822,1.0
2024-03-26,20.725,20.725,20.725,20.725,1.0
2024-03-27,20.7644,20.7644,20.7644,20.7644,1.0
2024-03-28,20.9256,20.9256,20.9256,20.9256,1.0
2024-03-31,20.9254,20.9254,20.9254,20.9254,1.0
2024-04-02,21.5666,21.5666,21.5666,21.5666,1.0
2024-04-03,21.6812,21.6812,21.6812,21.6812,1.0
2024-04-04,21.8315,21.8315,21.8315,21.8315,1.0
2024-04-05,21.8063,21.8063,21.8063,21.8063,1.0
2024-04-08,22.2253,22.2253,22.2253,22.2253,1.0
2024-04-10,22.3864,22.3864,22.3864,22.3864,1.0
2024-04-12,22.7946,22.7946,22.7946,22.7946,1.0
2024-04-15,22.7269,22.7269,22.7269,22.7269,1.0
2024-04-16,22.8267,22.8267,22.8267,22.8267,1.0
2024-04-18,22.8982,22.8982,22.8982,22.8982,1.0
2024-04-19,23.0127,23.0127,23.0127,23.0127,1.0
2024-04-22,22.744,22.744,22.744,22.744,1.0
2024-04-23,22.3364,22.3364,22.3364,22.3364,1.0
2024-04-24,22.4538,22.4538,22.4538,22.4538,1.0
2024-04-25,22.5003,22.5003,22.5003,22.5003,1.0
2024-04-26,22.6652,22.6652,22.6652,22.6652,1.0
2024-04-29,22.7367,22.7367,22.7367,22.7367,1.0
2024-04-30,22.5146,22.5146,22.5146,22.5146,1.0
2024-05-02,22.5002,22.5002,22.5002,22.5002,1.0
2024-05-03,22.4145,22.4145,22.4145,22.4145,1.0
2024-05-06,22.4036,22.4036,22.4036,22.4036,1.0
2024-05-07,22.4323,22.4323,22.4323,22.4323,1.0
2024-05-08,22.3284,22.3284,22.3284,22.3284,1.0
2024-05-09,22.2925,22.2925,22.2925,22.2925,1.0
2024-05-10,22.8549,22.8549,22.8549,22.8549,1.0
2024-05-13,22.5897,22.5897,22.5897,22.5897,1.0
2024-05-14,22.604,22.604,22.604,22.604,1.0
2024-05-15,22.8189,22.8189,22.8189,22.8189,1.0
2024-05-16,22.9514,22.9514,22.9514,22.9514,1.0
2024-05-17,22.8725,22.8725,22.8725,22.8725,1.0
2024-05-21,23.1874,23.1874,23.1874,23.1874,1.0
2024-05-22,23.1945,23.1945,23.1945,23.1945,1.0
2024-05-24,22.5283,22.5283,22.5283,22.5283,1.0
2024-05-27,22.5174,22.5174,22.5174,22.5174,1.0
2024-05-28,22.5603,22.5603,22.5603,22.5603,1.0
2024-05-29,22.6247,22.6247,22.6247,22.6247,1.0
2024-05-30,22.4849,22.4849,22.4849,22.4849,1.0
2024-05-31,22.621,22.621,22.621,22.621,1.0
2024-06-03,22.413,22.413,22.413,22.413,1.0
2024-06-04,22.4989,22.4989,22.4989,22.4989,1.0
2024-06-05,22.4558,22.4558,22.4558,22.4558,1.0
2024-06-06,22.6992,22.6992,22.6992,22.6992,1.0
2024-06-07,22.5488,22.5488,22.5488,22.5488,1.0
2024-06-10,22.1797,22.1797,22.1797,22.1797,1.0
2024-06-11,22.2621,22.2621,22.2621,22.2621,1.0
2024-06-12,22.3587,22.3587,22.3587,22.3587,1.0
2024-06-13,22.3049,22.3049,22.3049,22.3049,1.0
2024-06-14,22.3515,22.3515,22.3515,22.3515,1.0
2024-06-18,22.3405,22.3405,22.3405,22.3405,1.0
2024-06-19,22.4479,22.4479,22.4479,22.4479,1.0
2024-06-20,22.5446,22.5446,22.5446,22.5446,1.0
2024-06-21,22.7451,22.7451,22.7451,22.7451,1.0
2024-06-24,22.401,22.401,22.401,22.401,1.0
2024-06-25,22.4404,22.4404,22.4404,22.4404,1.0
2024-06-26,22.358,22.358,22.358,22.358,1.0
2024-06-27,22.2755,22.2755,22.2755,22.2755,1.0
2024-06-28,22.4116,22.4116,22.4116,22.4116,1.0
2024-06-30,22.4115,22.4115,22.4115,22.4115,1.0
2024-07-01,22.4114,22.4114,22.4114,22.4114,1.0
2024-07-02,22.4615,22.4615,22.4615,22.4615,1.0
2024-07-03,22.5581,22.5581,22.5581,22.5581,1.0
2024-07-04,22.5796,22.5796,22.5796,22.5796,1.0
2024-07-05,22.6728,22.6728,22.6728,22.6728,1.0
2024-07-08,22.7478,22.7478,22.7478,22.7478,1.0
2024-07-09,22.6833,22.6833,22.6833,22.6833,1.0
2024-07-10,22.7621,22.7621,22.7621,22.7621,1.0
2024-07-11,22.7477,22.7477,22.7477,22.7477,1.0
2024-07-12,22.8515,22.8515,22.8515,22.8515,1.0
2024-07-15,22.9015,22.9015,22.9015,22.9015,1.0
2024-07-16,23.0949,23.0949,23.0949,23.0949,1.0
2024-07-18,23.2452,23.2452,23.2452,23.2452,1.0
2024-07-19,23.0948,23.0948,23.0948,23.0948,1.0
2024-07-22,23.0266,23.0266,23.0266,23.0266,1.0
2024-07-23,22.4251,22.4251,22.4251,22.4251,1.0
2024-07-24,22.0993,22.0993,22.0993,22.0993,1.0
2024-07-25,22.1708,22.1708,22.1708,22.1708,1.0
2024-07-26,22.0496,22.0496,22.0496,22.0496,1.0
2024-07-29,21.735,21.735,21.735,21.735,1.0
2024-07-30,21.5171,21.5171,21.5171,21.5171,1.0
2024-07-31,21.6926,21.6926,21.6926,21.6926,1.0
2024-08-01,21.8144,21.8144,21.8144,21.8144,1.0
2024-08-02,22.0507,22.0507,22.0507,22.0507,1.0
2024-08-05,21.6568,21.6568,21.6568,21.6568,1.0
2024-08-06,21.6639,21.6639,21.6639,21.6639,1.0
2024-08-07,21.5245,21.5245,21.5245,21.5245,1.0
2024-08-08,21.3991,21.3991,21.3991,21.3991,1.0
2024-08-09,21.6497,21.6497,21.6497,21.6497,1.0
2024-08-12,21.8036,21.8036,21.8036,21.8036,1.0
2024-08-13,21.9468,21.9468,21.9468,21.9468,1.0
2024-08-14,22.0291,22.0291,22.0291,22.0291,1.0
2024-08-16,21.9717,21.9717,21.9717,21.9717,1.0
2024-08-19,22.3225,22.3225,22.3225,22.3225,1.0
2024-08-20,22.4121,22.4121,22.4121,22.4121,1.0
2024-08-21,22.2974,22.2974,22.2974,22.2974,1.0
2024-08-22,22.2973,22.2973,22.2973,22.2973,1.0
2024-08-23,22.2364,22.2364,22.2364,22.2364,1.0
2024-08-26,22.4798,22.4798,22.4798,22.4798,1.0
2024-08-27,22.4118,22.4118,22.4118,22.4118,1.0
2024-08-28,22.3473,22.3473,22.3473,22.3473,1.0
2024-08-29,22.3903,22.3903,22.3903,22.3903,1.0
2024-08-30,22.4117,22.4117,22.4117,22.4117,1.0
2024-08-31,22.4117,22.4117,22.4117,22.4117,1.0
2024-09-02,22.2898,22.2898,22.2898,22.2898,1.0
2024-09-03,22.3471,22.3471,22.3471,22.3471,1.0
2024-09-04,22.1002,22.1002,22.1002,22.1002,1.0
2024-09-05,22.3722,22.3722,22.3722,22.3722,1.0
2024-09-06,22.4008,22.4008,22.4008,22.4008,1.0
2024-09-09,22.2145,22.2145,22.2145,22.2145,1.0
2024-09-10,22.3255,22.3255,22.3255,22.3255,1.0
2024-09-11,22.4186,22.4186,22.4186,22.4186,1.0
2024-09-12,22.3791,22.3791,22.3791,22.3791,1.0
2024-09-13,22.7979,22.7979,22.7979,22.7979,1.0
2024-09-16,22.9232,22.9232,22.9232,22.9232,1.0
2024-09-17,22.8264,22.8264,22.8264,22.8264,1.0
2024-09-19,22.9554,22.9554,22.9554,22.9554,1.0
2024-09-20,23.0735,23.0735,23.0735,23.0735,1.0
2024-09-23,23.2202,23.2202,23.2202,23.2202,1.0
2024-09-24,23.2703,23.2703,23.2703,23.2703,1.0
2024-09-25,23.4815,23.4815,23.4815,23.4815,1.0
2024-09-26,23.6175,23.6175,23.6175,23.6175,1.0
2024-09-27,23.4742,23.4742,23.4742,23.4742,1.0
2024-09-30,23.4956,23.4956,23.4956,23.4956,1.0
2024-10-01,23.4705,23.4705,23.4705,23.4705,1.0
2024-10-03,23.5313,23.5313,23.5313,23.5313,1.0
2024-10-04,23.6171,23.6171,23.6171,23.6171,1.0
2024-10-07,23.5454,23.5454,23.5454,23.5454,1.0
2024-10-08,23.4274,23.4274,23.4274,23.4274,1.0
2024-10-09,23.245,23.245,23.245,23.245,1.0
2024-10-10,23.2306,23.2306,23.2306,23.2306,1.0
2024-10-11,23.4524,23.4524,23.4524,23.4524,1.0
2024-10-14,23.6097,23.6097,23.6097,23.6097,1.0
2024-10-15,23.5666,23.5666,23.5666,23.5666,1.0
2024-10-16,23.785,23.785,23.785,23.785,1.0
2024-10-17,23.785,23.785,23.785,23.785,1.0
2024-10-18,24.0607,24.0607,24.0607,24.0607,1.0
2024-10-21,24.2684,24.2684,24.2684,24.2684,1.0
2024-10-22,24.2433,24.2433,24.2433,24.2433,1.0
2024-10-23,24.4258,24.4258,24.4258,24.4258,1.0
2024-10-24,24.2861,24.2861,24.2861,24.2861,1.0
2024-10-25,24.1678,24.1678,24.1678,24.1678,1.0
2024-10-28,24.2752,24.2752,24.2752,24.2752,1.0
2024-10-29,24.4613,24.4613,24.4613,24.4613,1.0
2024-10-30,24.7117,24.7117,24.7117,24.7117,1.0
2024-10-31,24.6759,24.6759,24.6759,24.6759,1.0
2024-11-04,24.3713,24.3713,24.3713,24.3713,1.0
2024-11-05,24.3641,24.3641,24.3641,24.3641,1.0
2024-11-06,24.2423,24.2423,24.2423,24.2423,1.0
2024-11-07,23.7262,23.7262,23.7262,23.7262,1.0
2024-11-08,23.9699,23.9699,23.9699,23.9699,1.0
2024-11-11,23.8122,23.8122,23.8122,23.8122,1.0
2024-11-12,23.1998,23.1998,23.1998,23.1998,1.0
2024-11-13,23.3359,23.3359,23.3359,23.3359,1.0
2024-11-14,22.8417,22.8417,22.8417,22.8417,1.0
2024-11-18,23.214,23.214,23.214,23.214,1.0
2024-11-19,23.5148,23.5148,23.5148,23.5148,1.0
2024-11-21,23.8333,23.8333,23.8333,23.8333,1.0
2024-11-22,24.1089,24.1089,24.1089,24.1089,1.0
2024-11-25,23.7577,23.7577,23.7577,23.7577,1.0
2024-11-26,23.4068,23.4068,23.4068,23.4068,1.0
2024-11-27,23.6359,23.6359,23.6359,23.6359,1.0
2024-11-28,23.6143,23.6143,23.6143,23.6143,1.0
2024-11-29,23.7504,23.7504,23.7504,23.7504,1.0
2024-11-30,23.7504,23.7504,23.7504,23.7504,1.0
2024-12-02,23.5747,23.5747,23.5747,23.5747,1.0
2024-12-03,23.6642,23.6642,23.6642,23.6642,1.0
2024-12-04,23.6068,23.6068,23.6068,23.6068,1.0
2024-12-05,23.6677,23.6677,23.6677,23.6677,1.0
2024-12-06,23.6282,23.6282,23.6282,23.6282,1.0
2024-12-09,23.7355,23.7355,23.7355,23.7355,1.0
2024-12-10,23.8786,23.8786,23.8786,23.8786,1.0
2024-12-11,23.961,23.961,23.961,23.961,1.0
2024-12-12,24.1724,24.1724,24.1724,24.1724,1.0
2024-12-13,23.8499,23.8499,23.8499,23.8499,1.0
2024-12-16,23.796,23.796,23.796,23.796,1.0
2024-12-17,23.6885,23.6885,23.6885,23.6885,1.0
2024-12-18,23.7708,23.7708,23.7708,23.7708,1.0
2024-12-19,23.5522,23.5522,23.5522,23.5522,1.0
2024-12-20,23.416,23.416,23.416,23.416,1.0
2024-12-23,23.62,23.62,23.62,23.62,1.0
2024-12-24,23.5196,23.5196,23.5196,23.5196,1.0
2024-12-26,23.6377,23.6377,23.6377,23.6377,1.0
2024-12-27,23.7129,23.7129,23.7129,23.7129,1.0
2024-12-30,23.634,23.634,23.634,23.634,1.0
2024-12-31,23.659,23.659,23.659,23.659,1.0
2025-01-01,23.7699,23.7699,23.7699,23.7699,1.0
2025-01-02,23.8485,23.8485,23.8485,23.8485,1.0
2025-01-03,24.0095,24.0095,24.0095,24.0095,1.0
2025-01-06,23.859,23.859,23.859,23.859,1.0
2025-01-07,23.9233,23.9233,23.9233,23.9233,1.0
2025-01-08,24.027,24.027,24.027,24.027,1.0
2025-01-09,24.0986,24.0986,24.0986,24.0986,1.0
2025-01-10,24.2382,24.2382,24.2382,24.2382,1.0
2025-01-13,24.4314,24.4314,24.4314,24.4314,1.0
2025-01-14,24.3813,24.3813,24.3813,24.3813,1.0
2025-01-15,24.4743,24.4743,24.4743,24.4743,1.0
2025-01-16,24.5746,24.5746,24.5746,24.5746,1.0
2025-01-17,24.7177,24.7177,24.7177,24.7177,1.0
2025-01-20,24.7069,24.7069,24.7069,24.7069,1.0
2025-01-21,24.7569,24.7569,24.7569,24.7569,1.0
2025-01-22,24.979,24.979,24.979,24.979,1.0
2025-01-23,24.8858,24.8858,24.8858,24.8858,1.0
2025-01-24,24.9967,24.9967,24.9967,24.9967,1.0
2025-01-27,24.9822,24.9822,24.9822,24.9822,1.0
2025-01-28,24.9285,24.9285,24.9285,24.9285,1.0
2025-01-29,25.0681,25.0681,25.0681,25.0681,1.0
2025-01-30,25.1504,25.1504,25.1504,25.1504,1.0
2025-01-31,25.4869,25.4869,25.4869,25.4869,1.0
2025-02-03,25.68,25.68,25.68,25.68,1.0
2025-02-04,25.8195,25.8195,25.8195,25.8195,1.0
2025-02-05,26.3558,26.3558,26.3558,26.3558,1.0
2025-02-06,26.3417,26.3417,26.3417,26.3417,1.0
2025-02-07,26.3703,26.3703,26.3703,26.3703,1.0
2025-02-10,26.721,26.721,26.721,26.721,1.0
2025-02-11,26.5778,26.5778,26.5778,26.5778,1.0
2025-02-12,26.3917,26.3917,26.3917,26.3917,1.0
2025-02-13,26.492,26.492,26.492,26.492,1.0
2025-02-14,26.6996,26.6996,26.6996,26.6996,1.0
2025-02-17,26.4776,26.4776,26.4776,26.4776,1.0
2025-02-18,26.5884,26.5884,26.5884,26.5884,1.0
2025-02-20,26.7779,26.7779,26.7779,26.7779,1.0
2025-02-21,26.6276,26.6276,26.6276,26.6276,1.0
2025-02-24,26.7814,26.7814,26.7814,26.7814,1.0
2025-02-25,26.8709,26.8709,26.8709,26.8709,1.0
2025-02-27,26.5237,26.5237,26.5237,26.5237,1.0
2025-02-28,26.3162,26.3162,26.3162,26.3162,1.0
2025-03-03,26.3663,26.3663,26.3663,26.3663,1.0
2025-03-04,26.7207,26.7207,26.7207,26.7207,1.0
2025-03-05,26.6955,26.6955,26.6955,26.6955,1.0
2025-03-06,26.5701,26.5701,26.5701,26.5701,1.0
2025-03-07,26.6667,26.6667,26.6667,26.6667,1.0
2025-03-10,26.6415,26.6415,26.6415,26.6415,1.0
2025-03-11,26.5985,26.5985,26.5985,26.5985,1.0
2025-03-12,26.6199,26.6199,26.6199,26.6199,1.0
2025-03-13,26.8563,26.8563,26.8563,26.8563,1.0
2025-03-17,27.1461,27.1461,27.1461,27.1461,1.0
2025-03-18,27.3428,27.3428,27.3428,27.3428,1.0
2025-03-19,27.3356,27.3356,27.3356,27.3356,1.0
2025-03-20,27.4322,27.4322,27.4322,27.4322,1.0
2025-03-21,27.3033,27.3033,27.3033,27.3033,1.0
2025-03-24,27.0668,27.0668,27.0668,27.0668,1.0
2025-03-25,27.0597,27.0597,27.0597,27.0597,1.0
2025-03-26,27.0524,27.0524,27.0524,27.0524,1.0
2025-03-27,27.2494,27.2494,27.2494,27.2494,1.0
2025-03-28,27.4533,27.4533,27.4533,27.4533,1.0
2025-03-31,27.4532,27.4532,27.4532,27.4532,1.0
2025-04-02,28.0546,28.0546,28.0546,28.0546,1.0
2025-04-03,28.0474,28.0474,28.0474,28.0474,1.0
2025-04-04,27.6464,27.6464,27.6464,27.6464,1.0
2025-04-07,27.2099,27.2099,27.2099,27.2099,1.0
2025-04-08,27.1635,27.1635,27.1635,27.1635,1.0
2025-04-09,27.5793,27.5793,27.5793,27.5793,1.0
2025-04-11,28.7153,28.7153,28.7153,28.7153,1.0
2025-04-15,28.6435,28.6435,28.6435,28.6435,1.0
2025-04-16,29.1767,29.1767,29.1767,29.1767,1.0
2025-04-17,29.3306,29.3306,29.3306,29.3306,1.0
2025-04-21,29.8888,29.8888,29.8888,29.8888,1.0
2025-04-22,30.5222,30.5222,30.5222,30.5222,1.0
2025-04-23,29.6704,29.6704,29.6704,29.6704,1.0
2025-04-24,29.7133,29.7133,29.7133,29.7133,1.0
2025-04-25,29.5557,29.5557,29.5557,29.5557,1.0
2025-04-28,29.237,29.237,29.237,29.237,1.0
2025-04-29,29.5241,29.5241,29.5241,29.5241,1.0
2025-04-30,29.1945,29.1945,29.1945,29.1945,1.0
2025-05-02,29.0441,29.0441,29.0441,29.0441,1.0
2025-05-05,29.539,29.539,29.539,29.539,1.0
2025-05-06,30.122,30.122,30.122,30.122,1.0
2025-05-07,30.0723,30.0723,30.0723,30.0723,1.0
2025-05-08,29.8791,29.8791,29.8791,29.8791,1.0
2025-05-09,29.8897,29.8897,29.8897,29.8897,1.0
2025-05-13,29.2096,29.2096,29.2096,29.2096,1.0
2025-05-14,29.0344,29.0344,29.0344,29.0344,1.0
2025-05-15,28.4367,28.4367,28.4367,28.4367,1.0
2025-05-16,28.6981,28.6981,28.6981,28.6981,1.0
2025-05-19,28.92,28.92,28.92,28.92,1.0
2025-05-20,28.8736,28.8736,28.8736,28.8736,1.0
2025-05-21,29.3497,29.3497,29.3497,29.3497,1.0
2025-05-22,29.4642,29.4642,29.4642,29.4642,1.0
2025-05-23,29.3747,29.3747,29.3747,29.3747,1.0
2025-05-26,29.4248,29.4248,29.4248,29.4248,1.0
2025-05-27,29.3425,29.3425,29.3425,29.3425,1.0
2025-05-28,29.5537,29.5537,29.5537,29.5537,1.0
2025-05-29,29.2137,29.2137,29.2137,29.2137,1.0
2025-05-30,29.3712,29.3712,29.3712,29.3712,1.0
2025-05-31,29.3712,29.3712,29.3712,29.3712,1.0
2025-06-02,29.7365,29.7365,29.7365,29.7365,1.0
2025-06-03,29.8759,29.8759,29.8759,29.8759,1.0
2025-06-04,30.0155,30.0155,30.0155,30.0155,1.0
2025-06-05,30.1838,30.1838,30.1838,30.1838,1.0
2025-06-06,29.9762,29.9762,29.9762,29.9762,1.0
2025-06-09,29.697,29.697,29.697,29.697,1.0
2025-06-10,29.7506,29.7506,29.7506,29.7506,1.0
2025-06-11,29.8043,29.8043,29.8043,29.8043,1.0
2025-06-12,30.0335,30.0335,30.0335,30.0335,1.0
2025-06-13,30.6494,30.6494,30.6494,30.6494,1.0
2025-06-16,30.6673,30.6673,30.6673,30.6673,1.0
2025-06-17,30.4634,30.4634,30.4634,30.4634,1.0
2025-06-18,30.5493,30.5493,30.5493,30.5493,1.0
2025-06-19,30.5528,30.5528,30.5528,30.5528,1.0
2025-06-20,30.3739,30.3739,30.3739,30.3739,1.0
2025-06-23,30.5278,30.5278,30.5278,30.5278,1.0
2025-06-24,29.8763,29.8763,29.8763,29.8763,1.0
2025-06-25,29.9157,29.9157,29.9157,29.9157,1.0
2025-06-26,29.9551,29.9551,29.9551,29.9551,1.0
2025-06-27,29.4574,29.4574,29.4574,29.4574,1.0
2025-06-30,29.5111,29.5111,29.5111,29.5111,1.0
2025-07-01,29.9478,29.9478,29.9478,29.9478,1.0
2025-07-02,29.9549,29.9549,29.9549,29.9549,1.0
2025-07-03,29.8975,29.8975,29.8975,29.8975,1.0
2025-07-04,29.8473,29.8473,29.8473,29.8473,1.0
2025-07-07,29.754,29.754,29.754,29.754,1.0
2025-07-08,29.8291,29.8291,29.8291,29.8291,1.0
2025-07-09,29.539,29.539,29.539,29.539,1.0
2025-07-10,29.8252,29.8252,29.8252,29.8252,1.0
2025-07-11,29.9612,29.9612,29.9612,29.9612,1.0
2025-07-14,30.2581,30.2581,30.2581,30.2581,1.0
2025-07-15,30.1471,30.1471,30.1471,30.1471,1.0
2025-07-16,30.0038,30.0038,30.0038,30.0038,1.0
2025-07-17,29.9501,29.9501,29.9501,29.9501,1.0
2025-07-18,30.1934,30.1934,30.1934,30.1934,1.0
2025-07-21,30.34,30.34,30.34,30.34,1.0
2025-07-22,30.5581,30.5581,30.5581,30.5581,1.0
2025-07-23,30.9412,30.9412,30.9412,30.9412,1.0
2025-07-24,30.3648,30.3648,30.3648,30.3648,1.0
2025-07-25,30.2966,30.2966,30.2966,30.2966,1.0
2025-07-28,30.2463,30.2463,30.2463,30.2463,1.0
2025-07-29,30.2177,30.2177,30.2177,30.2177,1.0
2025-07-30,30.4502,30.4502,30.4502,30.4502,1.0
2025-07-31,30.3284,30.3284,30.3284,30.3284,1.0
2025-08-01,30.2137,30.2137,30.2137,30.2137,1.0
2025-08-04,30.754,30.754,30.754,30.754,1.0
2025-08-05,30.8469,30.8469,30.8469,30.8469,1.0
2025-08-06,30.7968,30.7968,30.7968,30.7968,1.0
2025-08-07,30.9899,30.9899,30.9899,30.9899,1.0
2025-08-08,31.1403,31.1403,31.1403,31.1403,1.0
2025-08-11,30.714,30.714,30.714,30.714,1.0
2025-08-12,30.6139,30.6139,30.6139,30.6139,1.0
2025-08-13,30.7212,30.7212,30.7212,30.7212,1.0
2025-08-14,30.6889,30.6889,30.6889,30.6889,1.0
2025-08-18,30.5955,30.5955,30.5955,30.5955,1.0
2025-08-19,30.3807,30.3807,30.3807,30.3807,1.0
2025-08-20,30.3019,30.3019,30.3019,30.3019,1.0
2025-08-21,30.4916,30.4916,30.4916,30.4916,1.0
2025-08-22,30.4916,30.4916,30.4916,30.4916,1.0
2025-08-25,30.8171,30.8171,30.8171,30.8171,1.0
2025-08-26,30.9208,30.9208,30.9208,30.9208,1.0
2025-08-28,31.1462,31.1462,31.1462,31.1462,1.0
2025-08-29,31.4825,31.4825,31.4825,31.4825,1.0
2025-08-31,31.4824,31.4824,31.4824,31.4824,1.0
2025-09-01,32.0086,32.0086,32.0086,32.0086,1.0
2025-09-02,32.0013,32.0013,32.0013,32.0013,1.0
2025-09-03,32.4627,32.4627,32.4627,32.4627,1.0
2025-09-04,32.5235,32.5235,32.5235,32.5235,1.0
2025-09-05,32.7275,32.7275,32.7275,32.7275,1.0
2025-09-09,33.6925,33.6925,33.6925,33.6925,1.0
2025-09-10,33.5612,33.5612,33.5612,33.5612,1.0
2025-09-11,33.4468,33.4468,33.4468,33.4468,1.0
2025-09-12,33.6651,33.6651,33.6651,33.6651,1.0
2025-09-15,33.5755,33.5755,33.5755,33.5755,1.0
2025-09-16,34.0501,34.0501,34.0501,34.0501,1.0
2025-09-17,33.6744,33.6744,33.6744,33.6744,1.0
2025-09-18,33.8072,33.8072,33.8072,33.8072,1.0
2025-09-19,33.6854,33.6854,33.6854,33.6854,1.0
2025-09-22,34.3907,34.3907,34.3907,34.3907,1.0
2025-09-23,35.0732,35.0732,35.0732,35.0732,1.0
2025-09-24,34.9588,34.9588,34.9588,34.9588,1.0
2025-09-25,34.8246,34.8246,34.8246,34.8246,1.0
2025-09-26,34.7709,34.7709,34.7709,34.7709,1.0
2025-09-30,35.4953,35.4953,35.4953,35.4953,1.0
2025-10-01,36.0842,36.0842,36.0842,36.0842,1.0
2025-10-03,35.8372,35.8372,35.8372,35.8372,1.0
2025-10-06,36.6127,36.6127,36.6127,36.6127,1.0
2025-10-07,36.7409,36.7409,36.7409,36.7409,1.0
2025-10-08,37.4956,37.4956,37.4956,37.4956,1.0
2025-10-09,37.5565,37.5565,37.5565,37.5565,1.0
2025-10-10,37.1576,37.1576,37.1576,37.1576,1.0
2025-10-13,37.937,37.937,37.937,37.937,1.0
2025-10-14,38.8103,38.8103,38.8103,38.8103,1.0
2025-10-15,38.8924,38.8924,38.8924,38.8924,1.0
2025-10-16,38.9069,38.9069,38.9069,38.9069,1.0
2025-10-17,39.919,39.919,39.919,39.919,1.0
2025-10-20,38.9178,38.9178,38.9178,38.9178,1.0
2025-10-23,37.5372,37.5372,37.5372,37.5372,1.0
2025-10-24,37.0545,37.0545,37.0545,37.0545,1.0
2025-10-27,36.8974,36.8974,36.8974,36.8974,1.0
2025-10-28,35.6401,35.6401,35.6401,35.6401,1.0
2025-10-29,36.7857,36.7857,36.7857,36.7857,1.0
2025-10-30,36.7072,36.7072,36.7072,36.7072,1.0
2025-10-31,36.9471,36.9471,36.9471,36.9471,1.0
2025-11-03,36.9324,36.9324,36.9324,36.9324,1.0
2025-11-04,36.8107,36.8107,36.8107,36.8107,1.0
2025-11-06,36.9431,36.9431,36.9431,36.9431,1.0
2025-11-07,36.8965,36.8965,36.8965,36.8965,1.0
2025-11-10,37.5586,37.5586,37.5586,37.5586,1.0
2025-11-11,38.1134,38.1134,38.1134,38.1134,1.0
2025-11-12,37.9164,37.9164,37.9164,37.9164,1.0
2025-11-13,38.8755,38.8755,38.8755,38.8755,1.0
2025-11-14,38.292,38.292,38.292,38.292,1.0
2025-11-17,37.6653,37.6653,37.6653,37.6653,1.0
2025-11-18,37.2145,37.2145,37.2145,37.2145,1.0
2025-11-19,37.7264,37.7264,37.7264,37.7264,1.0
2025-11-20,37.4973,37.4973,37.4973,37.4973,1.0
2025-11-21,37.6834,37.6834,37.6834,37.6834,1.0
2025-11-24,37.7261,37.7261,37.7261,37.7261,1.0
2025-11-25,38.1769,38.1769,38.1769,38.1769,1.0
2025-11-26,38.474,38.474,38.474,38.474,1.0
2025-11-27,38.4381,38.4381,38.4381,38.4381,1.0
2025-11-28,38.5991,38.5991,38.5991,38.5991,1.0
2025-11-30,38.599,38.599,38.599,38.599,1.0
2025-12-01,39.4866,39.4866,39.4866,39.4866,1.0
2025-12-02,39.0608,39.0608,39.0608,39.0608,1.0
2025-12-03,39.2721,39.2721,39.2721,39.2721,1.0
2025-12-04,39.1503,39.1503,39.1503,39.1503,1.0
2025-12-05,39.4618,39.4618,39.4618,39.4618,1.0
2025-12-08,39.4151,39.4151,39.4151,39.4151,1.0
2025-12-09,39.2253,39.2253,39.2253,39.2253,1.0
2025-12-10,39.2109,39.2109,39.2109,39.2109,1.0
2025-12-11,39.5113,39.5113,39.5113,39.5113,1.0
2025-12-12,40.4349,40.4349,40.4349,40.4349,1.0
2025-12-15,40.9682,40.9682,40.9682,40.9682,1.0
2025-12-16,40.4106,40.4106,40.4106,40.4106,1.0
2025-12-17,40.5573,40.5573,40.5573,40.5573,1.0
2025-12-18,40.5751,40.5751,40.5751,40.5751,1.0
2025-12-19,40.489,40.489,40.489,40.489,1.0
2025-12-22,41.1584,41.1584,41.1584,41.1584,1.0
2025-12-23,41.7311,41.7311,41.7311,41.7311,1.0
2025-12-24,41.7919,41.7919,41.7919,41.7919,1.0
2025-12-26,42.1247,42.1247,42.1247,42.1247,1.0
2025-12-29,41.8101,41.8101,41.8101,41.8101,1.0
2025-12-30,41.0373,41.0373,41.0373,41.0373,1.0
2025-12-31,40.658,40.658,40.658,40.658,1.0
2026-01-01,40.8084,40.8084,40.8084,40.8084,1.0
2026-01-02,41.3562,41.3562,41.3562,41.3562,1.0
2026-01-05,41.6713,41.6713,41.6713,41.6713,1.0
2026-01-06,41.7602,41.7602,41.7602,41.7602,1.0
2026-01-07,41.674,41.674,41.674,41.674,1.0
2026-01-08,41.4269,41.4269,41.4269,41.4269,1.0
2026-01-09,41.8995,41.8995,41.8995,41.8995,1.0
2026-01-12,43.1883,43.1883,43.1883,43.1883,1.0
2026-01-13,43.0023,43.0023,43.0023,43.0023,1.0
2026-01-14,43.6753,43.6753,43.6753,43.6753,1.0
2026-01-16,43.5144,43.5144,43.5144,43.5144,1.0
2026-01-19,44.5708,44.5708,44.5708,44.5708,1.0
2026-01-20,46.3546,46.3546,46.3546,46.3546,1.0
2026-01-21,49.6214,49.6214,49.6214,49.6214,1.0
2026-01-22,46.0576,46.0576,46.0576,46.0576,1.0
2026-01-23,47.0877,47.0877,47.0877,47.0877,1.0
2026-01-27,48.4901,48.4901,48.4901,48.4901,1.0
2026-01-28,50.1683,50.1683,50.1683,50.1683,1.0
2026-01-29,54.1209,54.1209,54.1209,54.1209,1.0
2026-01-30,48.8414,48.8414,48.8414,48.8414,1.0
2026-01-31,48.842,48.842,48.842,48.842,1.0
2026-02-02,44.6906,44.6906,44.6906,44.6906,1.0
2026-02-03,46.1744,46.1744,46.1744,46.1744,1.0
2026-02-04,48.0572,48.0572,48.0572,48.0572,1.0
2026-02-05,46.4452,46.4452,46.4452,46.4452,1.0
2026-02-06,46.2732,46.2732,46.2732,46.2732,1.0
2026-02-09,47.2648,47.2648,47.2648,47.2648,1.0
2026-02-10,47.4189,47.4189,47.4189,47.4189,1.0
2026-02-11,47.5585,47.5585,47.5585,47.5585,1.0
2026-02-12,47.5225,47.5225,47.5225,47.5225,1.0
2026-02-13,46.6153,46.6153,46.6153,46.6153,1.0
2026-02-16,46.9586,46.9586,46.9586,46.9586,1.0
2026-02-17,45.9978,45.9978,45.9978,45.9978,1.0
2026-02-18,45.9798,45.9798,45.9798,45.9798,1.0
2026-02-20,47.1334,47.1334,47.1334,47.1334,1.0
2026-02-23,48.0131,48.0131,48.0131,48.0131,1.0
2026-02-24,48.5039,48.5039,48.5039,48.5039,1.0
2026-02-25,48.6543,48.6543,48.6543,48.6543,1.0
2026-02-26,48.2597,48.2597,48.2597,48.2597,1.0
2026-02-27,48.6643,48.6643,48.6643,48.6643,1.0
2026-02-28,48.664,48.664,48.664,48.664,1.0
2026-03-02,51.1612,51.1612,51.1612,51.1612,1.0
2026-03-04,49.4627,49.4627,49.4627,49.4627,1.0
2026-03-05,48.9118,48.9118,48.9118,48.9118,1.0
2026-03-06,48.3309,48.3309,48.3309,48.3309,1.0
2026-03-09,48.5631,48.5631,48.5631,48.5631,1.0
2026-03-10,48.8891,48.8891,48.8891,48.8891,1.0
2026-03-11,49.0501,49.0501,49.0501,49.0501,1.0
2026-03-12,48.9566,48.9566,48.9566,48.9566,1.0
2026-03-13,48.1963,48.1963,48.1963,48.1963,1.0
2026-03-16,46.9875,46.9875,46.9875,46.9875,1.0
2026-03-17,47.3495,47.3495,47.3495,47.3495,1.0
2026-03-18,47.2561,47.2561,47.2561,47.2561,1.0
2026-03-19,44.7394,44.7394,44.7394,44.7394,1.0
2026-03-20,44.7141,44.7141,44.7141,44.7141,1.0
2026-03-23,40.7502,40.7502,40.7502,40.7502,1.0
2026-03-24,42.7272,42.7272,42.7272,42.7272,1.0
2026-03-25,44.0573,44.0573,44.0573,44.0573,1.0
2026-03-27,43.5121,43.5121,43.5121,43.5121,1.0
2026-03-30,44.8264,44.8264,44.8264,44.8264,1.0
2026-03-31,44.8262,44.8262,44.8262,44.8262,1.0
2026-04-01,45.629,45.629,45.629,45.629,1.0
2026-04-02,44.5501,44.5501,44.5501,44.5501,1.0
2026-04-06,45.4052,45.4052,45.4052,45.4052,1.0
2026-04-07,45.0035,45.0035,45.0035,45.0035,1.0
2026-04-08,45.9421,45.9421,45.9421,45.9421,1.0
2026-04-09,45.5225,45.5225,45.5225,45.5225,1.0
2026-04-10,45.619,45.619,45.619,45.619,1.0
2026-04-13,45.722,45.722,45.722,45.722,1.0
2026-04-15,46.3344,46.3344,46.3344,46.3344,1.0
2026-04-16,46.3842,46.3842,46.3842,46.3842,1.0
2026-04-17,46.1115,46.1115,46.1115,46.1115,1.0
2026-04-20,46.1823,46.1823,46.1823,46.1823,1.0
2026-04-21,46.2716,46.2716,46.2716,46.2716,1.0
2026-04-22,46.1745,46.1745,46.1745,46.1745,1.0
2026-04-23,45.8373,45.8373,45.8373,45.8373,1.0
2026-04-24,45.7653,45.7653,45.7653,45.7653,1.0
2026-04-27,45.9078,45.9078,45.9078,45.9078,1.0
2026-04-28,45.3197,45.3197,45.3197,45.3197,1.0
2026-04-29,44.9252,44.9252,44.9252,44.9252,1.0
2026-04-30,45.6596,45.6596,45.6596,45.6596,1.0
2026-05-04,45.275,45.275,45.275,45.275,1.0
2026-05-05,45.1458,45.1458,45.1458,45.1458,1.0
2026-05-06,45.88,45.88,45.88,45.88,1.0
2026-05-07,45.9621,45.9621,45.9621,45.9621,1.0
2026-05-08,45.926,45.926,45.926,45.926,1.0
2026-05-11,45.5237,45.5237,45.5237,45.5237,1.0
2026-05-12,45.9607,45.9607,45.9607,45.9607,1.0
2026-05-13,48.5672,48.5672,48.5672,48.5672,1.0
2026-05-14,48.6278,48.6278,48.6278,48.6278,1.0
2026-05-15,47.7529,47.7529,47.7529,47.7529,1.0
2026-05-18,47.9097,47.9097,47.9097,47.9097,1.0
2026-05-19,48.2678,48.2678,48.2678,48.2678,1.0
2026-05-20,48.1241,48.1241,48.1241,48.1241,1.0
2026-05-21,48.3281,48.3281,48.3281,48.3281,1.0
2026-05-22,48.2131,48.2131,48.2131,48.2131,1.0
2026-05-25,48.2336,48.2336,48.2336,48.2336,1.0
2026-05-26,47.8497,47.8497,47.8497,47.8497,1.0
2026-05-27,47.6523,47.6523,47.6523,47.6523,1.0
2026-05-29,47.5335,47.5335,47.5335,47.5335,1.0
2026-05-31,47.5329,47.5329,47.5329,47.5329,1.0
2026-06-01,47.1025,47.1025,47.1025,47.1025,1.0
2026-06-02,47.5609,47.5609,47.5609,47.5609,1.0
2026-06-03,47.1772,47.1772,47.1772,47.1772,1.0
2026-06-04,47.4851,47.4851,47.4851,47.4851,1.0
2026-06-05,47.216,47.216,47.216,47.216,1.0
2026-06-08,45.8895,45.8895,45.8895,45.8895,1.0
2026-06-09,46.3516,46.3516,46.3516,46.3516,1.0
2026-06-10,44.7747,44.7747,44.7747,44.7747,1.0
2026-06-11,44.058,44.058,44.058,44.058,1.0
2026-06-12,45.0392,45.0392,45.0392,45.0392,1.0
2026-06-15,45.8873,45.8873,45.8873,45.8873,1.0
2026-06-16,45.8476,45.8476,45.8476,45.8476,1.0
2026-06-17,45.704,45.704,45.704,45.704,1.0
2026-06-18,45.1161,45.1161,45.1161,45.1161,1.0
2026-06-19,44.2416,44.2416,44.2416,44.2416,1.0
2026-06-22,44.7531,44.7531,44.7531,44.7531,1.0
2026-06-23,43.9179,43.9179,43.9179,43.9179,1.0
2026-06-24,43.4231,43.4231,43.4231,43.4231,1.0
2026-06-25,42.3836,42.3836,42.3836,42.3836,1.0
2026-06-29,43.1276,43.1276,43.1276,43.1276,1.0
2026-06-30,42.8263,42.8263,42.8263,42.8263,1.0
2026-07-01,42.672,42.672,42.672,42.672,1.0
2026-07-02,43.4921,43.4921,43.4921,43.4921,1.0
2026-07-03,44.4697,44.4697,44.4697,44.4697,1.0
