Date,Open,High,Low,Close,Volume
2013-01-02,18.66,18.66,18.66,18.66,1.0
2013-01-03,18.73,18.73,18.73,18.73,1.0
2013-01-04,18.76,18.76,18.76,18.76,1.0
2013-01-07,18.72,18.72,18.72,18.72,1.0
2013-01-08,18.76,18.76,18.76,18.76,1.0
2013-01-09,18.76,18.76,18.76,18.76,1.0
2013-01-10,18.77,18.77,18.77,18.77,1.0
2013-01-11,18.69,18.69,18.69,18.69,1.0
2013-01-14,18.84,18.84,18.84,18.84,1.0
2013-01-15,18.94,18.94,18.94,18.94,1.0
2013-01-16,18.78,18.78,18.78,18.78,1.0
2013-01-17,18.94,18.94,18.94,18.94,1.0
2013-01-18,18.97,18.97,18.97,18.97,1.0
2013-01-21,19.08,19.08,19.08,19.08,1.0
2013-01-22,18.93,18.93,18.93,18.93,1.0
2013-01-23,18.91,18.91,18.91,18.91,1.0
2013-01-24,18.8,18.8,18.8,18.8,1.0
2013-01-25,18.99,18.99,18.99,18.99,1.0
2013-01-28,19.02,19.02,19.02,19.02,1.0
2013-01-29,18.89,18.89,18.89,18.89,1.0
2013-01-30,18.89,18.89,18.89,18.89,1.0
2013-01-31,18.78,18.78,18.78,18.78,1.0
2013-02-01,18.74,18.74,18.74,18.74,1.0
2013-02-04,18.67,18.67,18.67,18.67,1.0
2013-02-05,18.55,18.55,18.55,18.55,1.0
2013-02-06,18.57,18.57,18.57,18.57,1.0
2013-02-07,18.49,18.49,18.49,18.49,1.0
2013-02-08,18.39,18.39,18.39,18.39,1.0
2013-02-11,18.38,18.38,18.38,18.38,1.0
2013-02-12,18.48,18.48,18.48,18.48,1.0
2013-02-13,18.47,18.47,18.47,18.47,1.0
2013-02-14,18.4,18.4,18.4,18.4,1.0
2013-02-15,18.35,18.35,18.35,18.35,1.0
2013-02-18,18.36,18.36,18.36,18.36,1.0
2013-02-19,18.5,18.5,18.5,18.5,1.0
2013-02-20,18.51,18.51,18.51,18.51,1.0
2013-02-21,18.24,18.24,18.24,18.24,1.0
2013-02-22,18.26,18.26,18.26,18.26,1.0
2013-02-25,18.28,18.28,18.28,18.28,1.0
2013-02-26,18.07,18.07,18.07,18.07,1.0
2013-02-27,18.14,18.14,18.14,18.14,1.0
2013-02-28,17.87,17.87,17.87,17.87,1.0
2013-03-01,17.97,17.97,17.97,17.97,1.0
2013-03-04,17.92,17.92,17.92,17.92,1.0
2013-03-05,18.11,18.11,18.11,18.11,1.0
2013-03-06,18.24,18.24,18.24,18.24,1.0
2013-03-07,18.33,18.33,18.33,18.33,1.0
2013-03-08,18.56,18.56,18.56,18.56,1.0
2013-03-11,18.53,18.53,18.53,18.53,1.0
2013-03-12,18.45,18.45,18.45,18.45,1.0
2013-03-13,18.25,18.25,18.25,18.25,1.0
2013-03-14,18.42,18.42,18.42,18.42,1.0
2013-03-15,18.27,18.27,18.27,18.27,1.0
2013-03-18,18.16,18.16,18.16,18.16,1.0
2013-03-19,17.96,17.96,17.96,17.96,1.0
2013-03-20,17.76,17.76,17.76,17.76,1.0
2013-03-21,17.64,17.64,17.64,17.64,1.0
2013-03-22,17.59,17.59,17.59,17.59,1.0
2013-03-25,17.51,17.51,17.51,17.51,1.0
2013-03-26,17.49,17.49,17.49,17.49,1.0
2013-03-28,17.67,17.67,17.67,17.67,1.0
2013-04-01,17.72,17.72,17.72,17.72,1.0
2013-04-02,17.82,17.82,17.82,17.82,1.0
2013-04-03,17.58,17.58,17.58,17.58,1.0
2013-04-04,17.31,17.31,17.31,17.31,1.0
2013-04-05,17.29,17.29,17.29,17.29,1.0
2013-04-08,17.32,17.32,17.32,17.32,1.0
2013-04-09,17.15,17.15,17.15,17.15,1.0
2013-04-10,17.36,17.36,17.36,17.36,1.0
2013-04-11,17.46,17.46,17.46,17.46,1.0
2013-04-12,17.34,17.34,17.34,17.34,1.0
2013-04-15,17.41,17.41,17.41,17.41,1.0
2013-04-16,17.66,17.66,17.66,17.66,1.0
2013-04-17,17.72,17.72,17.72,17.72,1.0
2013-04-18,17.89,17.89,17.89,17.89,1.0
2013-04-22,18.06,18.06,18.06,18.06,1.0
2013-04-23,18.03,18.03,18.03,18.03,1.0
2013-04-25,18.24,18.24,18.24,18.24,1.0
2013-04-26,18.22,18.22,18.22,18.22,1.0
2013-04-29,18.35,18.35,18.35,18.35,1.0
2013-04-30,18.43,18.43,18.43,18.43,1.0
2013-05-02,18.57,18.57,18.57,18.57,1.0
2013-05-03,18.37,18.37,18.37,18.37,1.0
2013-05-06,18.47,18.47,18.47,18.47,1.0
2013-05-07,18.68,18.68,18.68,18.68,1.0
2013-05-08,18.72,18.72,18.72,18.72,1.0
2013-05-09,18.66,18.66,18.66,18.66,1.0
2013-05-10,18.87,18.87,18.87,18.87,1.0
2013-05-13,18.54,18.54,18.54,18.54,1.0
2013-05-14,18.61,18.61,18.61,18.61,1.0
2013-05-15,18.98,18.98,18.98,18.98,1.0
2013-05-16,19.08,19.08,19.08,19.08,1.0
2013-05-17,19.1,19.1,19.1,19.1,1.0
2013-05-20,19.02,19.02,19.02,19.02,1.0
2013-05-21,18.88,18.88,18.88,18.88,1.0
2013-05-22,18.84,18.84,18.84,18.84,1.0
2013-05-23,18.48,18.48,18.48,18.48,1.0
2013-05-24,18.57,18.57,18.57,18.57,1.0
2013-05-27,18.79,18.79,18.79,18.79,1.0
2013-05-28,18.87,18.87,18.87,18.87,1.0
2013-05-29,18.84,18.84,18.84,18.84,1.0
2013-05-30,18.92,18.92,18.92,18.92,1.0
2013-05-31,18.61,18.61,18.61,18.61,1.0
2013-06-03,18.48,18.48,18.48,18.48,1.0
2013-06-04,18.46,18.46,18.46,18.46,1.0
2013-06-05,18.47,18.47,18.47,18.47,1.0
2013-06-06,18.46,18.46,18.46,18.46,1.0
2013-06-07,18.38,18.38,18.38,18.38,1.0
2013-06-10,18.32,18.32,18.32,18.32,1.0
2013-06-11,18.1,18.1,18.1,18.1,1.0
2013-06-12,18.06,18.06,18.06,18.06,1.0
2013-06-13,17.86,17.86,17.86,17.86,1.0
2013-06-14,18.13,18.13,18.13,18.13,1.0
2013-06-17,18.22,18.22,18.22,18.22,1.0
2013-06-18,18.17,18.17,18.17,18.17,1.0
2013-06-19,18.23,18.23,18.23,18.23,1.0
2013-06-20,17.8,17.8,17.8,17.8,1.0
2013-06-21,17.81,17.81,17.81,17.81,1.0
2013-06-24,17.5,17.5,17.5,17.5,1.0
2013-06-25,17.49,17.49,17.49,17.49,1.0
2013-06-26,17.43,17.43,17.43,17.43,1.0
2013-06-27,17.67,17.67,17.67,17.67,1.0
2013-06-28,18.07,18.07,18.07,18.07,1.0
2013-07-01,18.19,18.19,18.19,18.19,1.0
2013-07-02,18.08,18.08,18.08,18.08,1.0
2013-07-03,17.81,17.81,17.81,17.81,1.0
2013-07-04,18.05,18.05,18.05,18.05,1.0
2013-07-05,18.12,18.12,18.12,18.12,1.0
2013-07-08,18.0,18.0,18.0,18.0,1.0
2013-07-09,18.14,18.14,18.14,18.14,1.0
2013-07-10,18.09,18.09,18.09,18.09,1.0
2013-07-11,18.36,18.36,18.36,18.36,1.0
2013-07-12,18.61,18.61,18.61,18.61,1.0
2013-07-15,18.75,18.75,18.75,18.75,1.0
2013-07-16,18.5,18.5,18.5,18.5,1.0
2013-07-17,18.43,18.43,18.43,18.43,1.0
2013-07-18,18.61,18.61,18.61,18.61,1.0
2013-07-19,18.66,18.66,18.66,18.66,1.0
2013-07-22,18.72,18.72,18.72,18.72,1.0
2013-07-23,18.85,18.85,18.85,18.85,1.0
2013-07-24,18.58,18.58,18.58,18.58,1.0
2013-07-25,18.34,18.34,18.34,18.34,1.0
2013-07-26,18.28,18.28,18.28,18.28,1.0
2013-07-29,18.1,18.1,18.1,18.1,1.0
2013-07-30,17.82,17.82,17.82,17.82,1.0
2013-07-31,17.89,17.89,17.89,17.89,1.0
2013-08-01,17.92,17.92,17.92,17.92,1.0
2013-08-02,17.79,17.79,17.79,17.79,1.0
2013-08-05,17.85,17.85,17.85,17.85,1.0
2013-08-06,17.45,17.45,17.45,17.45,1.0
2013-08-07,17.42,17.42,17.42,17.42,1.0
2013-08-08,17.6,17.6,17.6,17.6,1.0
2013-08-12,17.76,17.76,17.76,17.76,1.0
2013-08-13,18.05,18.05,18.05,18.05,1.0
2013-08-14,18.23,18.23,18.23,18.23,1.0
2013-08-16,17.66,17.66,17.66,17.66,1.0
2013-08-19,17.39,17.39,17.39,17.39,1.0
2013-08-20,17.44,17.44,17.44,17.44,1.0
2013-08-21,17.08,17.08,17.08,17.08,1.0
2013-08-22,17.33,17.33,17.33,17.33,1.0
2013-08-23,17.55,17.55,17.55,17.55,1.0
2013-08-26,17.6,17.6,17.6,17.6,1.0
2013-08-27,17.08,17.08,17.08,17.08,1.0
2013-08-28,17.03,17.03,17.03,17.03,1.0
2013-08-29,17.4,17.4,17.4,17.4,1.0
2013-08-30,17.62,17.62,17.62,17.62,1.0
2013-09-02,17.78,17.78,17.78,17.78,1.0
2013-09-03,17.26,17.26,17.26,17.26,1.0
2013-09-04,17.53,17.53,17.53,17.53,1.0
2013-09-05,17.97,17.97,17.97,17.97,1.0
2013-09-06,18.22,18.22,18.22,18.22,1.0
2013-09-10,18.7,18.7,18.7,18.7,1.0
2013-09-11,18.77,18.77,18.77,18.77,1.0
2013-09-12,18.61,18.61,18.61,18.61,1.0
2013-09-13,18.54,18.54,18.54,18.54,1.0
2013-09-16,18.56,18.56,18.56,18.56,1.0
2013-09-17,18.65,18.65,18.65,18.65,1.0
2013-09-18,18.8,18.8,18.8,18.8,1.0
2013-09-19,19.39,19.39,19.39,19.39,1.0
2013-09-20,19.15,19.15,19.15,19.15,1.0
2013-09-23,18.85,18.85,18.85,18.85,1.0
2013-09-24,18.86,18.86,18.86,18.86,1.0
2013-09-25,18.8,18.8,18.8,18.8,1.0
2013-09-26,18.79,18.79,18.79,18.79,1.0
2013-09-27,18.66,18.66,18.66,18.66,1.0
2013-09-30,18.44,18.44,18.44,18.44,1.0
2013-10-01,18.55,18.55,18.55,18.55,1.0
2013-10-03,18.88,18.88,18.88,18.88,1.0
2013-10-04,18.92,18.92,18.92,18.92,1.0
2013-10-07,18.92,18.92,18.92,18.92,1.0
2013-10-08,19.01,19.01,19.01,19.01,1.0
2013-10-09,19.25,19.25,19.25,19.25,1.0
2013-10-10,19.32,19.32,19.32,19.32,1.0
2013-10-11,19.52,19.52,19.52,19.52,1.0
2013-10-14,19.57,19.57,19.57,19.57,1.0
2013-10-15,19.48,19.48,19.48,19.48,1.0
2013-10-17,19.35,19.35,19.35,19.35,1.0
2013-10-18,19.74,19.74,19.74,19.74,1.0
2013-10-21,19.82,19.82,19.82,19.82,1.0
2013-10-22,19.77,19.77,19.77,19.77,1.0
2013-10-23,19.77,19.77,19.77,19.77,1.0
2013-10-24,19.76,19.76,19.76,19.76,1.0
2013-10-25,19.69,19.69,19.69,19.69,1.0
2013-10-28,19.55,19.55,19.55,19.55,1.0
2013-10-29,19.95,19.95,19.95,19.95,1.0
2013-10-30,20.05,20.05,20.05,20.05,1.0
2013-10-31,20.22,20.22,20.22,20.22,1.0
2013-11-01,20.25,20.25,20.25,20.25,1.0
2013-11-05,20.16,20.16,20.16,20.16,1.0
2013-11-06,20.09,20.09,20.09,20.09,1.0
2013-11-07,19.98,19.98,19.98,19.98,1.0
2013-11-08,19.93,19.93,19.93,19.93,1.0
2013-11-11,19.78,19.78,19.78,19.78,1.0
2013-11-12,19.59,19.59,19.59,19.59,1.0
2013-11-13,19.46,19.46,19.46,19.46,1.0
2013-11-14,19.66,19.66,19.66,19.66,1.0
2013-11-18,20.02,20.02,20.02,20.02,1.0
2013-11-19,20.06,20.06,20.06,20.06,1.0
2013-11-20,19.79,19.79,19.79,19.79,1.0
2013-11-21,19.41,19.41,19.41,19.41,1.0
2013-11-22,19.4,19.4,19.4,19.4,1.0
2013-11-25,19.77,19.77,19.77,19.77,1.0
2013-11-26,19.65,19.65,19.65,19.65,1.0
2013-11-27,19.68,19.68,19.68,19.68,1.0
2013-11-28,19.73,19.73,19.73,19.73,1.0
2013-11-29,20.02,20.02,20.02,20.02,1.0
2013-12-02,20.12,20.12,20.12,20.12,1.0
2013-12-03,20.05,20.05,20.05,20.05,1.0
2013-12-04,19.92,19.92,19.92,19.92,1.0
2013-12-05,20.22,20.22,20.22,20.22,1.0
2013-12-06,20.23,20.23,20.23,20.23,1.0
2013-12-09,20.55,20.55,20.55,20.55,1.0
2013-12-10,20.47,20.47,20.47,20.47,1.0
2013-12-11,20.39,20.39,20.39,20.39,1.0
2013-12-12,20.19,20.19,20.19,20.19,1.0
2013-12-13,20.0,20.0,20.0,20.0,1.0
2013-12-16,20.06,20.06,20.06,20.06,1.0
2013-12-17,20.0,20.0,20.0,20.0,1.0
2013-12-18,20.22,20.22,20.22,20.22,1.0
2013-12-19,20.12,20.12,20.12,20.12,1.0
2013-12-20,20.45,20.45,20.45,20.45,1.0
2013-12-23,20.45,20.45,20.45,20.45,1.0
2013-12-24,20.4,20.4,20.4,20.4,1.0
2013-12-26,20.43,20.43,20.43,20.43,1.0
2013-12-27,20.51,20.51,20.51,20.51,1.0
2013-12-30,20.43,20.43,20.43,20.43,1.0
2013-12-31,20.44,20.44,20.44,20.44,1.0
2014-01-01,20.46,20.46,20.46,20.46,1.0
2014-01-02,20.22,20.22,20.22,20.22,1.0
2014-01-03,20.26,20.26,20.26,20.26,1.0
2014-01-06,20.19,20.19,20.19,20.19,1.0
2014-01-07,20.08,20.08,20.08,20.08,1.0
2014-01-08,20.14,20.14,20.14,20.14,1.0
2014-01-09,20.16,20.16,20.16,20.16,1.0
2014-01-10,20.14,20.14,20.14,20.14,1.0
2014-01-13,20.38,20.38,20.38,20.38,1.0
2014-01-14,20.31,20.31,20.31,20.31,1.0
2014-01-15,20.52,20.52,20.52,20.52,1.0
2014-01-16,20.44,20.44,20.44,20.44,1.0
2014-01-17,20.3,20.3,20.3,20.3,1.0
2014-01-20,20.41,20.41,20.41,20.41,1.0
2014-01-21,20.44,20.44,20.44,20.44,1.0
2014-01-22,20.49,20.49,20.49,20.49,1.0
2014-01-23,20.44,20.44,20.44,20.44,1.0
2014-01-24,20.2,20.2,20.2,20.2,1.0
2014-01-27,19.76,19.76,19.76,19.76,1.0
2014-01-28,19.67,19.67,19.67,19.67,1.0
2014-01-29,19.7,19.7,19.7,19.7,1.0
2014-01-30,19.52,19.52,19.52,19.52,1.0
2014-01-31,19.75,19.75,19.75,19.75,1.0
2014-02-03,19.53,19.53,19.53,19.53,1.0
2014-02-04,19.53,19.53,19.53,19.53,1.0
2014-02-05,19.64,19.64,19.64,19.64,1.0
2014-02-06,19.73,19.73,19.73,19.73,1.0
2014-02-07,19.8,19.8,19.8,19.8,1.0
2014-02-10,19.82,19.82,19.82,19.82,1.0
2014-02-11,19.9,19.9,19.9,19.9,1.0
2014-02-12,20.0,20.0,20.0,20.0,1.0
2014-02-13,19.69,19.69,19.69,19.69,1.0
2014-02-14,19.82,19.82,19.82,19.82,1.0
2014-02-17,19.88,19.88,19.88,19.88,1.0
2014-02-18,20.0,20.0,20.0,20.0,1.0
2014-02-19,20.12,20.12,20.12,20.12,1.0
2014-02-20,19.95,19.95,19.95,19.95,1.0
2014-02-21,20.13,20.13,20.13,20.13,1.0
2014-02-24,20.19,20.19,20.19,20.19,1.0
2014-02-25,20.22,20.22,20.22,20.22,1.0
2014-02-26,20.33,20.33,20.33,20.33,1.0
2014-02-28,20.42,20.42,20.42,20.42,1.0
2014-03-03,20.3,20.3,20.3,20.3,1.0
2014-03-04,20.48,20.48,20.48,20.48,1.0
2014-03-05,20.61,20.61,20.61,20.61,1.0
2014-03-06,20.83,20.83,20.83,20.83,1.0
2014-03-07,21.16,21.16,21.16,21.16,1.0
2014-03-10,21.2,21.2,21.2,21.2,1.0
2014-03-11,21.12,21.12,21.12,21.12,1.0
2014-03-12,21.13,21.13,21.13,21.13,1.0
2014-03-13,21.1,21.1,21.1,21.1,1.0
2014-03-14,21.1,21.1,21.1,21.1,1.0
2014-03-18,21.21,21.21,21.21,21.21,1.0
2014-03-19,21.21,21.21,21.21,21.21,1.0
2014-03-20,21.08,21.08,21.08,21.08,1.0
2014-03-21,21.11,21.11,21.11,21.11,1.0
2014-03-24,21.4,21.4,21.4,21.4,1.0
2014-03-25,21.43,21.43,21.43,21.43,1.0
2014-03-26,21.47,21.47,21.47,21.47,1.0
2014-03-27,21.59,21.59,21.59,21.59,1.0
2014-03-28,21.77,21.77,21.77,21.77,1.0
2014-03-31,21.83,21.83,21.83,21.83,1.0
2014-04-01,21.82,21.82,21.82,21.82,1.0
2014-04-02,21.97,21.97,21.97,21.97,1.0
2014-04-03,21.87,21.87,21.87,21.87,1.0
2014-04-04,21.77,21.77,21.77,21.77,1.0
2014-04-07,21.77,21.77,21.77,21.77,1.0
2014-04-09,22.04,22.04,22.04,22.04,1.0
2014-04-10,22.03,22.03,22.03,22.03,1.0
2014-04-11,22.02,22.02,22.02,22.02,1.0
2014-04-15,21.86,21.86,21.86,21.86,1.0
2014-04-16,21.68,21.68,21.68,21.68,1.0
2014-04-17,21.95,21.95,21.95,21.95,1.0
2014-04-21,22.07,22.07,22.07,22.07,1.0
2014-04-22,22.09,22.09,22.09,22.09,1.0
2014-04-23,22.24,22.24,22.24,22.24,1.0
2014-04-25,22.08,22.08,22.08,22.08,1.0
2014-04-28,22.12,22.12,22.12,22.12,1.0
2014-04-29,21.96,21.96,21.96,21.96,1.0
2014-04-30,21.87,21.87,21.87,21.87,1.0
2014-05-02,21.91,21.91,21.91,21.91,1.0
2014-05-05,21.92,21.92,21.92,21.92,1.0
2014-05-06,21.98,21.98,21.98,21.98,1.0
2014-05-07,21.83,21.83,21.83,21.83,1.0
2014-05-08,21.88,21.88,21.88,21.88,1.0
2014-05-09,22.5,22.5,22.5,22.5,1.0
2014-05-12,22.99,22.99,22.99,22.99,1.0
2014-05-13,23.25,23.25,23.25,23.25,1.0
2014-05-14,23.28,23.28,23.28,23.28,1.0
2014-05-15,23.29,23.29,23.29,23.29,1.0
2014-05-16,23.6,23.6,23.6,23.6,1.0
2014-05-19,23.9,23.9,23.9,23.9,1.0
2014-05-20,24.0,24.0,24.0,24.0,1.0
2014-05-21,23.94,23.94,23.94,23.94,1.0
2014-05-22,24.06,24.06,24.06,24.06,1.0
2014-05-23,24.41,24.41,24.41,24.41,1.0
2014-05-26,24.38,24.38,24.38,24.38,1.0
2014-05-27,24.32,24.32,24.32,24.32,1.0
2014-05-28,24.41,24.41,24.41,24.41,1.0
2014-05-29,24.1,24.1,24.1,24.1,1.0
2014-05-30,24.05,24.05,24.05,24.05,1.0
2014-06-02,24.58,24.58,24.58,24.58,1.0
2014-06-03,24.76,24.76,24.76,24.76,1.0
2014-06-04,24.81,24.81,24.81,24.81,1.0
2014-06-05,25.05,25.05,25.05,25.05,1.0
2014-06-06,25.42,25.42,25.42,25.42,1.0
2014-06-09,25.63,25.63,25.63,25.63,1.0
2014-06-10,25.57,25.57,25.57,25.57,1.0
2014-06-11,25.48,25.48,25.48,25.48,1.0
2014-06-12,25.61,25.61,25.61,25.61,1.0
2014-06-13,25.24,25.24,25.24,25.24,1.0
2014-06-16,25.22,25.22,25.22,25.22,1.0
2014-06-17,25.56,25.56,25.56,25.56,1.0
2014-06-18,25.41,25.41,25.41,25.41,1.0
2014-06-19,25.27,25.27,25.27,25.27,1.0
2014-06-20,25.16,25.16,25.16,25.16,1.0
2014-06-23,25.12,25.12,25.12,25.12,1.0
2014-06-24,25.38,25.38,25.38,25.38,1.0
2014-06-25,25.3,25.3,25.3,25.3,1.0
2014-06-26,25.1,25.1,25.1,25.1,1.0
2014-06-27,25.22,25.22,25.22,25.22,1.0
2014-06-30,25.54,25.54,25.54,25.54,1.0
2014-07-01,25.74,25.74,25.74,25.74,1.0
2014-07-02,25.99,25.99,25.99,25.99,1.0
2014-07-03,26.0,26.0,26.0,26.0,1.0
2014-07-04,26.2,26.2,26.2,26.2,1.0
2014-07-07,26.19,26.19,26.19,26.19,1.0
2014-07-08,25.57,25.57,25.57,25.57,1.0
2014-07-09,25.44,25.44,25.44,25.44,1.0
2014-07-10,25.43,25.43,25.43,25.43,1.0
2014-07-11,25.03,25.03,25.03,25.03,1.0
2014-07-14,25.03,25.03,25.03,25.03,1.0
2014-07-15,25.37,25.37,25.37,25.37,1.0
2014-07-16,25.79,25.79,25.79,25.79,1.0
2014-07-17,25.88,25.88,25.88,25.88,1.0
2014-07-18,25.96,25.96,25.96,25.96,1.0
2014-07-21,25.93,25.93,25.93,25.93,1.0
2014-07-22,26.09,26.09,26.09,26.09,1.0
2014-07-23,26.07,26.07,26.07,26.07,1.0
2014-07-24,26.16,26.16,26.16,26.16,1.0
2014-07-25,25.94,25.94,25.94,25.94,1.0
2014-07-28,25.85,25.85,25.85,25.85,1.0
2014-07-30,26.06,26.06,26.06,26.06,1.0
2014-07-31,25.89,25.89,25.89,25.89,1.0
2014-08-01,25.61,25.61,25.61,25.61,1.0
2014-08-04,25.87,25.87,25.87,25.87,1.0
2014-08-05,26.04,26.04,26.04,26.04,1.0
2014-08-06,25.81,25.81,25.81,25.81,1.0
2014-08-07,25.77,25.77,25.77,25.77,1.0
2014-08-08,25.52,25.52,25.52,25.52,1.0
2014-08-11,25.67,25.67,25.67,25.67,1.0
2014-08-12,25.87,25.87,25.87,25.87,1.0
2014-08-13,25.85,25.85,25.85,25.85,1.0
2014-08-14,26.03,26.03,26.03,26.03,1.0
2014-08-18,26.34,26.34,26.34,26.34,1.0
2014-08-19,26.5,26.5,26.5,26.5,1.0
2014-08-20,26.45,26.45,26.45,26.45,1.0
2014-08-21,26.55,26.55,26.55,26.55,1.0
2014-08-22,26.68,26.68,26.68,26.68,1.0
2014-08-25,26.66,26.66,26.66,26.66,1.0
2014-08-26,26.67,26.67,26.67,26.67,1.0
2014-08-27,26.81,26.81,26.81,26.81,1.0
2014-08-28,26.9,26.9,26.9,26.9,1.0
2014-09-01,27.26,27.26,27.26,27.26,1.0
2014-09-02,27.52,27.52,27.52,27.52,1.0
2014-09-03,27.57,27.57,27.57,27.57,1.0
2014-09-04,27.49,27.49,27.49,27.49,1.0
2014-09-05,27.42,27.42,27.42,27.42,1.0
2014-09-08,27.68,27.68,27.68,27.68,1.0
2014-09-09,27.66,27.66,27.66,27.66,1.0
2014-09-10,27.54,27.54,27.54,27.54,1.0
2014-09-11,27.72,27.72,27.72,27.72,1.0
2014-09-12,27.79,27.79,27.79,27.79,1.0
2014-09-15,27.71,27.71,27.71,27.71,1.0
2014-09-16,27.23,27.23,27.23,27.23,1.0
2014-09-17,27.39,27.39,27.39,27.39,1.0
2014-09-18,27.81,27.81,27.81,27.81,1.0
2014-09-19,27.8,27.8,27.8,27.8,1.0
2014-09-22,27.85,27.85,27.85,27.85,1.0
2014-09-23,27.46,27.46,27.46,27.46,1.0
2014-09-24,27.41,27.41,27.41,27.41,1.0
2014-09-25,27.07,27.07,27.07,27.07,1.0
2014-09-26,27.26,27.26,27.26,27.26,1.0
2014-09-29,27.23,27.23,27.23,27.23,1.0
2014-09-30,27.23,27.23,27.23,27.23,1.0
2014-10-01,27.15,27.15,27.15,27.15,1.0
2014-10-07,26.88,26.88,26.88,26.88,1.0
2014-10-08,26.84,26.84,26.84,26.84,1.0
2014-10-09,27.16,27.16,27.16,27.16,1.0
2014-10-10,26.84,26.84,26.84,26.84,1.0
2014-10-13,27.02,27.02,27.02,27.02,1.0
2014-10-14,26.96,26.96,26.96,26.96,1.0
2014-10-16,26.51,26.51,26.51,26.51,1.0
2014-10-17,26.73,26.73,26.73,26.73,1.0
2014-10-20,27.16,27.16,27.16,27.16,1.0
2014-10-21,27.4,27.4,27.4,27.4,1.0
2014-10-22,27.61,27.61,27.61,27.61,1.0
2014-10-27,27.68,27.68,27.68,27.68,1.0
2014-10-28,27.8,27.8,27.8,27.8,1.0
2014-10-29,27.97,27.97,27.97,27.97,1.0
2014-10-30,28.26,28.26,28.26,28.26,1.0
2014-10-31,28.73,28.73,28.73,28.73,1.0
2014-11-03,28.71,28.71,28.71,28.71,1.0
2014-11-05,28.72,28.72,28.72,28.72,1.0
2014-11-07,28.7,28.7,28.7,28.7,1.0
2014-11-10,28.68,28.68,28.68,28.68,1.0
2014-11-11,28.79,28.79,28.79,28.79,1.0
2014-11-12,28.89,28.89,28.89,28.89,1.0
2014-11-13,28.76,28.76,28.76,28.76,1.0
2014-11-14,28.91,28.91,28.91,28.91,1.0
2014-11-17,29.03,29.03,29.03,29.03,1.0
2014-11-18,29.18,29.18,29.18,29.18,1.0
2014-11-19,29.03,29.03,29.03,29.03,1.0
2014-11-20,29.09,29.09,29.09,29.09,1.0
2014-11-21,29.32,29.32,29.32,29.32,1.0
2014-11-24,29.49,29.49,29.49,29.49,1.0
2014-11-25,29.21,29.21,29.21,29.21,1.0
2014-11-26,29.31,29.31,29.31,29.31,1.0
2014-11-27,29.41,29.41,29.41,29.41,1.0
2014-11-28,29.74,29.74,29.74,29.74,1.0
2014-12-01,29.6,29.6,29.6,29.6,1.0
2014-12-02,29.61,29.61,29.61,29.61,1.0
2014-12-03,29.79,29.79,29.79,29.79,1.0
2014-12-04,29.86,29.86,29.86,29.86,1.0
2014-12-05,29.71,29.71,29.71,29.71,1.0
2014-12-08,29.44,29.44,29.44,29.44,1.0
2014-12-09,29.11,29.11,29.11,29.11,1.0
2014-12-10,29.21,29.21,29.21,29.21,1.0
2014-12-11,28.93,28.93,28.93,28.93,1.0
2014-12-12,28.71,28.71,28.71,28.71,1.0
2014-12-15,28.66,28.66,28.66,28.66,1.0
2014-12-16,28.16,28.16,28.16,28.16,1.0
2014-12-17,28.03,28.03,28.03,28.03,1.0
2014-12-18,28.58,28.58,28.58,28.58,1.0
2014-12-19,28.85,28.85,28.85,28.85,1.0
2014-12-22,29.15,29.15,29.15,29.15,1.0
2014-12-23,28.94,28.94,28.94,28.94,1.0
2014-12-24,28.66,28.66,28.66,28.66,1.0
2014-12-26,28.74,28.74,28.74,28.74,1.0
2014-12-29,28.92,28.92,28.92,28.92,1.0
2014-12-30,28.96,28.96,28.96,28.96,1.0
2014-12-31,29.06,29.06,29.06,29.06,1.0
2015-01-01,29.08,29.08,29.08,29.08,1.0
2015-01-02,29.37,29.37,29.37,29.37,1.0
2015-01-05,29.32,29.32,29.32,29.32,1.0
2015-01-06,28.47,28.47,28.47,28.47,1.0
2015-01-07,28.38,28.38,28.38,28.38,1.0
2015-01-08,28.83,28.83,28.83,28.83,1.0
2015-01-09,28.98,28.98,28.98,28.98,1.0
2015-01-12,29.16,29.16,29.16,29.16,1.0
2015-01-13,29.11,29.11,29.11,29.11,1.0
2015-01-14,28.95,28.95,28.95,28.95,1.0
2015-01-15,29.63,29.63,29.63,29.63,1.0
2015-01-16,29.74,29.74,29.74,29.74,1.0
2015-01-19,29.98,29.98,29.98,29.98,1.0
2015-01-20,30.39,30.39,30.39,30.39,1.0
2015-01-21,30.45,30.45,30.45,30.45,1.0
2015-01-22,30.6,30.6,30.6,30.6,1.0
2015-01-23,30.84,30.84,30.84,30.84,1.0
2015-01-27,31.12,31.12,31.12,31.12,1.0
2015-01-28,31.2,31.2,31.2,31.2,1.0
2015-01-29,31.29,31.29,31.29,31.29,1.0
2015-01-30,30.86,30.86,30.86,30.86,1.0
2015-02-02,30.81,30.81,30.81,30.81,1.0
2015-02-03,30.59,30.59,30.59,30.59,1.0
2015-02-04,30.47,30.47,30.47,30.47,1.0
2015-02-05,30.39,30.39,30.39,30.39,1.0
2015-02-06,30.15,30.15,30.15,30.15,1.0
2015-02-09,29.76,29.76,29.76,29.76,1.0
2015-02-10,30.01,30.01,30.01,30.01,1.0
2015-02-11,30.24,30.24,30.24,30.24,1.0
2015-02-12,30.65,30.65,30.65,30.65,1.0
2015-02-13,30.94,30.94,30.94,30.94,1.0
2015-02-16,30.84,30.84,30.84,30.84,1.0
2015-02-18,31.03,31.03,31.03,31.03,1.0
2015-02-19,31.07,31.07,31.07,31.07,1.0
2015-02-20,30.9,30.9,30.9,30.9,1.0
2015-02-23,30.62,30.62,30.62,30.62,1.0
2015-02-24,30.56,30.56,30.56,30.56,1.0
2015-02-25,30.61,30.61,30.61,30.61,1.0
2015-02-26,30.31,30.31,30.31,30.31,1.0
2015-02-27,30.89,30.89,30.89,30.89,1.0
2015-03-02,31.47,31.47,31.47,31.47,1.0
2015-03-03,31.56,31.56,31.56,31.56,1.0
2015-03-04,31.27,31.27,31.27,31.27,1.0
2015-03-05,31.4,31.4,31.4,31.4,1.0
2015-03-09,30.76,30.76,30.76,30.76,1.0
2015-03-10,30.73,30.73,30.73,30.73,1.0
2015-03-11,30.74,30.74,30.74,30.74,1.0
2015-03-12,31.01,31.01,31.01,31.01,1.0
2015-03-13,30.63,30.63,30.63,30.63,1.0
2015-03-16,30.57,30.57,30.57,30.57,1.0
2015-03-17,30.88,30.88,30.88,30.88,1.0
2015-03-18,30.77,30.77,30.77,30.77,1.0
2015-03-19,30.53,30.53,30.53,30.53,1.0
2015-03-20,30.29,30.29,30.29,30.29,1.0
2015-03-23,30.1,30.1,30.1,30.1,1.0
2015-03-24,30.03,30.03,30.03,30.03,1.0
2015-03-25,30.04,30.04,30.04,30.04,1.0
2015-03-26,29.48,29.48,29.48,29.48,1.0
2015-03-27,29.51,29.51,29.51,29.51,1.0
2015-03-30,30.0,30.0,30.0,30.0,1.0
2015-03-31,29.99,29.99,29.99,29.99,1.0
2015-04-01,30.27,30.27,30.27,30.27,1.0
2015-04-06,30.41,30.41,30.41,30.41,1.0
2015-04-07,30.44,30.44,30.44,30.44,1.0
2015-04-08,30.69,30.69,30.69,30.69,1.0
2015-04-09,30.92,30.92,30.92,30.92,1.0
2015-04-10,30.98,30.98,30.98,30.98,1.0
2015-04-13,31.05,31.05,31.05,31.05,1.0
2015-04-15,30.77,30.77,30.77,30.77,1.0
2015-04-16,30.67,30.67,30.67,30.67,1.0
2015-04-17,30.37,30.37,30.37,30.37,1.0
2015-04-20,29.79,29.79,29.79,29.79,1.0
2015-04-21,29.6,29.6,29.6,29.6,1.0
2015-04-22,29.63,29.63,29.63,29.63,1.0
2015-04-23,29.51,29.51,29.51,29.51,1.0
2015-04-24,29.1,29.1,29.1,29.1,1.0
2015-04-27,28.8,28.8,28.8,28.8,1.0
2015-04-28,29.21,29.21,29.21,29.21,1.0
2015-04-29,29.22,29.22,29.22,29.22,1.0
2015-04-30,29.12,29.12,29.12,29.12,1.0
2015-05-04,29.62,29.62,29.62,29.62,1.0
2015-05-05,29.57,29.57,29.57,29.57,1.0
2015-05-06,28.76,28.76,28.76,28.76,1.0
2015-05-07,28.46,28.46,28.46,28.46,1.0
2015-05-08,28.91,28.91,28.91,28.91,1.0
2015-05-11,29.4,29.4,29.4,29.4,1.0
2015-05-12,28.73,28.73,28.73,28.73,1.0
2015-05-13,29.25,29.25,29.25,29.25,1.0
2015-05-14,29.27,29.27,29.27,29.27,1.0
2015-05-15,29.36,29.36,29.36,29.36,1.0
2015-05-18,29.71,29.71,29.71,29.71,1.0
2015-05-19,29.7,29.7,29.7,29.7,1.0
2015-05-20,29.83,29.83,29.83,29.83,1.0
2015-05-21,29.84,29.84,29.84,29.84,1.0
2015-05-22,29.91,29.91,29.91,29.91,1.0
2015-05-25,29.74,29.74,29.74,29.74,1.0
2015-05-26,29.62,29.62,29.62,29.62,1.0
2015-05-27,29.54,29.54,29.54,29.54,1.0
2015-05-28,29.48,29.48,29.48,29.48,1.0
2015-05-29,29.93,29.93,29.93,29.93,1.0
2015-06-01,29.88,29.88,29.88,29.88,1.0
2015-06-02,29.26,29.26,29.26,29.26,1.0
2015-06-03,28.98,28.98,28.98,28.98,1.0
2015-06-04,29.04,29.04,29.04,29.04,1.0
2015-06-05,28.94,28.94,28.94,28.94,1.0
2015-06-08,28.69,28.69,28.69,28.69,1.0
2015-06-09,28.68,28.68,28.68,28.68,1.0
2015-06-10,29.07,29.07,29.07,29.07,1.0
2015-06-11,28.52,28.52,28.52,28.52,1.0
2015-06-12,28.56,28.56,28.56,28.56,1.0
2015-06-15,28.64,28.64,28.64,28.64,1.0
2015-06-16,28.76,28.76,28.76,28.76,1.0
2015-06-17,28.87,28.87,28.87,28.87,1.0
2015-06-18,29.13,29.13,29.13,29.13,1.0
2015-06-19,29.31,29.31,29.31,29.31,1.0
2015-06-22,29.69,29.69,29.69,29.69,1.0
2015-06-23,29.76,29.76,29.76,29.76,1.0
2015-06-24,29.66,29.66,29.66,29.66,1.0
2015-06-25,29.75,29.75,29.75,29.75,1.0
2015-06-26,29.71,29.71,29.71,29.71,1.0
2015-06-29,29.43,29.43,29.43,29.43,1.0
2015-06-30,29.56,29.56,29.56,29.56,1.0
2015-07-01,29.92,29.92,29.92,29.92,1.0
2015-07-02,29.94,29.94,29.94,29.94,1.0
2015-07-03,30.09,30.09,30.09,30.09,1.0
2015-07-06,30.27,30.27,30.27,30.27,1.0
2015-07-07,30.26,30.26,30.26,30.26,1.0
2015-07-08,29.82,29.82,29.82,29.82,1.0
2015-07-09,29.74,29.74,29.74,29.74,1.0
2015-07-10,29.89,29.89,29.89,29.89,1.0
2015-07-13,30.21,30.21,30.21,30.21,1.0
2015-07-14,30.19,30.19,30.19,30.19,1.0
2015-07-15,30.4,30.4,30.4,30.4,1.0
2015-07-16,30.66,30.66,30.66,30.66,1.0
2015-07-17,30.74,30.74,30.74,30.74,1.0
2015-07-20,30.73,30.73,30.73,30.73,1.0
2015-07-21,30.58,30.58,30.58,30.58,1.0
2015-07-22,30.89,30.89,30.89,30.89,1.0
2015-07-23,30.9,30.9,30.9,30.9,1.0
2015-07-24,30.63,30.63,30.63,30.63,1.0
2015-07-27,30.05,30.05,30.05,30.05,1.0
2015-07-28,30.02,30.02,30.02,30.02,1.0
2015-07-29,30.21,30.21,30.21,30.21,1.0
2015-07-30,30.46,30.46,30.46,30.46,1.0
2015-07-31,30.84,30.84,30.84,30.84,1.0
2015-08-03,30.91,30.91,30.91,30.91,1.0
2015-08-04,30.97,30.97,30.97,30.97,1.0
2015-08-05,31.17,31.17,31.17,31.17,1.0
2015-08-06,31.13,31.13,31.13,31.13,1.0
2015-08-07,31.09,31.09,31.09,31.09,1.0
2015-08-10,30.95,30.95,30.95,30.95,1.0
2015-08-11,30.81,30.81,30.81,30.81,1.0
2015-08-12,30.41,30.41,30.41,30.41,1.0
2015-08-13,30.42,30.42,30.42,30.42,1.0
2015-08-14,30.95,30.95,30.95,30.95,1.0
2015-08-17,30.77,30.77,30.77,30.77,1.0
2015-08-18,30.8,30.8,30.8,30.8,1.0
2015-08-19,30.89,30.89,30.89,30.89,1.0
2015-08-20,30.45,30.45,30.45,30.45,1.0
2015-08-21,30.22,30.22,30.22,30.22,1.0
2015-08-24,28.37,28.37,28.37,28.37,1.0
2015-08-25,28.64,28.64,28.64,28.64,1.0
2015-08-26,28.36,28.36,28.36,28.36,1.0
2015-08-27,28.94,28.94,28.94,28.94,1.0
2015-08-28,29.16,29.16,29.16,29.16,1.0
2015-08-31,29.05,29.05,29.05,29.05,1.0
2015-09-01,28.37,28.37,28.37,28.37,1.0
2015-09-02,28.15,28.15,28.15,28.15,1.0
2015-09-03,28.59,28.59,28.59,28.59,1.0
2015-09-04,27.99,27.99,27.99,27.99,1.0
2015-09-07,27.57,27.57,27.57,27.57,1.0
2015-09-08,28.03,28.03,28.03,28.03,1.0
2015-09-09,28.51,28.51,28.51,28.51,1.0
2015-09-10,28.38,28.38,28.38,28.38,1.0
2015-09-11,28.36,28.36,28.36,28.36,1.0
2015-09-14,28.75,28.75,28.75,28.75,1.0
2015-09-15,28.6,28.6,28.6,28.6,1.0
2015-09-16,28.77,28.77,28.77,28.77,1.0
2015-09-18,29.11,29.11,29.11,29.11,1.0
2015-09-21,29.06,29.06,29.06,29.06,1.0
2015-09-22,28.51,28.51,28.51,28.51,1.0
2015-09-23,28.64,28.64,28.64,28.64,1.0
2015-09-24,28.73,28.73,28.73,28.73,1.0
2015-09-28,28.47,28.47,28.47,28.47,1.0
2015-09-29,28.62,28.62,28.62,28.62,1.0
2015-09-30,28.92,28.92,28.92,28.92,1.0
2015-10-01,28.81,28.81,28.81,28.81,1.0
2015-10-05,29.38,29.38,29.38,29.38,1.0
2015-10-06,29.43,29.43,29.43,29.43,1.0
2015-10-07,29.49,29.49,29.49,29.49,1.0
2015-10-08,29.29,29.29,29.29,29.29,1.0
2015-10-09,29.49,29.49,29.49,29.49,1.0
2015-10-12,29.39,29.39,29.39,29.39,1.0
2015-10-13,29.34,29.34,29.34,29.34,1.0
2015-10-14,29.28,29.28,29.28,29.28,1.0
2015-10-15,29.46,29.46,29.46,29.46,1.0
2015-10-16,29.72,29.72,29.72,29.72,1.0
2015-10-19,29.85,29.85,29.85,29.85,1.0
2015-10-20,29.85,29.85,29.85,29.85,1.0
2015-10-21,29.82,29.82,29.82,29.82,1.0
2015-10-23,29.92,29.92,29.92,29.92,1.0
2015-10-26,29.9,29.9,29.9,29.9,1.0
2015-10-27,29.89,29.89,29.89,29.89,1.0
2015-10-28,29.66,29.66,29.66,29.66,1.0
2015-10-29,29.48,29.48,29.48,29.48,1.0
2015-10-30,29.42,29.42,29.42,29.42,1.0
2015-11-02,29.46,29.46,29.46,29.46,1.0
2015-11-03,29.53,29.53,29.53,29.53,1.0
2015-11-04,29.44,29.44,29.44,29.44,1.0
2015-11-05,29.19,29.19,29.19,29.19,1.0
2015-11-06,29.23,29.23,29.23,29.23,1.0
2015-11-09,29.21,29.21,29.21,29.21,1.0
2015-11-10,28.74,28.74,28.74,28.74,1.0
2015-11-13,28.79,28.79,28.79,28.79,1.0
2015-11-16,28.9,28.9,28.9,28.9,1.0
2015-11-17,28.97,28.97,28.97,28.97,1.0
2015-11-18,28.66,28.66,28.66,28.66,1.0
2015-11-19,29.09,29.09,29.09,29.09,1.0
2015-11-20,29.16,29.16,29.16,29.16,1.0
2015-11-23,29.14,29.14,29.14,29.14,1.0
2015-11-24,29.08,29.08,29.08,29.08,1.0
2015-11-26,29.26,29.26,29.26,29.26,1.0
2015-11-27,29.45,29.45,29.45,29.45,1.0
2015-11-30,29.45,29.45,29.45,29.45,1.0
2015-12-01,29.51,29.51,29.51,29.51,1.0
2015-12-02,29.41,29.41,29.41,29.41,1.0
2015-12-03,29.22,29.22,29.22,29.22,1.0
2015-12-04,28.94,28.94,28.94,28.94,1.0
2015-12-07,28.89,28.89,28.89,28.89,1.0
2015-12-08,28.64,28.64,28.64,28.64,1.0
2015-12-09,28.31,28.31,28.31,28.31,1.0
2015-12-10,28.58,28.58,28.58,28.58,1.0
2015-12-11,28.26,28.26,28.26,28.26,1.0
2015-12-14,28.34,28.34,28.34,28.34,1.0
2015-12-15,28.44,28.44,28.44,28.44,1.0
2015-12-16,28.63,28.63,28.63,28.63,1.0
2015-12-17,28.93,28.93,28.93,28.93,1.0
2015-12-18,28.69,28.69,28.69,28.69,1.0
2015-12-21,28.97,28.97,28.97,28.97,1.0
2015-12-22,28.83,28.83,28.83,28.83,1.0
2015-12-23,29.08,29.08,29.08,29.08,1.0
2015-12-24,29.05,29.05,29.05,29.05,1.0
2015-12-28,29.25,29.25,29.25,29.25,1.0
2015-12-29,29.26,29.26,29.26,29.26,1.0
2015-12-30,29.15,29.15,29.15,29.15,1.0
2015-12-31,29.29,29.29,29.29,29.29,1.0
2016-01-01,29.4,29.4,29.4,29.4,1.0
2016-01-04,28.81,28.81,28.81,28.81,1.0
2016-01-05,28.79,28.79,28.79,28.79,1.0
2016-01-06,28.62,28.62,28.62,28.62,1.0
2016-01-07,28.01,28.01,28.01,28.01,1.0
2016-01-08,28.21,28.21,28.21,28.21,1.0
2016-01-11,28.01,28.01,28.01,28.01,1.0
2016-01-12,27.82,27.82,27.82,27.82,1.0
2016-01-13,28.0,28.0,28.0,28.0,1.0
2016-01-14,27.86,27.86,27.86,27.86,1.0
2016-01-15,27.47,27.47,27.47,27.47,1.0
2016-01-18,27.11,27.11,27.11,27.11,1.0
2016-01-19,27.41,27.41,27.41,27.41,1.0
2016-01-20,27.05,27.05,27.05,27.05,1.0
2016-01-21,27.01,27.01,27.01,27.01,1.0
2016-01-22,27.5,27.5,27.5,27.5,1.0
2016-01-25,27.55,27.55,27.55,27.55,1.0
2016-01-27,27.57,27.57,27.57,27.57,1.0
2016-01-28,27.47,27.47,27.47,27.47,1.0
2016-01-29,27.84,27.84,27.84,27.84,1.0
2016-02-01,27.82,27.82,27.82,27.82,1.0
2016-02-02,27.38,27.38,27.38,27.38,1.0
2016-02-03,27.02,27.02,27.02,27.02,1.0
2016-02-04,27.2,27.2,27.2,27.2,1.0
2016-02-05,27.58,27.58,27.58,27.58,1.0
2016-02-08,27.25,27.25,27.25,27.25,1.0
2016-02-09,26.79,26.79,26.79,26.79,1.0
2016-02-10,26.5,26.5,26.5,26.5,1.0
2016-02-11,25.69,25.69,25.69,25.69,1.0
2016-02-12,25.61,25.61,25.61,25.61,1.0
2016-02-15,26.35,26.35,26.35,26.35,1.0
2016-02-16,25.89,25.89,25.89,25.89,1.0
2016-02-17,26.0,26.0,26.0,26.0,1.0
2016-02-18,26.29,26.29,26.29,26.29,1.0
2016-02-19,26.37,26.37,26.37,26.37,1.0
2016-02-22,26.39,26.39,26.39,26.39,1.0
2016-02-23,25.92,25.92,25.92,25.92,1.0
2016-02-24,25.66,25.66,25.66,25.66,1.0
2016-02-25,25.42,25.42,25.42,25.42,1.0
2016-02-26,25.65,25.65,25.65,25.65,1.0
2016-02-29,25.55,25.55,25.55,25.55,1.0
2016-03-01,26.34,26.34,26.34,26.34,1.0
2016-03-02,26.89,26.89,26.89,26.89,1.0
2016-03-03,27.17,27.17,27.17,27.17,1.0
2016-03-04,27.28,27.28,27.28,27.28,1.0
2016-03-08,27.22,27.22,27.22,27.22,1.0
2016-03-09,27.38,27.38,27.38,27.38,1.0
2016-03-10,27.17,27.17,27.17,27.17,1.0
2016-03-11,27.18,27.18,27.18,27.18,1.0
2016-03-14,27.36,27.36,27.36,27.36,1.0
2016-03-15,27.21,27.21,27.21,27.21,1.0
2016-03-16,27.35,27.35,27.35,27.35,1.0
2016-03-17,27.47,27.47,27.47,27.47,1.0
2016-03-18,27.74,27.74,27.74,27.74,1.0
2016-03-21,28.07,28.07,28.07,28.07,1.0
2016-03-22,28.07,28.07,28.07,28.07,1.0
2016-03-23,28.09,28.09,28.09,28.09,1.0
2016-03-28,27.73,27.73,27.73,27.73,1.0
2016-03-29,27.66,27.66,27.66,27.66,1.0
2016-03-30,28.23,28.23,28.23,28.23,1.0
2016-03-31,28.28,28.28,28.28,28.28,1.0
2016-04-01,28.26,28.26,28.26,28.26,1.0
2016-04-04,28.44,28.44,28.44,28.44,1.0
2016-04-05,27.87,27.87,27.87,27.87,1.0
2016-04-06,27.86,27.86,27.86,27.86,1.0
2016-04-07,27.72,27.72,27.72,27.72,1.0
2016-04-08,27.81,27.81,27.81,27.81,1.0
2016-04-11,28.18,28.18,28.18,28.18,1.0
2016-04-12,28.3,28.3,28.3,28.3,1.0
2016-04-13,28.82,28.82,28.82,28.82,1.0
2016-04-18,29.09,29.09,29.09,29.09,1.0
2016-04-20,29.22,29.22,29.22,29.22,1.0
2016-04-21,29.24,29.24,29.24,29.24,1.0
2016-04-22,29.28,29.28,29.28,29.28,1.0
2016-04-25,29.17,29.17,29.17,29.17,1.0
2016-04-26,29.53,29.53,29.53,29.53,1.0
2016-04-27,29.53,29.53,29.53,29.53,1.0
2016-04-28,29.14,29.14,29.14,29.14,1.0
2016-04-29,29.19,29.19,29.19,29.19,1.0
2016-05-02,29.1,29.1,29.1,29.1,1.0
2016-05-03,28.89,28.89,28.89,28.89,1.0
2016-05-04,28.65,28.65,28.65,28.65,1.0
2016-05-05,28.73,28.73,28.73,28.73,1.0
2016-05-06,28.7,28.7,28.7,28.7,1.0
2016-05-09,29.1,29.1,29.1,29.1,1.0
2016-05-10,29.16,29.16,29.16,29.16,1.0
2016-05-11,29.07,29.07,29.07,29.07,1.0
2016-05-12,29.27,29.27,29.27,29.27,1.0
2016-05-13,29.06,29.06,29.06,29.06,1.0
2016-05-16,29.08,29.08,29.08,29.08,1.0
2016-05-17,29.2,29.2,29.2,29.2,1.0
2016-05-18,29.13,29.13,29.13,29.13,1.0
2016-05-19,28.86,28.86,28.86,28.86,1.0
2016-05-20,28.67,28.67,28.67,28.67,1.0
2016-05-23,28.62,28.62,28.62,28.62,1.0
2016-05-24,28.63,28.63,28.63,28.63,1.0
2016-05-25,29.25,29.25,29.25,29.25,1.0
2016-05-26,29.68,29.68,29.68,29.68,1.0
2016-05-27,29.94,29.94,29.94,29.94,1.0
2016-05-30,30.09,30.09,30.09,30.09,1.0
2016-05-31,30.06,30.06,30.06,30.06,1.0
2016-06-01,30.01,30.01,30.01,30.01,1.0
2016-06-02,30.16,30.16,30.16,30.16,1.0
2016-06-03,30.23,30.23,30.23,30.23,1.0
2016-06-06,30.16,30.16,30.16,30.16,1.0
2016-06-07,30.36,30.36,30.36,30.36,1.0
2016-06-08,30.43,30.43,30.43,30.43,1.0
2016-06-09,30.35,30.35,30.35,30.35,1.0
2016-06-10,30.26,30.26,30.26,30.26,1.0
2016-06-13,30.01,30.01,30.01,30.01,1.0
2016-06-14,30.11,30.11,30.11,30.11,1.0
2016-06-15,30.49,30.49,30.49,30.49,1.0
2016-06-16,30.32,30.32,30.32,30.32,1.0
2016-06-17,30.41,30.41,30.41,30.41,1.0
2016-06-20,30.59,30.59,30.59,30.59,1.0
2016-06-21,30.51,30.51,30.51,30.51,1.0
2016-06-22,30.48,30.48,30.48,30.48,1.0
2016-06-23,30.7,30.7,30.7,30.7,1.0
2016-06-24,30.12,30.12,30.12,30.12,1.0
2016-06-27,30.26,30.26,30.26,30.26,1.0
2016-06-28,30.37,30.37,30.37,30.37,1.0
2016-06-29,30.69,30.69,30.69,30.69,1.0
2016-06-30,31.07,31.07,31.07,31.07,1.0
2016-07-01,31.3,31.3,31.3,31.3,1.0
2016-07-04,31.5,31.5,31.5,31.5,1.0
2016-07-05,31.34,31.34,31.34,31.34,1.0
2016-07-07,31.36,31.36,31.36,31.36,1.0
2016-07-08,31.32,31.32,31.32,31.32,1.0
2016-07-11,31.82,31.82,31.82,31.82,1.0
2016-07-12,32.09,32.09,32.09,32.09,1.0
2016-07-13,31.97,31.97,31.97,31.97,1.0
2016-07-14,32.21,32.21,32.21,32.21,1.0
2016-07-15,32.18,32.18,32.18,32.18,1.0
2016-07-18,32.11,32.11,32.11,32.11,1.0
2016-07-19,32.21,32.21,32.21,32.21,1.0
2016-07-20,32.36,32.36,32.36,32.36,1.0
2016-07-21,32.16,32.16,32.16,32.16,1.0
2016-07-22,32.23,32.23,32.23,32.23,1.0
2016-07-25,32.59,32.59,32.59,32.59,1.0
2016-07-26,32.52,32.52,32.52,32.52,1.0
2016-07-27,32.61,32.61,32.61,32.61,1.0
2016-07-28,32.75,32.75,32.75,32.75,1.0
2016-07-29,32.69,32.69,32.69,32.69,1.0
2016-08-01,32.71,32.71,32.71,32.71,1.0
2016-08-02,32.63,32.63,32.63,32.63,1.0
2016-08-03,32.34,32.34,32.34,32.34,1.0
2016-08-04,32.37,32.37,32.37,32.37,1.0
2016-08-05,32.82,32.82,32.82,32.82,1.0
2016-08-08,32.89,32.89,32.89,32.89,1.0
2016-08-09,32.78,32.78,32.78,32.78,1.0
2016-08-10,32.33,32.33,32.33,32.33,1.0
2016-08-11,32.37,32.37,32.37,32.37,1.0
2016-08-12,32.62,32.62,32.62,32.62,1.0
2016-08-16,32.63,32.63,32.63,32.63,1.0
2016-08-17,32.64,32.64,32.64,32.64,1.0
2016-08-18,32.86,32.86,32.86,32.86,1.0
2016-08-19,32.87,32.87,32.87,32.87,1.0
2016-08-22,32.73,32.73,32.73,32.73,1.0
2016-08-23,32.68,32.68,32.68,32.68,1.0
2016-08-24,32.8,32.8,32.8,32.8,1.0
2016-08-25,32.64,32.64,32.64,32.64,1.0
2016-08-26,32.59,32.59,32.59,32.59,1.0
2016-08-29,32.67,32.67,32.67,32.67,1.0
2016-08-30,33.12,33.12,33.12,33.12,1.0
2016-08-31,33.34,33.34,33.34,33.34,1.0
2016-09-01,33.32,33.32,33.32,33.32,1.0
2016-09-02,33.41,33.41,33.41,33.41,1.0
2016-09-06,33.97,33.97,33.97,33.97,1.0
2016-09-07,34.02,34.02,34.02,34.02,1.0
2016-09-08,34.19,34.19,34.19,34.19,1.0
2016-09-09,33.85,33.85,33.85,33.85,1.0
2016-09-12,33.24,33.24,33.24,33.24,1.0
2016-09-14,33.31,33.31,33.31,33.31,1.0
2016-09-15,33.34,33.34,33.34,33.34,1.0
2016-09-16,33.45,33.45,33.45,33.45,1.0
2016-09-19,33.56,33.56,33.56,33.56,1.0
2016-09-20,33.6,33.6,33.6,33.6,1.0
2016-09-21,33.61,33.61,33.61,33.61,1.0
2016-09-22,33.99,33.99,33.99,33.99,1.0
2016-09-23,33.85,33.85,33.85,33.85,1.0
2016-09-26,33.5,33.5,33.5,33.5,1.0
2016-09-27,33.43,33.43,33.43,33.43,1.0
2016-09-28,33.51,33.51,33.51,33.51,1.0
2016-09-29,32.8,32.8,32.8,32.8,1.0
2016-09-30,32.92,32.92,32.92,32.92,1.0
2016-10-03,33.47,33.47,33.47,33.47,1.0
2016-10-04,33.59,33.59,33.59,33.59,1.0
2016-10-05,33.51,33.51,33.51,33.51,1.0
2016-10-06,33.36,33.36,33.36,33.36,1.0
2016-10-07,33.34,33.34,33.34,33.34,1.0
2016-10-10,33.36,33.36,33.36,33.36,1.0
2016-10-13,32.89,32.89,32.89,32.89,1.0
2016-10-14,32.97,32.97,32.97,32.97,1.0
2016-10-17,32.84,32.84,32.84,32.84,1.0
2016-10-18,33.46,33.46,33.46,33.46,1.0
2016-10-19,33.45,33.45,33.45,33.45,1.0
2016-10-20,33.57,33.57,33.57,33.57,1.0
2016-10-21,33.59,33.59,33.59,33.59,1.0
2016-10-24,33.61,33.61,33.61,33.61,1.0
2016-10-25,33.59,33.59,33.59,33.59,1.0
2016-10-26,33.32,33.32,33.32,33.32,1.0
2016-10-27,33.22,33.22,33.22,33.22,1.0
2016-10-28,33.36,33.36,33.36,33.36,1.0
2016-11-01,33.35,33.35,33.35,33.35,1.0
2016-11-02,32.92,32.92,32.92,32.92,1.0
2016-11-03,32.76,32.76,32.76,32.76,1.0
2016-11-04,32.49,32.49,32.49,32.49,1.0
2016-11-07,32.8,32.8,32.8,32.8,1.0
2016-11-08,32.88,32.88,32.88,32.88,1.0
2016-11-09,32.57,32.57,32.57,32.57,1.0
2016-11-10,33.21,33.21,33.21,33.21,1.0
2016-11-11,32.37,32.37,32.37,32.37,1.0
2016-11-15,31.67,31.67,31.67,31.67,1.0
2016-11-16,31.69,31.69,31.69,31.69,1.0
2016-11-17,31.63,31.63,31.63,31.63,1.0
2016-11-18,31.58,31.58,31.58,31.58,1.0
2016-11-21,30.99,30.99,30.99,30.99,1.0
2016-11-22,31.22,31.22,31.22,31.22,1.0
2016-11-23,31.4,31.4,31.4,31.4,1.0
2016-11-24,31.18,31.18,31.18,31.18,1.0
2016-11-25,31.74,31.74,31.74,31.74,1.0
2016-11-28,31.76,31.76,31.76,31.76,1.0
2016-11-29,31.81,31.81,31.81,31.81,1.0
2016-11-30,32.15,32.15,32.15,32.15,1.0
2016-12-01,31.97,31.97,31.97,31.97,1.0
2016-12-02,31.66,31.66,31.66,31.66,1.0
2016-12-05,31.88,31.88,31.88,31.88,1.0
2016-12-06,31.85,31.85,31.85,31.85,1.0
2016-12-07,31.66,31.66,31.66,31.66,1.0
2016-12-08,32.18,32.18,32.18,32.18,1.0
2016-12-09,32.26,32.26,32.26,32.26,1.0
2016-12-12,31.93,31.93,31.93,31.93,1.0
2016-12-13,32.08,32.08,32.08,32.08,1.0
2016-12-14,31.85,31.85,31.85,31.85,1.0
2016-12-15,31.72,31.72,31.72,31.72,1.0
2016-12-16,31.71,31.71,31.71,31.71,1.0
2016-12-19,31.59,31.59,31.59,31.59,1.0
2016-12-20,31.47,31.47,31.47,31.47,1.0
2016-12-21,31.43,31.43,31.43,31.43,1.0
2016-12-22,31.08,31.08,31.08,31.08,1.0
2016-12-23,31.12,31.12,31.12,31.12,1.0
2016-12-26,30.77,30.77,30.77,30.77,1.0
2016-12-27,31.22,31.22,31.22,31.22,1.0
2016-12-28,31.28,31.28,31.28,31.28,1.0
2016-12-29,31.6,31.6,31.6,31.6,1.0
2016-12-30,31.87,31.87,31.87,31.87,1.0
2017-01-02,31.91,31.91,31.91,31.91,1.0
2017-01-03,32.05,32.05,32.05,32.05,1.0
2017-01-04,31.99,31.99,31.99,31.99,1.0
2017-01-05,32.34,32.34,32.34,32.34,1.0
2017-01-06,32.21,32.21,32.21,32.21,1.0
2017-01-09,32.22,32.22,32.22,32.22,1.0
2017-01-10,32.37,32.37,32.37,32.37,1.0
2017-01-11,32.76,32.76,32.76,32.76,1.0
2017-01-12,32.93,32.93,32.93,32.93,1.0
2017-01-13,32.89,32.89,32.89,32.89,1.0
2017-01-16,32.94,32.94,32.94,32.94,1.0
2017-01-17,32.9,32.9,32.9,32.9,1.0
2017-01-18,32.98,32.98,32.98,32.98,1.0
2017-01-19,33.07,33.07,33.07,33.07,1.0
2017-01-20,32.7,32.7,32.7,32.7,1.0
2017-01-23,32.82,32.82,32.82,32.82,1.0
2017-01-24,33.09,33.09,33.09,33.09,1.0
2017-01-25,33.36,33.36,33.36,33.36,1.0
2017-01-27,33.6,33.6,33.6,33.6,1.0
2017-01-30,33.63,33.63,33.63,33.63,1.0
2017-01-31,33.3,33.3,33.3,33.3,1.0
2017-02-01,33.84,33.84,33.84,33.84,1.0
2017-02-02,34.07,34.07,34.07,34.07,1.0
2017-02-03,34.17,34.17,34.17,34.17,1.0
2017-02-06,34.52,34.52,34.52,34.52,1.0
2017-02-07,34.35,34.35,34.35,34.35,1.0
2017-02-08,34.38,34.38,34.38,34.38,1.0
2017-02-09,34.35,34.35,34.35,34.35,1.0
2017-02-10,34.43,34.43,34.43,34.43,1.0
2017-02-13,34.45,34.45,34.45,34.45,1.0
2017-02-14,34.37,34.37,34.37,34.37,1.0
2017-02-15,34.06,34.06,34.06,34.06,1.0
2017-02-16,34.37,34.37,34.37,34.37,1.0
2017-02-17,34.6,34.6,34.6,34.6,1.0
2017-02-20,34.79,34.79,34.79,34.79,1.0
2017-02-21,34.91,34.91,34.91,34.91,1.0
2017-02-22,34.93,34.93,34.93,34.93,1.0
2017-02-23,34.96,34.96,34.96,34.96,1.0
2017-02-27,34.78,34.78,34.78,34.78,1.0
2017-02-28,34.76,34.76,34.76,34.76,1.0
2017-03-01,34.94,34.94,34.94,34.94,1.0
2017-03-02,34.68,34.68,34.68,34.68,1.0
2017-03-03,34.68,34.68,34.68,34.68,1.0
2017-03-06,34.89,34.89,34.89,34.89,1.0
2017-03-07,34.78,34.78,34.78,34.78,1.0
2017-03-08,34.69,34.69,34.69,34.69,1.0
2017-03-09,34.69,34.69,34.69,34.69,1.0
2017-03-10,34.69,34.69,34.69,34.69,1.0
2017-03-14,35.28,35.28,35.28,35.28,1.0
2017-03-15,35.26,35.26,35.26,35.26,1.0
2017-03-16,35.54,35.54,35.54,35.54,1.0
2017-03-17,35.49,35.49,35.49,35.49,1.0
2017-03-20,35.37,35.37,35.37,35.37,1.0
2017-03-21,35.35,35.35,35.35,35.35,1.0
2017-03-22,35.05,35.05,35.05,35.05,1.0
2017-03-23,35.27,35.27,35.27,35.27,1.0
2017-03-24,35.37,35.37,35.37,35.37,1.0
2017-03-27,35.12,35.12,35.12,35.12,1.0
2017-03-28,35.35,35.35,35.35,35.35,1.0
2017-03-29,35.54,35.54,35.54,35.54,1.0
2017-03-30,35.64,35.64,35.64,35.64,1.0
2017-03-31,35.61,35.61,35.61,35.61,1.0
2017-04-03,35.78,35.78,35.78,35.78,1.0
2017-04-05,35.98,35.98,35.98,35.98,1.0
2017-04-06,35.98,35.98,35.98,35.98,1.0
2017-04-07,35.85,35.85,35.85,35.85,1.0
2017-04-10,36.0,36.0,36.0,36.0,1.0
2017-04-11,36.22,36.22,36.22,36.22,1.0
2017-04-12,36.08,36.08,36.08,36.08,1.0
2017-04-13,35.94,35.94,35.94,35.94,1.0
2017-04-17,35.79,35.79,35.79,35.79,1.0
2017-04-18,35.64,35.64,35.64,35.64,1.0
2017-04-19,35.68,35.68,35.68,35.68,1.0
2017-04-20,35.74,35.74,35.74,35.74,1.0
2017-04-21,35.59,35.59,35.59,35.59,1.0
2017-04-24,35.88,35.88,35.88,35.88,1.0
2017-04-25,36.24,36.24,36.24,36.24,1.0
2017-04-26,36.43,36.43,36.43,36.43,1.0
2017-04-27,36.39,36.39,36.39,36.39,1.0
2017-04-28,36.4,36.4,36.4,36.4,1.0
2017-05-02,36.3,36.3,36.3,36.3,1.0
2017-05-03,36.23,36.23,36.23,36.23,1.0
2017-05-04,36.54,36.54,36.54,36.54,1.0
2017-05-05,36.21,36.21,36.21,36.21,1.0
2017-05-08,36.4,36.4,36.4,36.4,1.0
2017-05-09,36.42,36.42,36.42,36.42,1.0
2017-05-10,36.71,36.71,36.71,36.71,1.0
2017-05-11,36.67,36.67,36.67,36.67,1.0
2017-05-12,36.61,36.61,36.61,36.61,1.0
2017-05-15,36.87,36.87,36.87,36.87,1.0
2017-05-16,37.1,37.1,37.1,37.1,1.0
2017-05-17,37.13,37.13,37.13,37.13,1.0
2017-05-18,36.71,36.71,36.71,36.71,1.0
2017-05-19,36.72,36.72,36.72,36.72,1.0
2017-05-22,36.6,36.6,36.6,36.6,1.0
2017-05-23,36.42,36.42,36.42,36.42,1.0
2017-05-24,36.26,36.26,36.26,36.26,1.0
2017-05-25,36.81,36.81,36.81,36.81,1.0
2017-05-26,37.14,37.14,37.14,37.14,1.0
2017-05-29,36.97,36.97,36.97,36.97,1.0
2017-05-30,37.14,37.14,37.14,37.14,1.0
2017-05-31,37.27,37.27,37.27,37.27,1.0
2017-06-01,37.24,37.24,37.24,37.24,1.0
2017-06-02,37.4,37.4,37.4,37.4,1.0
2017-06-05,37.51,37.51,37.51,37.51,1.0
2017-06-06,37.31,37.31,37.31,37.31,1.0
2017-06-07,37.48,37.48,37.48,37.48,1.0
2017-06-08,37.52,37.52,37.52,37.52,1.0
2017-06-09,37.6,37.6,37.6,37.6,1.0
2017-06-12,37.43,37.43,37.43,37.43,1.0
2017-06-13,37.41,37.41,37.41,37.41,1.0
2017-06-14,37.4,37.4,37.4,37.4,1.0
2017-06-15,37.28,37.28,37.28,37.28,1.0
2017-06-16,37.32,37.32,37.32,37.32,1.0
2017-06-19,37.6,37.6,37.6,37.6,1.0
2017-06-20,37.66,37.66,37.66,37.66,1.0
2017-06-21,37.58,37.58,37.58,37.58,1.0
2017-06-22,37.48,37.48,37.48,37.48,1.0
2017-06-23,37.22,37.22,37.22,37.22,1.0
2017-06-27,36.95,36.95,36.95,36.95,1.0
2017-06-28,37.03,37.03,37.03,37.03,1.0
2017-06-29,37.08,37.08,37.08,37.08,1.0
2017-06-30,37.14,37.14,37.14,37.14,1.0
2017-07-03,37.4,37.4,37.4,37.4,1.0
2017-07-04,37.34,37.34,37.34,37.34,1.0
2017-07-05,37.45,37.45,37.45,37.45,1.0
2017-07-06,37.64,37.64,37.64,37.64,1.0
2017-07-07,37.64,37.64,37.64,37.64,1.0
2017-07-10,38.01,38.01,38.01,38.01,1.0
2017-07-11,37.95,37.95,37.95,37.95,1.0
2017-07-12,38.19,38.19,38.19,38.19,1.0
2017-07-13,38.56,38.56,38.56,38.56,1.0
2017-07-14,38.61,38.61,38.61,38.61,1.0
2017-07-17,38.72,38.72,38.72,38.72,1.0
2017-07-18,38.48,38.48,38.48,38.48,1.0
2017-07-19,38.85,38.85,38.85,38.85,1.0
2017-07-20,38.78,38.78,38.78,38.78,1.0
2017-07-21,38.93,38.93,38.93,38.93,1.0
2017-07-24,39.08,39.08,39.08,39.08,1.0
2017-07-25,39.06,39.06,39.06,39.06,1.0
2017-07-26,39.22,39.22,39.22,39.22,1.0
2017-07-27,39.16,39.16,39.16,39.16,1.0
2017-07-28,39.08,39.08,39.08,39.08,1.0
2017-07-31,39.38,39.38,39.38,39.38,1.0
2017-08-01,39.55,39.55,39.55,39.55,1.0
2017-08-02,39.44,39.44,39.44,39.44,1.0
2017-08-03,39.14,39.14,39.14,39.14,1.0
2017-08-04,39.47,39.47,39.47,39.47,1.0
2017-08-07,39.65,39.65,39.65,39.65,1.0
2017-08-08,39.32,39.32,39.32,39.32,1.0
2017-08-09,38.91,38.91,38.91,38.91,1.0
2017-08-10,38.47,38.47,38.47,38.47,1.0
2017-08-11,38.11,38.11,38.11,38.11,1.0
2017-08-14,38.64,38.64,38.64,38.64,1.0
2017-08-16,39.18,39.18,39.18,39.18,1.0
2017-08-17,39.11,39.11,39.11,39.11,1.0
2017-08-18,38.88,38.88,38.88,38.88,1.0
2017-08-21,38.5,38.5,38.5,38.5,1.0
2017-08-22,38.56,38.56,38.56,38.56,1.0
2017-08-23,38.93,38.93,38.93,38.93,1.0
2017-08-24,39.07,39.07,39.07,39.07,1.0
2017-08-28,39.3,39.3,39.3,39.3,1.0
2017-08-29,38.82,38.82,38.82,38.82,1.0
2017-08-30,39.19,39.19,39.19,39.19,1.0
2017-08-31,39.27,39.27,39.27,39.27,1.0
2017-09-01,39.5,39.5,39.5,39.5,1.0
2017-09-04,39.22,39.22,39.22,39.22,1.0
2017-09-05,39.33,39.33,39.33,39.33,1.0
2017-09-06,39.25,39.25,39.25,39.25,1.0
2017-09-07,39.38,39.38,39.38,39.38,1.0
2017-09-08,39.38,39.38,39.38,39.38,1.0
2017-09-11,39.78,39.78,39.78,39.78,1.0
2017-09-12,40.03,40.03,40.03,40.03,1.0
2017-09-13,39.93,39.93,39.93,39.93,1.0
2017-09-14,40.0,40.0,40.0,40.0,1.0
2017-09-15,39.98,39.98,39.98,39.98,1.0
2017-09-18,40.17,40.17,40.17,40.17,1.0
2017-09-19,40.21,40.21,40.21,40.21,1.0
2017-09-20,40.15,40.15,40.15,40.15,1.0
2017-09-21,40.01,40.01,40.01,40.01,1.0
2017-09-22,39.34,39.34,39.34,39.34,1.0
2017-09-25,38.95,38.95,38.95,38.95,1.0
2017-09-26,39.11,39.11,39.11,39.11,1.0
2017-09-27,38.58,38.58,38.58,38.58,1.0
2017-09-28,38.83,38.83,38.83,38.83,1.0
2017-09-29,39.06,39.06,39.06,39.06,1.0
2017-10-03,39.23,39.23,39.23,39.23,1.0
2017-10-04,39.31,39.31,39.31,39.31,1.0
2017-10-05,39.21,39.21,39.21,39.21,1.0
2017-10-06,39.63,39.63,39.63,39.63,1.0
2017-10-09,39.63,39.63,39.63,39.63,1.0
2017-10-10,39.83,39.83,39.83,39.83,1.0
2017-10-11,39.72,39.72,39.72,39.72,1.0
2017-10-12,40.16,40.16,40.16,40.16,1.0
2017-10-13,40.36,40.36,40.36,40.36,1.0
2017-10-16,40.51,40.51,40.51,40.51,1.0
2017-10-17,40.52,40.52,40.52,40.52,1.0
2017-10-18,40.27,40.27,40.27,40.27,1.0
2017-10-23,40.15,40.15,40.15,40.15,1.0
2017-10-24,40.26,40.26,40.26,40.26,1.0
2017-10-25,41.04,41.04,41.04,41.04,1.0
2017-10-26,41.21,41.21,41.21,41.21,1.0
2017-10-27,41.18,41.18,41.18,41.18,1.0
2017-10-30,41.4,41.4,41.4,41.4,1.0
2017-10-31,41.4,41.4,41.4,41.4,1.0
2017-11-01,41.9,41.9,41.9,41.9,1.0
2017-11-02,41.8,41.8,41.8,41.8,1.0
2017-11-03,41.95,41.95,41.95,41.95,1.0
2017-11-06,42.01,42.01,42.01,42.01,1.0
2017-11-07,41.49,41.49,41.49,41.49,1.0
2017-11-08,41.33,41.33,41.33,41.33,1.0
2017-11-09,41.39,41.39,41.39,41.39,1.0
2017-11-10,41.56,41.56,41.56,41.56,1.0
2017-11-13,41.22,41.22,41.22,41.22,1.0
2017-11-14,41.04,41.04,41.04,41.04,1.0
2017-11-15,40.72,40.72,40.72,40.72,1.0
2017-11-16,41.13,41.13,41.13,41.13,1.0
2017-11-17,41.46,41.46,41.46,41.46,1.0
2017-11-20,41.5,41.5,41.5,41.5,1.0
2017-11-21,41.65,41.65,41.65,41.65,1.0
2017-11-22,41.64,41.64,41.64,41.64,1.0
2017-11-23,41.67,41.67,41.67,41.67,1.0
2017-11-24,41.81,41.81,41.81,41.81,1.0
2017-11-27,41.97,41.97,41.97,41.97,1.0
2017-11-28,41.84,41.84,41.84,41.84,1.0
2017-11-29,41.82,41.82,41.82,41.82,1.0
2017-11-30,41.32,41.32,41.32,41.32,1.0
2017-12-01,40.9,40.9,40.9,40.9,1.0
2017-12-04,41.01,41.01,41.01,41.01,1.0
2017-12-05,40.94,40.94,40.94,40.94,1.0
2017-12-06,40.62,40.62,40.62,40.62,1.0
2017-12-07,41.32,41.32,41.32,41.32,1.0
2017-12-08,41.74,41.74,41.74,41.74,1.0
2017-12-11,41.94,41.94,41.94,41.94,1.0
2017-12-12,41.64,41.64,41.64,41.64,1.0
2017-12-13,41.33,41.33,41.33,41.33,1.0
2017-12-14,41.55,41.55,41.55,41.55,1.0
2017-12-15,41.77,41.77,41.77,41.77,1.0
2017-12-18,42.06,42.06,42.06,42.06,1.0
2017-12-19,42.48,42.48,42.48,42.48,1.0
2017-12-20,42.4,42.4,42.4,42.4,1.0
2017-12-21,42.44,42.44,42.44,42.44,1.0
2017-12-22,42.66,42.66,42.66,42.66,1.0
2017-12-26,42.79,42.79,42.79,42.79,1.0
2017-12-27,42.59,42.59,42.59,42.59,1.0
2017-12-28,42.5,42.5,42.5,42.5,1.0
2017-12-29,42.68,42.68,42.68,42.68,1.0
2018-01-01,42.44,42.44,42.44,42.44,1.0
2018-01-02,42.4,42.4,42.4,42.4,1.0
2018-01-03,42.4,42.4,42.4,42.4,1.0
2018-01-04,42.63,42.63,42.63,42.63,1.0
2018-01-05,42.85,42.85,42.85,42.85,1.0
2018-01-08,43.02,43.02,43.02,43.02,1.0
2018-01-09,42.97,42.97,42.97,42.97,1.0
2018-01-10,42.91,42.91,42.91,42.91,1.0
2018-01-11,42.96,42.96,42.96,42.96,1.0
2018-01-12,43.05,43.05,43.05,43.05,1.0
2018-01-15,43.13,43.13,43.13,43.13,1.0
2018-01-16,42.92,42.92,42.92,42.92,1.0
2018-01-17,43.33,43.33,43.33,43.33,1.0
2018-01-18,43.27,43.27,43.27,43.27,1.0
2018-01-19,43.55,43.55,43.55,43.55,1.0
2018-01-22,43.67,43.67,43.67,43.67,1.0
2018-01-23,44.22,44.22,44.22,44.22,1.0
2018-01-24,44.14,44.14,44.14,44.14,1.0
2018-01-25,43.97,43.97,43.97,43.97,1.0
2018-01-29,44.04,44.04,44.04,44.04,1.0
2018-01-30,43.8,43.8,43.8,43.8,1.0
2018-01-31,43.68,43.68,43.68,43.68,1.0
2018-02-01,43.58,43.58,43.58,43.58,1.0
2018-02-02,42.56,42.56,42.56,42.56,1.0
2018-02-05,42.4,42.4,42.4,42.4,1.0
2018-02-06,41.84,41.84,41.84,41.84,1.0
2018-02-07,41.91,41.91,41.91,41.91,1.0
2018-02-08,42.41,42.41,42.41,42.41,1.0
2018-02-09,42.0,42.0,42.0,42.0,1.0
2018-02-12,42.33,42.33,42.33,42.33,1.0
2018-02-14,42.09,42.09,42.09,42.09,1.0
2018-02-15,42.15,42.15,42.15,42.15,1.0
2018-02-16,41.7,41.7,41.7,41.7,1.0
2018-02-19,41.34,41.34,41.34,41.34,1.0
2018-02-20,41.26,41.26,41.26,41.26,1.0
2018-02-21,41.31,41.31,41.31,41.31,1.0
2018-02-22,41.19,41.19,41.19,41.19,1.0
2018-02-23,41.77,41.77,41.77,41.77,1.0
2018-02-26,42.15,42.15,42.15,42.15,1.0
2018-02-27,42.0,42.0,42.0,42.0,1.0
2018-02-28,41.82,41.82,41.82,41.82,1.0
2018-03-01,41.55,41.55,41.55,41.55,1.0
2018-03-05,41.2,41.2,41.2,41.2,1.0
2018-03-06,40.75,40.75,40.75,40.75,1.0
2018-03-07,40.38,40.38,40.38,40.38,1.0
2018-03-08,40.74,40.74,40.74,40.74,1.0
2018-03-09,40.63,40.63,40.63,40.63,1.0
2018-03-12,41.34,41.34,41.34,41.34,1.0
2018-03-13,41.53,41.53,41.53,41.53,1.0
2018-03-14,41.53,41.53,41.53,41.53,1.0
2018-03-15,41.29,41.29,41.29,41.29,1.0
2018-03-16,40.72,40.72,40.72,40.72,1.0
2018-03-19,40.28,40.28,40.28,40.28,1.0
2018-03-20,40.43,40.43,40.43,40.43,1.0
2018-03-21,40.56,40.56,40.56,40.56,1.0
2018-03-22,40.35,40.35,40.35,40.35,1.0
2018-03-23,39.95,39.95,39.95,39.95,1.0
2018-03-26,40.43,40.43,40.43,40.43,1.0
2018-03-27,40.77,40.77,40.77,40.77,1.0
2018-03-28,40.48,40.48,40.48,40.48,1.0
2018-04-02,40.74,40.74,40.74,40.74,1.0
2018-04-03,40.94,40.94,40.94,40.94,1.0
2018-04-04,40.47,40.47,40.47,40.47,1.0
2018-04-05,41.25,41.25,41.25,41.25,1.0
2018-04-06,41.33,41.33,41.33,41.33,1.0
2018-04-09,41.54,41.54,41.54,41.54,1.0
2018-04-10,41.73,41.73,41.73,41.73,1.0
2018-04-11,41.7,41.7,41.7,41.7,1.0
2018-04-12,41.82,41.82,41.82,41.82,1.0
2018-04-13,41.87,41.87,41.87,41.87,1.0
2018-04-16,42.07,42.07,42.07,42.07,1.0
2018-04-17,42.2,42.2,42.2,42.2,1.0
2018-04-18,42.13,42.13,42.13,42.13,1.0
2018-04-19,42.38,42.38,42.38,42.38,1.0
2018-04-20,42.3,42.3,42.3,42.3,1.0
2018-04-23,42.31,42.31,42.31,42.31,1.0
2018-04-24,42.3,42.3,42.3,42.3,1.0
2018-04-25,42.06,42.06,42.06,42.06,1.0
2018-04-26,42.06,42.06,42.06,42.06,1.0
2018-04-27,42.42,42.42,42.42,42.42,1.0
2018-04-30,42.53,42.53,42.53,42.53,1.0
2018-05-02,42.24,42.24,42.24,42.24,1.0
2018-05-03,42.06,42.06,42.06,42.06,1.0
2018-05-04,41.78,41.78,41.78,41.78,1.0
2018-05-07,42.21,42.21,42.21,42.21,1.0
2018-05-08,42.39,42.39,42.39,42.39,1.0
2018-05-09,42.34,42.34,42.34,42.34,1.0
2018-05-10,42.24,42.24,42.24,42.24,1.0
2018-05-11,42.46,42.46,42.46,42.46,1.0
2018-05-14,42.51,42.51,42.51,42.51,1.0
2018-05-15,42.46,42.46,42.46,42.46,1.0
2018-05-16,42.14,42.14,42.14,42.14,1.0
2018-05-17,41.93,41.93,41.93,41.93,1.0
2018-05-18,41.5,41.5,41.5,41.5,1.0
2018-05-21,41.28,41.28,41.28,41.28,1.0
2018-05-22,41.55,41.55,41.55,41.55,1.0
2018-05-23,41.22,41.22,41.22,41.22,1.0
2018-05-24,41.43,41.43,41.43,41.43,1.0
2018-05-25,42.0,42.0,42.0,42.0,1.0
2018-05-28,42.36,42.36,42.36,42.36,1.0
2018-05-29,42.17,42.17,42.17,42.17,1.0
2018-05-30,42.02,42.02,42.02,42.02,1.0
2018-05-31,42.35,42.35,42.35,42.35,1.0
2018-06-01,42.1,42.1,42.1,42.1,1.0
2018-06-04,41.75,41.75,41.75,41.75,1.0
2018-06-05,41.63,41.63,41.63,41.63,1.0
2018-06-06,42.0,42.0,42.0,42.0,1.0
2018-06-07,42.35,42.35,42.35,42.35,1.0
2018-06-08,42.38,42.38,42.38,42.38,1.0
2018-06-11,42.45,42.45,42.45,42.45,1.0
2018-06-12,42.56,42.56,42.56,42.56,1.0
2018-06-13,42.61,42.61,42.61,42.61,1.0
2018-06-14,42.44,42.44,42.44,42.44,1.0
2018-06-15,42.31,42.31,42.31,42.31,1.0
2018-06-18,42.26,42.26,42.26,42.26,1.0
2018-06-19,41.97,41.97,41.97,41.97,1.0
2018-06-20,42.04,42.04,42.04,42.04,1.0
2018-06-21,41.88,41.88,41.88,41.88,1.0
2018-06-22,42.18,42.18,42.18,42.18,1.0
2018-06-25,41.83,41.83,41.83,41.83,1.0
2018-06-26,41.84,41.84,41.84,41.84,1.0
2018-06-27,41.36,41.36,41.36,41.36,1.0
2018-06-28,41.06,41.06,41.06,41.06,1.0
2018-06-29,41.61,41.61,41.61,41.61,1.0
2018-07-02,41.4,41.4,41.4,41.4,1.0
2018-07-03,41.6,41.6,41.6,41.6,1.0
2018-07-04,41.74,41.74,41.74,41.74,1.0
2018-07-05,41.54,41.54,41.54,41.54,1.0
2018-07-06,41.54,41.54,41.54,41.54,1.0
2018-07-09,41.95,41.95,41.95,41.95,1.0
2018-07-10,42.33,42.33,42.33,42.33,1.0
2018-07-11,42.0,42.0,42.0,42.0,1.0
2018-07-12,42.14,42.14,42.14,42.14,1.0
2018-07-13,41.91,41.91,41.91,41.91,1.0
2018-07-16,41.51,41.51,41.51,41.51,1.0
2018-07-17,41.95,41.95,41.95,41.95,1.0
2018-07-18,41.74,41.74,41.74,41.74,1.0
2018-07-19,41.61,41.61,41.61,41.61,1.0
2018-07-20,41.9,41.9,41.9,41.9,1.0
2018-07-23,42.35,42.35,42.35,42.35,1.0
2018-07-24,42.68,42.68,42.68,42.68,1.0
2018-07-25,42.52,42.52,42.52,42.52,1.0
2018-07-26,42.93,42.93,42.93,42.93,1.0
2018-07-27,43.41,43.41,43.41,43.41,1.0
2018-07-30,43.81,43.81,43.81,43.81,1.0
2018-07-31,43.82,43.82,43.82,43.82,1.0
2018-08-01,43.64,43.64,43.64,43.64,1.0
2018-08-02,43.35,43.35,43.35,43.35,1.0
2018-08-03,43.8,43.8,43.8,43.8,1.0
2018-08-06,44.16,44.16,44.16,44.16,1.0
2018-08-07,44.12,44.12,44.12,44.12,1.0
2018-08-08,44.27,44.27,44.27,44.27,1.0
2018-08-09,44.52,44.52,44.52,44.52,1.0
2018-08-10,44.23,44.23,44.23,44.23,1.0
2018-08-13,43.83,43.83,43.83,43.83,1.0
2018-08-14,44.14,44.14,44.14,44.14,1.0
2018-08-16,44.06,44.06,44.06,44.06,1.0
2018-08-17,44.4,44.4,44.4,44.4,1.0
2018-08-20,44.71,44.71,44.71,44.71,1.0
2018-08-21,44.86,44.86,44.86,44.86,1.0
2018-08-23,44.84,44.84,44.84,44.84,1.0
2018-08-24,44.76,44.76,44.76,44.76,1.0
2018-08-27,45.36,45.36,45.36,45.36,1.0
2018-08-28,45.45,45.45,45.45,45.45,1.0
2018-08-29,45.35,45.35,45.35,45.35,1.0
2018-08-30,45.47,45.47,45.47,45.47,1.0
2018-08-31,45.63,45.63,45.63,45.63,1.0
2018-09-03,45.29,45.29,45.29,45.29,1.0
2018-09-04,44.8,44.8,44.8,44.8,1.0
2018-09-05,44.8,44.8,44.8,44.8,1.0
2018-09-06,44.92,44.92,44.92,44.92,1.0
2018-09-07,45.22,45.22,45.22,45.22,1.0
2018-09-10,44.75,44.75,44.75,44.75,1.0
2018-09-11,44.21,44.21,44.21,44.21,1.0
2018-09-12,44.43,44.43,44.43,44.43,1.0
2018-09-14,45.07,45.07,45.07,45.07,1.0
2018-09-17,44.69,44.69,44.69,44.69,1.0
2018-09-18,44.13,44.13,44.13,44.13,1.0
2018-09-19,44.08,44.08,44.08,44.08,1.0
2018-09-21,43.87,43.87,43.87,43.87,1.0
2018-09-24,43.02,43.02,43.02,43.02,1.0
2018-09-25,43.51,43.51,43.51,43.51,1.0
2018-09-26,43.37,43.37,43.37,43.37,1.0
2018-09-27,43.03,43.03,43.03,43.03,1.0
2018-09-28,42.65,42.65,42.65,42.65,1.0
2018-10-01,42.95,42.95,42.95,42.95,1.0
2018-10-03,42.44,42.44,42.44,42.44,1.0
2018-10-04,41.87,41.87,41.87,41.87,1.0
2018-10-05,40.65,40.65,40.65,40.65,1.0
2018-10-08,40.41,40.41,40.41,40.41,1.0
2018-10-09,40.15,40.15,40.15,40.15,1.0
2018-10-10,40.96,40.96,40.96,40.96,1.0
2018-10-11,40.16,40.16,40.16,40.16,1.0
2018-10-12,41.0,41.0,41.0,41.0,1.0
2018-10-15,41.17,41.17,41.17,41.17,1.0
2018-10-16,41.49,41.49,41.49,41.49,1.0
2018-10-17,41.05,41.05,41.05,41.05,1.0
2018-10-19,40.71,40.71,40.71,40.71,1.0
2018-10-22,40.69,40.69,40.69,40.69,1.0
2018-10-23,40.35,40.35,40.35,40.35,1.0
2018-10-24,40.7,40.7,40.7,40.7,1.0
2018-10-25,40.22,40.22,40.22,40.22,1.0
2018-10-26,39.89,39.89,39.89,39.89,1.0
2018-10-29,40.83,40.83,40.83,40.83,1.0
2018-10-30,40.76,40.76,40.76,40.76,1.0
2018-10-31,41.39,41.39,41.39,41.39,1.0
2018-11-01,41.39,41.39,41.39,41.39,1.0
2018-11-02,42.08,42.08,42.08,42.08,1.0
2018-11-05,41.97,41.97,41.97,41.97,1.0
2018-11-06,41.86,41.86,41.86,41.86,1.0
2018-11-09,42.01,42.01,42.01,42.01,1.0
2018-11-12,41.52,41.52,41.52,41.52,1.0
2018-11-13,41.92,41.92,41.92,41.92,1.0
2018-11-14,41.94,41.94,41.94,41.94,1.0
2018-11-15,42.02,42.02,42.02,42.02,1.0
2018-11-16,42.35,42.35,42.35,42.35,1.0
2018-11-19,42.54,42.54,42.54,42.54,1.0
2018-11-20,42.01,42.01,42.01,42.01,1.0
2018-11-21,41.95,41.95,41.95,41.95,1.0
2018-11-22,41.67,41.67,41.67,41.67,1.0
2018-11-26,41.88,41.88,41.88,41.88,1.0
2018-11-27,42.03,42.03,42.03,42.03,1.0
2018-11-28,41.85,41.85,41.85,41.85,1.0
2018-11-29,42.16,42.16,42.16,42.16,1.0
2018-11-30,42.2,42.2,42.2,42.2,1.0
2018-12-03,42.43,42.43,42.43,42.43,1.0
2018-12-04,42.5,42.5,42.5,42.5,1.0
2018-12-05,41.96,41.96,41.96,41.96,1.0
2018-12-06,41.25,41.25,41.25,41.25,1.0
2018-12-07,41.43,41.43,41.43,41.43,1.0
2018-12-10,40.9,40.9,40.9,40.9,1.0
2018-12-11,41.09,41.09,41.09,41.09,1.0
2018-12-12,41.93,41.93,41.93,41.93,1.0
2018-12-13,42.17,42.17,42.17,42.17,1.0
2018-12-14,42.41,42.41,42.41,42.41,1.0
2018-12-17,42.75,42.75,42.75,42.75,1.0
2018-12-18,42.9,42.9,42.9,42.9,1.0
2018-12-19,43.23,43.23,43.23,43.23,1.0
2018-12-20,43.06,43.06,43.06,43.06,1.0
2018-12-21,42.48,42.48,42.48,42.48,1.0
2018-12-24,41.99,41.99,41.99,41.99,1.0
2018-12-26,42.22,42.22,42.22,42.22,1.0
2018-12-27,42.34,42.34,42.34,42.34,1.0
2018-12-28,42.73,42.73,42.73,42.73,1.0
2018-12-31,42.77,42.77,42.77,42.77,1.0
2019-01-01,42.92,42.92,42.92,42.92,1.0
2019-01-02,42.34,42.34,42.34,42.34,1.0
2019-01-03,41.86,41.86,41.86,41.86,1.0
2019-01-04,42.13,42.13,42.13,42.13,1.0
2019-01-07,42.3,42.3,42.3,42.3,1.0
2019-01-08,42.48,42.48,42.48,42.48,1.0
2019-01-09,42.7,42.7,42.7,42.7,1.0
2019-01-10,42.61,42.61,42.61,42.61,1.0
2019-01-11,42.61,42.61,42.61,42.61,1.0
2019-01-14,42.34,42.34,42.34,42.34,1.0
2019-01-15,42.76,42.76,42.76,42.76,1.0
2019-01-16,42.8,42.8,42.8,42.8,1.0
2019-01-17,42.77,42.77,42.77,42.77,1.0
2019-01-18,42.53,42.53,42.53,42.53,1.0
2019-01-21,42.57,42.57,42.57,42.57,1.0
2019-01-22,42.42,42.42,42.42,42.42,1.0
2019-01-23,42.1,42.1,42.1,42.1,1.0
2019-01-24,42.06,42.06,42.06,42.06,1.0
2019-01-25,41.75,41.75,41.75,41.75,1.0
2019-01-28,41.28,41.28,41.28,41.28,1.0
2019-01-29,41.25,41.25,41.25,41.25,1.0
2019-01-30,41.41,41.41,41.41,41.41,1.0
2019-01-31,41.97,41.97,41.97,41.97,1.0
2019-02-01,42.03,42.03,42.03,42.03,1.0
2019-02-04,41.92,41.92,41.92,41.92,1.0
2019-02-05,41.89,41.89,41.89,41.89,1.0
2019-02-06,42.4,42.4,42.4,42.4,1.0
2019-02-07,42.52,42.52,42.52,42.52,1.0
2019-02-08,41.96,41.96,41.96,41.96,1.0
2019-02-11,41.7,41.7,41.7,41.7,1.0
2019-02-12,41.5,41.5,41.5,41.5,1.0
2019-02-13,41.24,41.24,41.24,41.24,1.0
2019-02-14,41.03,41.03,41.03,41.03,1.0
2019-02-15,40.89,40.89,40.89,40.89,1.0
2019-02-18,40.7,40.7,40.7,40.7,1.0
2019-02-19,40.72,40.72,40.72,40.72,1.0
2019-02-20,41.27,41.27,41.27,41.27,1.0
2019-02-21,41.45,41.45,41.45,41.45,1.0
2019-02-22,41.68,41.68,41.68,41.68,1.0
2019-02-25,42.04,42.04,42.04,42.04,1.0
2019-02-26,41.86,41.86,41.86,41.86,1.0
2019-02-27,41.76,41.76,41.76,41.76,1.0
2019-02-28,41.97,41.97,41.97,41.97,1.0
2019-03-01,42.21,42.21,42.21,42.21,1.0
2019-03-05,42.8,42.8,42.8,42.8,1.0
2019-03-06,43.06,43.06,43.06,43.06,1.0
2019-03-07,42.92,42.92,42.92,42.92,1.0
2019-03-08,42.86,42.86,42.86,42.86,1.0
2019-03-11,43.56,43.56,43.56,43.56,1.0
2019-03-12,43.93,43.93,43.93,43.93,1.0
2019-03-13,43.82,43.82,43.82,43.82,1.0
2019-03-14,43.86,43.86,43.86,43.86,1.0
2019-03-15,44.18,44.18,44.18,44.18,1.0
2019-03-18,44.21,44.21,44.21,44.21,1.0
2019-03-19,44.42,44.42,44.42,44.42,1.0
2019-03-20,44.25,44.25,44.25,44.25,1.0
2019-03-22,44.1,44.1,44.1,44.1,1.0
2019-03-25,43.84,43.84,43.84,43.84,1.0
2019-03-26,44.23,44.23,44.23,44.23,1.0
2019-03-27,44.04,44.04,44.04,44.04,1.0
2019-03-28,44.41,44.41,44.41,44.41,1.0
2019-03-29,44.62,44.62,44.62,44.62,1.0
2019-04-01,44.84,44.84,44.84,44.84,1.0
2019-04-02,44.97,44.97,44.97,44.97,1.0
2019-04-03,44.63,44.63,44.63,44.63,1.0
2019-04-04,44.59,44.59,44.59,44.59,1.0
2019-04-05,44.84,44.84,44.84,44.84,1.0
2019-04-08,44.67,44.67,44.67,44.67,1.0
2019-04-09,44.89,44.89,44.89,44.89,1.0
2019-04-10,44.57,44.57,44.57,44.57,1.0
2019-04-11,44.58,44.58,44.58,44.58,1.0
2019-04-12,44.78,44.78,44.78,44.78,1.0
2019-04-15,44.93,44.93,44.93,44.93,1.0
2019-04-16,45.28,45.28,45.28,45.28,1.0
2019-04-18,45.03,45.03,45.03,45.03,1.0
2019-04-22,44.55,44.55,44.55,44.55,1.0
2019-04-23,44.43,44.43,44.43,44.43,1.0
2019-04-24,44.91,44.91,44.91,44.91,1.0
2019-04-25,44.67,44.67,44.67,44.67,1.0
2019-04-26,44.98,44.98,44.98,44.98,1.0
2019-04-30,45.07,45.07,45.07,45.07,1.0
2019-05-02,44.88,44.88,44.88,44.88,1.0
2019-05-03,44.98,44.98,44.98,44.98,1.0
2019-05-06,44.6,44.6,44.6,44.6,1.0
2019-05-07,44.29,44.29,44.29,44.29,1.0
2019-05-08,43.86,43.86,43.86,43.86,1.0
2019-05-09,43.61,43.61,43.61,43.61,1.0
2019-05-10,43.54,43.54,43.54,43.54,1.0
2019-05-13,42.97,42.97,42.97,42.97,1.0
2019-05-14,43.28,43.28,43.28,43.28,1.0
2019-05-15,43.08,43.08,43.08,43.08,1.0
2019-05-16,43.37,43.37,43.37,43.37,1.0
2019-05-17,43.75,43.75,43.75,43.75,1.0
2019-05-20,45.26,45.26,45.26,45.26,1.0
2019-05-21,44.77,44.77,44.77,44.77,1.0
2019-05-22,44.92,44.92,44.92,44.92,1.0
2019-05-23,44.64,44.64,44.64,44.64,1.0
2019-05-24,45.47,45.47,45.47,45.47,1.0
2019-05-27,45.92,45.92,45.92,45.92,1.0
2019-05-28,46.01,46.01,46.01,46.01,1.0
2019-05-29,45.58,45.58,45.58,45.58,1.0
2019-05-30,45.82,45.82,45.82,45.82,1.0
2019-05-31,45.78,45.78,45.78,45.78,1.0
2019-06-03,46.22,46.22,46.22,46.22,1.0
2019-06-04,46.07,46.07,46.07,46.07,1.0
2019-06-06,45.54,45.54,45.54,45.54,1.0
2019-06-07,45.61,45.61,45.61,45.61,1.0
2019-06-10,45.82,45.82,45.82,45.82,1.0
2019-06-11,45.98,45.98,45.98,45.98,1.0
2019-06-12,45.83,45.83,45.83,45.83,1.0
2019-06-13,45.94,45.94,45.94,45.94,1.0
2019-06-14,45.58,45.58,45.58,45.58,1.0
2019-06-17,45.03,45.03,45.03,45.03,1.0
2019-06-18,45.16,45.16,45.16,45.16,1.0
2019-06-19,45.12,45.12,45.12,45.12,1.0
2019-06-20,45.67,45.67,45.67,45.67,1.0
2019-06-21,45.41,45.41,45.41,45.41,1.0
2019-06-24,45.28,45.28,45.28,45.28,1.0
2019-06-25,45.5,45.5,45.5,45.5,1.0
2019-06-26,45.81,45.81,45.81,45.81,1.0
2019-06-27,45.84,45.84,45.84,45.84,1.0
2019-06-28,45.75,45.75,45.75,45.75,1.0
2019-07-01,45.98,45.98,45.98,45.98,1.0
2019-07-02,46.18,46.18,46.18,46.18,1.0
2019-07-03,46.21,46.21,46.21,46.21,1.0
2019-07-04,46.31,46.31,46.31,46.31,1.0
2019-07-05,45.73,45.73,45.73,45.73,1.0
2019-07-08,44.74,44.74,44.74,44.74,1.0
2019-07-09,44.77,44.77,44.77,44.77,1.0
2019-07-10,44.49,44.49,44.49,44.49,1.0
2019-07-11,44.75,44.75,44.75,44.75,1.0
2019-07-12,44.72,44.72,44.72,44.72,1.0
2019-07-15,44.82,44.82,44.82,44.82,1.0
2019-07-16,45.05,45.05,45.05,45.05,1.0
2019-07-17,45.11,45.11,45.11,45.11,1.0
2019-07-18,44.71,44.71,44.71,44.71,1.0
2019-07-19,44.13,44.13,44.13,44.13,1.0
2019-07-22,44.01,44.01,44.01,44.01,1.0
2019-07-23,44.03,44.03,44.03,44.03,1.0
2019-07-24,43.79,43.79,43.79,43.79,1.0
2019-07-25,43.87,43.87,43.87,43.87,1.0
2019-07-26,43.88,43.88,43.88,43.88,1.0
2019-07-29,43.46,43.46,43.46,43.46,1.0
2019-07-30,43.16,43.16,43.16,43.16,1.0
2019-07-31,43.24,43.24,43.24,43.24,1.0
2019-08-01,42.61,42.61,42.61,42.61,1.0
2019-08-02,42.68,42.68,42.68,42.68,1.0
2019-08-05,42.27,42.27,42.27,42.27,1.0
2019-08-06,42.63,42.63,42.63,42.63,1.0
2019-08-07,42.28,42.28,42.28,42.28,1.0
2019-08-08,42.86,42.86,42.86,42.86,1.0
2019-08-09,43.11,43.11,43.11,43.11,1.0
2019-08-13,42.1,42.1,42.1,42.1,1.0
2019-08-14,42.68,42.68,42.68,42.68,1.0
2019-08-16,42.8,42.8,42.8,42.8,1.0
2019-08-19,42.86,42.86,42.86,42.86,1.0
2019-08-20,42.71,42.71,42.71,42.71,1.0
2019-08-21,42.35,42.35,42.35,42.35,1.0
2019-08-22,41.74,41.74,41.74,41.74,1.0
2019-08-23,42.1,42.1,42.1,42.1,1.0
2019-08-26,42.85,42.85,42.85,42.85,1.0
2019-08-27,43.03,43.03,43.03,43.03,1.0
2019-08-28,42.74,42.74,42.74,42.74,1.0
2019-08-29,42.56,42.56,42.56,42.56,1.0
2019-08-30,42.79,42.79,42.79,42.79,1.0
2019-09-03,41.92,41.92,41.92,41.92,1.0
2019-09-04,42.23,42.23,42.23,42.23,1.0
2019-09-05,42.4,42.4,42.4,42.4,1.0
2019-09-06,42.82,42.82,42.82,42.82,1.0
2019-09-09,42.96,42.96,42.96,42.96,1.0
2019-09-11,43.06,43.06,43.06,43.06,1.0
2019-09-12,42.9,42.9,42.9,42.9,1.0
2019-09-13,43.29,43.29,43.29,43.29,1.0
2019-09-16,43.09,43.09,43.09,43.09,1.0
2019-09-17,42.47,42.47,42.47,42.47,1.0
2019-09-18,42.51,42.51,42.51,42.51,1.0
2019-09-19,42.14,42.14,42.14,42.14,1.0
2019-09-20,44.14,44.14,44.14,44.14,1.0
2019-09-23,45.15,45.15,45.15,45.15,1.0
2019-09-24,45.03,45.03,45.03,45.03,1.0
2019-09-25,44.41,44.41,44.41,44.41,1.0
2019-09-26,45.03,45.03,45.03,45.03,1.0
2019-09-27,44.9,44.9,44.9,44.9,1.0
2019-09-30,44.88,44.88,44.88,44.88,1.0
2019-10-01,44.47,44.47,44.47,44.47,1.0
2019-10-03,44.17,44.17,44.17,44.17,1.0
2019-10-04,43.63,43.63,43.63,43.63,1.0
2019-10-07,43.48,43.48,43.48,43.48,1.0
2019-10-09,44.16,44.16,44.16,44.16,1.0
2019-10-10,43.87,43.87,43.87,43.87,1.0
2019-10-11,44.21,44.21,44.21,44.21,1.0
2019-10-14,44.36,44.36,44.36,44.36,1.0
2019-10-15,44.69,44.69,44.69,44.69,1.0
2019-10-16,44.79,44.79,44.79,44.79,1.0
2019-10-17,45.29,45.29,45.29,45.29,1.0
2019-10-18,45.53,45.53,45.53,45.53,1.0
2019-10-22,45.13,45.13,45.13,45.13,1.0
2019-10-23,45.25,45.25,45.25,45.25,1.0
2019-10-24,45.12,45.12,45.12,45.12,1.0
2019-10-25,45.1,45.1,45.1,45.1,1.0
2019-10-29,45.82,45.82,45.82,45.82,1.0
2019-10-30,46.06,46.06,46.06,46.06,1.0
2019-10-31,46.08,46.08,46.08,46.08,1.0
2019-11-01,46.14,46.14,46.14,46.14,1.0
2019-11-04,46.36,46.36,46.36,46.36,1.0
2019-11-05,46.21,46.21,46.21,46.21,1.0
2019-11-06,46.44,46.44,46.44,46.44,1.0
2019-11-07,46.55,46.55,46.55,46.55,1.0
2019-11-08,46.21,46.21,46.21,46.21,1.0
2019-11-11,46.25,46.25,46.25,46.25,1.0
2019-11-13,45.9,45.9,45.9,45.9,1.0
2019-11-14,46.05,46.05,46.05,46.05,1.0
2019-11-15,46.13,46.13,46.13,46.13,1.0
2019-11-18,46.18,46.18,46.18,46.18,1.0
2019-11-19,46.35,46.35,46.35,46.35,1.0
2019-11-20,46.44,46.44,46.44,46.44,1.0
2019-11-21,46.17,46.17,46.17,46.17,1.0
2019-11-22,46.06,46.06,46.06,46.06,1.0
2019-11-25,46.71,46.71,46.71,46.71,1.0
2019-11-26,46.57,46.57,46.57,46.57,1.0
2019-11-27,46.77,46.77,46.77,46.77,1.0
2019-11-28,47.02,47.02,47.02,47.02,1.0
2019-11-29,46.7,46.7,46.7,46.7,1.0
2019-12-02,46.68,46.68,46.68,46.68,1.0
2019-12-03,46.44,46.44,46.44,46.44,1.0
2019-12-04,46.68,46.68,46.68,46.68,1.0
2019-12-05,46.49,46.49,46.49,46.49,1.0
2019-12-06,46.16,46.16,46.16,46.16,1.0
2019-12-09,46.19,46.19,46.19,46.19,1.0
2019-12-10,45.95,45.95,45.95,45.95,1.0
2019-12-11,46.17,46.17,46.17,46.17,1.0
2019-12-12,46.37,46.37,46.37,46.37,1.0
2019-12-13,46.83,46.83,46.83,46.83,1.0
2019-12-16,46.65,46.65,46.65,46.65,1.0
2019-12-17,47.1,47.1,47.1,47.1,1.0
2019-12-18,47.23,47.23,47.23,47.23,1.0
2019-12-19,47.35,47.35,47.35,47.35,1.0
2019-12-20,47.43,47.43,47.43,47.43,1.0
2019-12-23,47.45,47.45,47.45,47.45,1.0
2019-12-24,47.36,47.36,47.36,47.36,1.0
2019-12-26,47.08,47.08,47.08,47.08,1.0
2019-12-27,47.54,47.54,47.54,47.54,1.0
2019-12-30,47.57,47.57,47.57,47.57,1.0
2019-12-31,47.26,47.26,47.26,47.26,1.0
2020-01-01,47.33,47.33,47.33,47.33,1.0
2020-01-02,47.65,47.65,47.65,47.65,1.0
2020-01-03,47.43,47.43,47.43,47.43,1.0
2020-01-06,46.62,46.62,46.62,46.62,1.0
2020-01-07,46.81,46.81,46.81,46.81,1.0
2020-01-08,46.73,46.73,46.73,46.73,1.0
2020-01-09,47.39,47.39,47.39,47.39,1.0
2020-01-10,47.54,47.54,47.54,47.54,1.0
2020-01-13,47.86,47.86,47.86,47.86,1.0
2020-01-14,48.03,48.03,48.03,48.03,1.0
2020-01-15,48.01,48.01,48.01,48.01,1.0
2020-01-16,48.03,48.03,48.03,48.03,1.0
2020-01-17,48.04,48.04,48.04,48.04,1.0
2020-01-20,47.67,47.67,47.67,47.67,1.0
2020-01-21,47.39,47.39,47.39,47.39,1.0
2020-01-22,47.17,47.17,47.17,47.17,1.0
2020-01-23,47.53,47.53,47.53,47.53,1.0
2020-01-24,47.88,47.88,47.88,47.88,1.0
2020-01-27,47.42,47.42,47.42,47.42,1.0
2020-01-28,47.1,47.1,47.1,47.1,1.0
2020-01-29,47.38,47.38,47.38,47.38,1.0
2020-01-30,47.05,47.05,47.05,47.05,1.0
2020-01-31,46.73,46.73,46.73,46.73,1.0
2020-02-03,45.66,45.66,45.66,45.66,1.0
2020-02-04,46.62,46.62,46.62,46.62,1.0
2020-02-05,47.09,47.09,47.09,47.09,1.0
2020-02-06,47.28,47.28,47.28,47.28,1.0
2020-02-07,47.29,47.29,47.29,47.29,1.0
2020-02-10,46.92,46.92,46.92,46.92,1.0
2020-02-11,47.2,47.2,47.2,47.2,1.0
2020-02-12,47.52,47.52,47.52,47.52,1.0
2020-02-13,47.39,47.39,47.39,47.39,1.0
2020-02-14,47.13,47.13,47.13,47.13,1.0
2020-02-17,46.79,46.79,46.79,46.79,1.0
2020-02-18,46.63,46.63,46.63,46.63,1.0
2020-02-19,47.13,47.13,47.13,47.13,1.0
2020-02-20,47.02,47.02,47.02,47.02,1.0
2020-02-24,46.01,46.01,46.01,46.01,1.0
2020-02-25,45.83,45.83,45.83,45.83,1.0
2020-02-26,45.35,45.35,45.35,45.35,1.0
2020-02-27,45.18,45.18,45.18,45.18,1.0
2020-02-28,43.73,43.73,43.73,43.73,1.0
2020-03-02,43.38,43.38,43.38,43.38,1.0
2020-03-03,44.06,44.06,44.06,44.06,1.0
2020-03-04,43.74,43.74,43.74,43.74,1.0
2020-03-05,43.77,43.77,43.77,43.77,1.0
2020-03-06,42.82,42.82,42.82,42.82,1.0
2020-03-09,41.05,41.05,41.05,41.05,1.0
2020-03-11,40.85,40.85,40.85,40.85,1.0
2020-03-12,37.53,37.53,37.53,37.53,1.0
2020-03-13,38.85,38.85,38.85,38.85,1.0
2020-03-16,36.27,36.27,36.27,36.27,1.0
2020-03-17,35.39,35.39,35.39,35.39,1.0
2020-03-18,33.55,33.55,33.55,33.55,1.0
2020-03-19,32.83,32.83,32.83,32.83,1.0
2020-03-20,34.43,34.43,34.43,34.43,1.0
2020-03-23,30.12,30.12,30.12,30.12,1.0
2020-03-24,30.82,30.82,30.82,30.82,1.0
2020-03-25,32.6,32.6,32.6,32.6,1.0
2020-03-26,33.75,33.75,33.75,33.75,1.0
2020-03-27,33.74,33.74,33.74,33.74,1.0
2020-03-30,32.66,32.66,32.66,32.66,1.0
2020-03-31,33.81,33.81,33.81,33.81,1.0
2020-04-01,32.52,32.52,32.52,32.52,1.0
2020-04-03,31.94,31.94,31.94,31.94,1.0
2020-04-07,34.62,34.62,34.62,34.62,1.0
2020-04-08,34.63,34.63,34.63,34.63,1.0
2020-04-09,36.1,36.1,36.1,36.1,1.0
2020-04-13,35.82,35.82,35.82,35.82,1.0
2020-04-15,35.65,35.65,35.65,35.65,1.0
2020-04-16,35.97,35.97,35.97,35.97,1.0
2020-04-17,37.11,37.11,37.11,37.11,1.0
2020-04-20,36.96,36.96,36.96,36.96,1.0
2020-04-21,35.84,35.84,35.84,35.84,1.0
2020-04-22,36.35,36.35,36.35,36.35,1.0
2020-04-23,36.73,36.73,36.73,36.73,1.0
2020-04-24,36.06,36.06,36.06,36.06,1.0
2020-04-27,36.55,36.55,36.55,36.55,1.0
2020-04-28,36.76,36.76,36.76,36.76,1.0
2020-04-29,37.35,37.35,37.35,37.35,1.0
2020-04-30,38.56,38.56,38.56,38.56,1.0
2020-05-04,36.55,36.55,36.55,36.55,1.0
2020-05-05,36.25,36.25,36.25,36.25,1.0
2020-05-06,36.58,36.58,36.58,36.58,1.0
2020-05-07,36.23,36.23,36.23,36.23,1.0
2020-05-08,36.38,36.38,36.38,36.38,1.0
2020-05-11,36.45,36.45,36.45,36.45,1.0
2020-05-12,36.51,36.51,36.51,36.51,1.0
2020-05-13,37.21,37.21,37.21,37.21,1.0
2020-05-14,36.29,36.29,36.29,36.29,1.0
2020-05-15,36.35,36.35,36.35,36.35,1.0
2020-05-18,35.04,35.04,35.04,35.04,1.0
2020-05-19,35.43,35.43,35.43,35.43,1.0
2020-05-20,36.13,36.13,36.13,36.13,1.0
2020-05-21,36.43,36.43,36.43,36.43,1.0
2020-05-22,36.18,36.18,36.18,36.18,1.0
2020-05-26,36.25,36.25,36.25,36.25,1.0
2020-05-27,37.13,37.13,37.13,37.13,1.0
2020-05-28,37.83,37.83,37.83,37.83,1.0
2020-05-29,38.25,38.25,38.25,38.25,1.0
2020-06-01,39.04,39.04,39.04,39.04,1.0
2020-06-02,39.51,39.51,39.51,39.51,1.0
2020-06-03,39.75,39.75,39.75,39.75,1.0
2020-06-04,39.81,39.81,39.81,39.81,1.0
2020-06-05,40.46,40.46,40.46,40.46,1.0
2020-06-08,40.5,40.5,40.5,40.5,1.0
2020-06-09,39.91,39.91,39.91,39.91,1.0
2020-06-10,39.99,39.99,39.99,39.99,1.0
2020-06-11,39.19,39.19,39.19,39.19,1.0
2020-06-12,39.44,39.44,39.44,39.44,1.0
2020-06-15,38.83,38.83,38.83,38.83,1.0
2020-06-16,39.17,39.17,39.17,39.17,1.0
2020-06-17,39.24,39.24,39.24,39.24,1.0
2020-06-18,39.85,39.85,39.85,39.85,1.0
2020-06-19,40.34,40.34,40.34,40.34,1.0
2020-06-22,40.64,40.64,40.64,40.64,1.0
2020-06-23,41.28,41.28,41.28,41.28,1.0
2020-06-24,40.56,40.56,40.56,40.56,1.0
2020-06-25,40.47,40.47,40.47,40.47,1.0
2020-06-26,40.89,40.89,40.89,40.89,1.0
2020-06-29,40.55,40.55,40.55,40.55,1.0
2020-06-30,40.56,40.56,40.56,40.56,1.0
2020-07-01,40.9,40.9,40.9,40.9,1.0
2020-07-02,41.35,41.35,41.35,41.35,1.0
2020-07-03,41.59,41.59,41.59,41.59,1.0
2020-07-06,42.12,42.12,42.12,42.12,1.0
2020-07-07,42.22,42.22,42.22,42.22,1.0
2020-07-08,41.85,41.85,41.85,41.85,1.0
2020-07-09,42.21,42.21,42.21,42.21,1.0
2020-07-10,42.02,42.02,42.02,42.02,1.0
2020-07-13,42.18,42.18,42.18,42.18,1.0
2020-07-14,41.46,41.46,41.46,41.46,1.0
2020-07-15,41.51,41.51,41.51,41.51,1.0
2020-07-16,41.94,41.94,41.94,41.94,1.0
2020-07-17,42.55,42.55,42.55,42.55,1.0
2020-07-20,42.93,42.93,42.93,42.93,1.0
2020-07-21,43.5,43.5,43.5,43.5,1.0
2020-07-22,43.42,43.42,43.42,43.42,1.0
2020-07-23,43.71,43.71,43.71,43.71,1.0
2020-07-24,43.46,43.46,43.46,43.46,1.0
2020-07-27,43.18,43.18,43.18,43.18,1.0
2020-07-28,43.68,43.68,43.68,43.68,1.0
2020-07-29,43.39,43.39,43.39,43.39,1.0
2020-07-30,43.07,43.07,43.07,43.07,1.0
2020-07-31,43.06,43.06,43.06,43.06,1.0
2020-08-03,42.54,42.54,42.54,42.54,1.0
2020-08-04,43.1,43.1,43.1,43.1,1.0
2020-08-05,43.26,43.26,43.26,43.26,1.0
2020-08-06,43.61,43.61,43.61,43.61,1.0
2020-08-07,43.61,43.61,43.61,43.61,1.0
2020-08-10,43.85,43.85,43.85,43.85,1.0
2020-08-11,44.04,44.04,44.04,44.04,1.0
2020-08-12,44.15,44.15,44.15,44.15,1.0
2020-08-13,44.36,44.36,44.36,44.36,1.0
2020-08-14,43.84,43.84,43.84,43.84,1.0
2020-08-17,44.24,44.24,44.24,44.24,1.0
2020-08-18,44.76,44.76,44.76,44.76,1.0
2020-08-19,44.9,44.9,44.9,44.9,1.0
2020-08-20,44.67,44.67,44.67,44.67,1.0
2020-08-21,44.87,44.87,44.87,44.87,1.0
2020-08-24,45.1,45.1,45.1,45.1,1.0
2020-08-25,45.13,45.13,45.13,45.13,1.0
2020-08-26,45.31,45.31,45.31,45.31,1.0
2020-08-27,45.32,45.32,45.32,45.32,1.0
2020-08-28,45.67,45.67,45.67,45.67,1.0
2020-08-31,44.59,44.59,44.59,44.59,1.0
2020-09-01,44.98,44.98,44.98,44.98,1.0
2020-09-02,45.27,45.27,45.27,45.27,1.0
2020-09-03,45.3,45.3,45.3,45.3,1.0
2020-09-04,44.49,44.49,44.49,44.49,1.0
2020-09-07,44.49,44.49,44.49,44.49,1.0
2020-09-08,44.25,44.25,44.25,44.25,1.0
2020-09-09,44.02,44.02,44.02,44.02,1.0
2020-09-10,44.53,44.53,44.53,44.53,1.0
2020-09-11,44.6,44.6,44.6,44.6,1.0
2020-09-14,44.5,44.5,44.5,44.5,1.0
2020-09-15,44.84,44.84,44.84,44.84,1.0
2020-09-16,45.09,45.09,45.09,45.09,1.0
2020-09-17,44.8,44.8,44.8,44.8,1.0
2020-09-18,44.82,44.82,44.82,44.82,1.0
2020-09-21,43.69,43.69,43.69,43.69,1.0
2020-09-22,43.28,43.28,43.28,43.28,1.0
2020-09-23,43.14,43.14,43.14,43.14,1.0
2020-09-24,41.92,41.92,41.92,41.92,1.0
2020-09-25,42.96,42.96,42.96,42.96,1.0
2020-09-28,43.73,43.73,43.73,43.73,1.0
2020-09-29,43.61,43.61,43.61,43.61,1.0
2020-09-30,43.58,43.58,43.58,43.58,1.0
2020-10-01,44.15,44.15,44.15,44.15,1.0
2020-10-05,44.36,44.36,44.36,44.36,1.0
2020-10-06,44.79,44.79,44.79,44.79,1.0
2020-10-07,44.9,44.9,44.9,44.9,1.0
2020-10-08,45.23,45.23,45.23,45.23,1.0
2020-10-09,45.59,45.59,45.59,45.59,1.0
2020-10-12,45.42,45.42,45.42,45.42,1.0
2020-10-13,45.35,45.35,45.35,45.35,1.0
2020-10-14,45.4,45.4,45.4,45.4,1.0
2020-10-15,44.4,44.4,44.4,44.4,1.0
2020-10-16,44.82,44.82,44.82,44.82,1.0
2020-10-19,45.31,45.31,45.31,45.31,1.0
2020-10-20,45.47,45.47,45.47,45.47,1.0
2020-10-21,45.73,45.73,45.73,45.73,1.0
2020-10-22,45.67,45.67,45.67,45.67,1.0
2020-10-23,45.86,45.86,45.86,45.86,1.0
2020-10-26,45.21,45.21,45.21,45.21,1.0
2020-10-27,45.53,45.53,45.53,45.53,1.0
2020-10-28,45.07,45.07,45.07,45.07,1.0
2020-10-29,44.83,44.83,44.83,44.83,1.0
2020-10-30,44.74,44.74,44.74,44.74,1.0
2020-11-02,45.11,45.11,45.11,45.11,1.0
2020-11-03,45.68,45.68,45.68,45.68,1.0
2020-11-04,45.91,45.91,45.91,45.91,1.0
2020-11-05,46.72,46.72,46.72,46.72,1.0
2020-11-06,47.07,47.07,47.07,47.07,1.0
2020-11-09,48.0,48.0,48.0,48.0,1.0
2020-11-10,48.63,48.63,48.63,48.63,1.0
2020-11-11,49.29,49.29,49.29,49.29,1.0
2020-11-12,49.13,49.13,49.13,49.13,1.0
2020-11-13,49.23,49.23,49.23,49.23,1.0
2020-11-17,49.79,49.79,49.79,49.79,1.0
2020-11-18,49.98,49.98,49.98,49.98,1.0
2020-11-19,49.33,49.33,49.33,49.33,1.0
2020-11-20,49.63,49.63,49.63,49.63,1.0
2020-11-23,49.79,49.79,49.79,49.79,1.0
2020-11-24,50.29,50.29,50.29,50.29,1.0
2020-11-25,49.57,49.57,49.57,49.57,1.0
2020-11-26,49.95,49.95,49.95,49.95,1.0
2020-11-27,49.84,49.84,49.84,49.84,1.0
2020-12-01,50.63,50.63,50.63,50.63,1.0
2020-12-02,50.72,50.72,50.72,50.72,1.0
2020-12-03,50.91,50.91,50.91,50.91,1.0
2020-12-04,51.52,51.52,51.52,51.52,1.0
2020-12-07,51.96,51.96,51.96,51.96,1.0
2020-12-08,52.07,52.07,52.07,52.07,1.0
2020-12-09,52.48,52.48,52.48,52.48,1.0
2020-12-10,52.26,52.26,52.26,52.26,1.0
2020-12-11,52.42,52.42,52.42,52.42,1.0
2020-12-14,52.68,52.68,52.68,52.68,1.0
2020-12-15,52.63,52.63,52.63,52.63,1.0
2020-12-16,52.97,52.97,52.97,52.97,1.0
2020-12-17,52.97,52.97,52.97,52.97,1.0
2020-12-18,53.08,53.08,53.08,53.08,1.0
2020-12-21,51.25,51.25,51.25,51.25,1.0
2020-12-22,51.84,51.84,51.84,51.84,1.0
2020-12-23,52.47,52.47,52.47,52.47,1.0
2020-12-24,53.02,53.02,53.02,53.02,1.0
2020-12-28,53.51,53.51,53.51,53.51,1.0
2020-12-29,53.69,53.69,53.69,53.69,1.0
2020-12-30,53.82,53.82,53.82,53.82,1.0
2020-12-31,53.97,53.97,53.97,53.97,1.0
2021-01-01,54.08,54.08,54.08,54.08,1.0
2021-01-04,54.73,54.73,54.73,54.73,1.0
2021-01-05,55.03,55.03,55.03,55.03,1.0
2021-01-06,55.02,55.02,55.02,55.02,1.0
2021-01-07,55.26,55.26,55.26,55.26,1.0
2021-01-08,56.01,56.01,56.01,56.01,1.0
2021-01-11,56.48,56.48,56.48,56.48,1.0
2021-01-12,56.89,56.89,56.89,56.89,1.0
2021-01-13,57.04,57.04,57.04,57.04,1.0
2021-01-14,56.99,56.99,56.99,56.99,1.0
2021-01-15,56.4,56.4,56.4,56.4,1.0
2021-01-18,55.58,55.58,55.58,55.58,1.0
2021-01-19,56.39,56.39,56.39,56.39,1.0
2021-01-20,56.74,56.74,56.74,56.74,1.0
2021-01-21,56.31,56.31,56.31,56.31,1.0
2021-01-22,55.54,55.54,55.54,55.54,1.0
2021-01-25,55.24,55.24,55.24,55.24,1.0
2021-01-27,54.34,54.34,54.34,54.34,1.0
2021-01-28,54.03,54.03,54.03,54.03,1.0
2021-01-29,53.44,53.44,53.44,53.44,1.0
2021-02-01,55.91,55.91,55.91,55.91,1.0
2021-02-02,57.32,57.32,57.32,57.32,1.0
2021-02-03,57.94,57.94,57.94,57.94,1.0
2021-02-04,58.33,58.33,58.33,58.33,1.0
2021-02-05,58.02,58.02,58.02,58.02,1.0
2021-02-08,58.88,58.88,58.88,58.88,1.0
2021-02-09,59.02,59.02,59.02,59.02,1.0
2021-02-10,58.9,58.9,58.9,58.9,1.0
2021-02-11,59.1,59.1,59.1,59.1,1.0
2021-02-12,59.09,59.09,59.09,59.09,1.0
2021-02-15,59.77,59.77,59.77,59.77,1.0
2021-02-16,59.78,59.78,59.78,59.78,1.0
2021-02-17,59.59,59.59,59.59,59.59,1.0
2021-02-18,59.45,59.45,59.45,59.45,1.0
2021-02-19,58.7,58.7,58.7,58.7,1.0
2021-02-22,57.57,57.57,57.57,57.57,1.0
2021-02-23,57.87,57.87,57.87,57.87,1.0
2021-02-24,58.9,58.9,58.9,58.9,1.0
2021-02-25,59.31,59.31,59.31,59.31,1.0
2021-02-26,57.41,57.41,57.41,57.41,1.0
2021-03-01,58.11,58.11,58.11,58.11,1.0
2021-03-02,58.79,58.79,58.79,58.79,1.0
2021-03-03,59.94,59.94,59.94,59.94,1.0
2021-03-04,59.32,59.32,59.32,59.32,1.0
2021-03-05,58.8,58.8,58.8,58.8,1.0
2021-03-08,58.98,58.98,58.98,58.98,1.0
2021-03-09,59.33,59.33,59.33,59.33,1.0
2021-03-10,59.61,59.61,59.61,59.61,1.0
2021-03-12,59.05,59.05,59.05,59.05,1.0
2021-03-15,58.78,58.78,58.78,58.78,1.0
2021-03-16,58.65,58.65,58.65,58.65,1.0
2021-03-17,57.82,57.82,57.82,57.82,1.0
2021-03-18,57.24,57.24,57.24,57.24,1.0
2021-03-19,57.81,57.81,57.81,57.81,1.0
2021-03-22,57.73,57.73,57.73,57.73,1.0
2021-03-23,58.07,58.07,58.07,58.07,1.0
2021-03-24,56.99,56.99,56.99,56.99,1.0
2021-03-25,56.18,56.18,56.18,56.18,1.0
2021-03-26,56.88,56.88,56.88,56.88,1.0
2021-03-30,57.89,57.89,57.89,57.89,1.0
2021-03-31,57.42,57.42,57.42,57.42,1.0
2021-04-01,58.14,58.14,58.14,58.14,1.0
2021-04-05,57.26,57.26,57.26,57.26,1.0
2021-04-06,57.2,57.2,57.2,57.2,1.0
2021-04-07,57.79,57.79,57.79,57.79,1.0
2021-04-08,57.91,57.91,57.91,57.91,1.0
2021-04-09,57.71,57.71,57.71,57.71,1.0
2021-04-12,55.63,55.63,55.63,55.63,1.0
2021-04-13,56.5,56.5,56.5,56.5,1.0
2021-04-15,56.81,56.81,56.81,56.81,1.0
2021-04-16,57.0,57.0,57.0,57.0,1.0
2021-04-19,56.07,56.07,56.07,56.07,1.0
2021-04-20,55.85,55.85,55.85,55.85,1.0
2021-04-22,56.29,56.29,56.29,56.29,1.0
2021-04-23,56.11,56.11,56.11,56.11,1.0
2021-04-26,56.77,56.77,56.77,56.77,1.0
2021-04-27,57.38,57.38,57.38,57.38,1.0
2021-04-28,58.25,58.25,58.25,58.25,1.0
2021-04-29,58.28,58.28,58.28,58.28,1.0
2021-04-30,57.58,57.58,57.58,57.58,1.0
2021-05-03,57.68,57.68,57.68,57.68,1.0
2021-05-04,57.24,57.24,57.24,57.24,1.0
2021-05-05,57.78,57.78,57.78,57.78,1.0
2021-05-06,58.19,58.19,58.19,58.19,1.0
2021-05-07,58.58,58.58,58.58,58.58,1.0
2021-05-10,59.08,59.08,59.08,59.08,1.0
2021-05-11,58.96,58.96,58.96,58.96,1.0
2021-05-12,58.39,58.39,58.39,58.39,1.0
2021-05-14,58.13,58.13,58.13,58.13,1.0
2021-05-17,58.9,58.9,58.9,58.9,1.0
2021-05-18,59.55,59.55,59.55,59.55,1.0
2021-05-19,59.35,59.35,59.35,59.35,1.0
2021-05-20,58.87,58.87,58.87,58.87,1.0
2021-05-21,59.79,59.79,59.79,59.79,1.0
2021-05-24,59.98,59.98,59.98,59.98,1.0
2021-05-25,60.04,60.04,60.04,60.04,1.0
2021-05-26,60.34,60.34,60.34,60.34,1.0
2021-05-27,60.44,60.44,60.44,60.44,1.0
2021-05-28,60.55,60.55,60.55,60.55,1.0
2021-05-31,61.17,61.17,61.17,61.17,1.0
2021-06-01,60.98,60.98,60.98,60.98,1.0
2021-06-02,61.0,61.0,61.0,61.0,1.0
2021-06-03,61.49,61.49,61.49,61.49,1.0
2021-06-04,61.51,61.51,61.51,61.51,1.0
2021-06-07,61.94,61.94,61.94,61.94,1.0
2021-06-08,61.98,61.98,61.98,61.98,1.0
2021-06-09,61.6,61.6,61.6,61.6,1.0
2021-06-10,61.94,61.94,61.94,61.94,1.0
2021-06-11,62.03,62.03,62.03,62.03,1.0
2021-06-14,62.11,62.11,62.11,62.11,1.0
2021-06-15,62.41,62.41,62.41,62.41,1.0
2021-06-16,62.0,62.0,62.0,62.0,1.0
2021-06-17,61.64,61.64,61.64,61.64,1.0
2021-06-18,61.52,61.52,61.52,61.52,1.0
2021-06-21,61.72,61.72,61.72,61.72,1.0
2021-06-22,61.96,61.96,61.96,61.96,1.0
2021-06-23,61.62,61.62,61.62,61.62,1.0
2021-06-24,61.98,61.98,61.98,61.98,1.0
2021-06-25,62.52,62.52,62.52,62.52,1.0
2021-06-28,62.5,62.5,62.5,62.5,1.0
2021-06-29,62.12,62.12,62.12,62.12,1.0
2021-06-30,62.06,62.06,62.06,62.06,1.0
2021-07-01,61.92,61.92,61.92,61.92,1.0
2021-07-02,62.05,62.05,62.05,62.05,1.0
2021-07-05,62.48,62.48,62.48,62.48,1.0
2021-07-06,62.44,62.44,62.44,62.44,1.0
2021-07-07,62.64,62.64,62.64,62.64,1.0
2021-07-08,62.12,62.12,62.12,62.12,1.0
2021-07-09,62.06,62.06,62.06,62.06,1.0
2021-07-12,62.07,62.07,62.07,62.07,1.0
2021-07-13,62.63,62.63,62.63,62.63,1.0
2021-07-14,62.89,62.89,62.89,62.89,1.0
2021-07-15,63.22,63.22,63.22,63.22,1.0
2021-07-16,63.27,63.27,63.27,63.27,1.0
2021-07-19,62.62,62.62,62.62,62.62,1.0
2021-07-20,61.93,61.93,61.93,61.93,1.0
2021-07-22,62.84,62.84,62.84,62.84,1.0
2021-07-23,63.08,63.08,63.08,63.08,1.0
2021-07-26,63.06,63.06,63.06,63.06,1.0
2021-07-27,62.87,62.87,62.87,62.87,1.0
2021-07-28,62.92,62.92,62.92,62.92,1.0
2021-07-29,63.17,63.17,63.17,63.17,1.0
2021-07-30,63.31,63.31,63.31,63.31,1.0
2021-08-02,63.71,63.71,63.71,63.71,1.0
2021-08-03,64.55,64.55,64.55,64.55,1.0
2021-08-04,64.92,64.92,64.92,64.92,1.0
2021-08-05,65.1,65.1,65.1,65.1,1.0
2021-08-06,64.95,64.95,64.95,64.95,1.0
2021-08-09,64.94,64.94,64.94,64.94,1.0
2021-08-10,65.06,65.06,65.06,65.06,1.0
2021-08-11,65.09,65.09,65.09,65.09,1.0
2021-08-12,65.46,65.46,65.46,65.46,1.0
2021-08-13,66.04,66.04,66.04,66.04,1.0
2021-08-16,66.02,66.02,66.02,66.02,1.0
2021-08-17,65.94,65.94,65.94,65.94,1.0
2021-08-18,65.69,65.69,65.69,65.69,1.0
2021-08-20,64.85,64.85,64.85,64.85,1.0
2021-08-23,64.97,64.97,64.97,64.97,1.0
2021-08-24,65.58,65.58,65.58,65.58,1.0
2021-08-25,65.6,65.6,65.6,65.6,1.0
2021-08-26,65.5,65.5,65.5,65.5,1.0
2021-08-27,65.86,65.86,65.86,65.86,1.0
2021-08-30,66.84,66.84,66.84,66.84,1.0
2021-08-31,67.62,67.62,67.62,67.62,1.0
2021-09-01,67.53,67.53,67.53,67.53,1.0
2021-09-02,67.91,67.91,67.91,67.91,1.0
2021-09-03,68.18,68.18,68.18,68.18,1.0
2021-09-06,68.34,68.34,68.34,68.34,1.0
2021-09-07,68.27,68.27,68.27,68.27,1.0
2021-09-08,68.26,68.26,68.26,68.26,1.0
2021-09-09,68.35,68.35,68.35,68.35,1.0
2021-09-13,68.31,68.31,68.31,68.31,1.0
2021-09-14,68.46,68.46,68.46,68.46,1.0
2021-09-15,69.1,69.1,69.1,69.1,1.0
2021-09-16,69.49,69.49,69.49,69.49,1.0
2021-09-17,69.47,69.47,69.47,69.47,1.0
2021-09-20,68.68,68.68,68.68,68.68,1.0
2021-09-21,69.08,69.08,69.08,69.08,1.0
2021-09-22,69.16,69.16,69.16,69.16,1.0
2021-09-23,70.24,70.24,70.24,70.24,1.0
2021-09-24,70.35,70.35,70.35,70.35,1.0
2021-09-27,70.45,70.45,70.45,70.45,1.0
2021-09-28,70.03,70.03,70.03,70.03,1.0
2021-09-29,69.93,69.93,69.93,69.93,1.0
2021-09-30,69.63,69.63,69.63,69.63,1.0
2021-10-01,69.35,69.35,69.35,69.35,1.0
2021-10-04,69.91,69.91,69.91,69.91,1.0
2021-10-05,70.43,70.43,70.43,70.43,1.0
2021-10-06,69.69,69.69,69.69,69.69,1.0
2021-10-07,70.21,70.21,70.21,70.21,1.0
2021-10-08,70.53,70.53,70.53,70.53,1.0
2021-10-11,71.09,71.09,71.09,71.09,1.0
2021-10-12,71.12,71.12,71.12,71.12,1.0
2021-10-13,71.67,71.67,71.67,71.67,1.0
2021-10-14,72.43,72.43,72.43,72.43,1.0
2021-10-18,72.92,72.92,72.92,72.92,1.0
2021-10-19,72.86,72.86,72.86,72.86,1.0
2021-10-20,72.35,72.35,72.35,72.35,1.0
2021-10-21,72.17,72.17,72.17,72.17,1.0
2021-10-22,71.95,71.95,71.95,71.95,1.0
2021-10-25,72.3,72.3,72.3,72.3,1.0
2021-10-26,72.85,72.85,72.85,72.85,1.0
2021-10-27,72.7,72.7,72.7,72.7,1.0
2021-10-28,71.38,71.38,71.38,71.38,1.0
2021-10-29,70.85,70.85,70.85,70.85,1.0
2021-11-01,71.86,71.86,71.86,71.86,1.0
2021-11-02,71.91,71.91,71.91,71.91,1.0
2021-11-03,71.79,71.79,71.79,71.79,1.0
2021-11-08,72.63,72.63,72.63,72.63,1.0
2021-11-09,72.69,72.69,72.69,72.69,1.0
2021-11-10,72.78,72.78,72.78,72.78,1.0
2021-11-11,72.2,72.2,72.2,72.2,1.0
2021-11-12,72.95,72.95,72.95,72.95,1.0
2021-11-15,72.84,72.84,72.84,72.84,1.0
2021-11-16,72.55,72.55,72.55,72.55,1.0
2021-11-17,72.27,72.27,72.27,72.27,1.0
2021-11-18,71.62,71.62,71.62,71.62,1.0
2021-11-22,70.47,70.47,70.47,70.47,1.0
2021-11-23,70.89,70.89,70.89,70.89,1.0
2021-11-24,70.62,70.62,70.62,70.62,1.0
2021-11-25,70.87,70.87,70.87,70.87,1.0
2021-11-26,68.85,68.85,68.85,68.85,1.0
2021-11-29,68.7,68.7,68.7,68.7,1.0
2021-11-30,68.51,68.51,68.51,68.51,1.0
2021-12-01,69.09,69.09,69.09,69.09,1.0
2021-12-02,69.76,69.76,69.76,69.76,1.0
2021-12-03,69.14,69.14,69.14,69.14,1.0
2021-12-06,68.09,68.09,68.09,68.09,1.0
2021-12-07,69.15,69.15,69.15,69.15,1.0
2021-12-08,70.35,70.35,70.35,70.35,1.0
2021-12-09,70.51,70.51,70.51,70.51,1.0
2021-12-10,70.44,70.44,70.44,70.44,1.0
2021-12-13,70.22,70.22,70.22,70.22,1.0
2021-12-14,70.12,70.12,70.12,70.12,1.0
2021-12-15,69.83,69.83,69.83,69.83,1.0
2021-12-16,69.64,69.64,69.64,69.64,1.0
2021-12-17,68.6,68.6,68.6,68.6,1.0
2021-12-20,67.2,67.2,67.2,67.2,1.0
2021-12-21,67.82,67.82,67.82,67.82,1.0
2021-12-22,68.62,68.62,68.62,68.62,1.0
2021-12-23,68.99,68.99,68.99,68.99,1.0
2021-12-24,68.69,68.69,68.69,68.69,1.0
2021-12-27,69.02,69.02,69.02,69.02,1.0
2021-12-28,69.61,69.61,69.61,69.61,1.0
2021-12-29,69.57,69.57,69.57,69.57,1.0
2021-12-30,69.55,69.55,69.55,69.55,1.0
2021-12-31,70.14,70.14,70.14,70.14,1.0
2022-01-03,71.08,71.08,71.08,71.08,1.0
2022-01-04,71.62,71.62,71.62,71.62,1.0
2022-01-05,71.99,71.99,71.99,71.99,1.0
2022-01-06,71.56,71.56,71.56,71.56,1.0
2022-01-07,71.8,71.8,71.8,71.8,1.0
2022-01-10,72.62,72.62,72.62,72.62,1.0
2022-01-11,72.81,72.81,72.81,72.81,1.0
2022-01-12,73.49,73.49,73.49,73.49,1.0
2022-01-13,73.64,73.64,73.64,73.64,1.0
2022-01-14,73.58,73.58,73.58,73.58,1.0
2022-01-17,73.68,73.68,73.68,73.68,1.0
2022-01-18,72.89,72.89,72.89,72.89,1.0
2022-01-19,72.47,72.47,72.47,72.47,1.0
2022-01-20,72.04,72.04,72.04,72.04,1.0
2022-01-21,71.35,71.35,71.35,71.35,1.0
2022-01-24,69.82,69.82,69.82,69.82,1.0
2022-01-25,70.61,70.61,70.61,70.61,1.0
2022-01-27,70.17,70.17,70.17,70.17,1.0
2022-01-28,70.01,70.01,70.01,70.01,1.0
2022-01-31,70.97,70.97,70.97,70.97,1.0
2022-02-01,71.88,71.88,71.88,71.88,1.0
2022-02-02,72.46,72.46,72.46,72.46,1.0
2022-02-03,71.77,71.77,71.77,71.77,1.0
2022-02-04,71.6,71.6,71.6,71.6,1.0
2022-02-07,70.55,70.55,70.55,70.55,1.0
2022-02-08,70.73,70.73,70.73,70.73,1.0
2022-02-09,71.48,71.48,71.48,71.48,1.0
2022-02-10,72.06,72.06,72.06,72.06,1.0
2022-02-11,71.19,71.19,71.19,71.19,1.0
2022-02-14,68.98,68.98,68.98,68.98,1.0
2022-02-15,70.73,70.73,70.73,70.73,1.0
2022-02-16,70.63,70.63,70.63,70.63,1.0
2022-02-17,70.51,70.51,70.51,70.51,1.0
2022-02-18,70.41,70.41,70.41,70.41,1.0
2022-02-21,70.18,70.18,70.18,70.18,1.0
2022-02-22,69.79,69.79,69.79,69.79,1.0
2022-02-23,69.67,69.67,69.67,69.67,1.0
2022-02-24,66.66,66.66,66.66,66.66,1.0
2022-02-25,68.2,68.2,68.2,68.2,1.0
2022-02-28,68.59,68.59,68.59,68.59,1.0
2022-03-02,67.77,67.77,67.77,67.77,1.0
2022-03-03,67.26,67.26,67.26,67.26,1.0
2022-03-04,66.22,66.22,66.22,66.22,1.0
2022-03-07,64.88,64.88,64.88,64.88,1.0
2022-03-08,65.47,65.47,65.47,65.47,1.0
2022-03-09,66.54,66.54,66.54,66.54,1.0
2022-03-10,67.41,67.41,67.41,67.41,1.0
2022-03-11,67.66,67.66,67.66,67.66,1.0
2022-03-14,68.59,68.59,68.59,68.59,1.0
2022-03-15,67.91,67.91,67.91,67.91,1.0
2022-03-16,69.02,69.02,69.02,69.02,1.0
2022-03-17,70.09,70.09,70.09,70.09,1.0
2022-03-21,69.46,69.46,69.46,69.46,1.0
2022-03-22,70.09,70.09,70.09,70.09,1.0
2022-03-23,69.81,69.81,69.81,69.81,1.0
2022-03-24,69.71,69.71,69.71,69.71,1.0
2022-03-25,69.4,69.4,69.4,69.4,1.0
2022-03-28,69.65,69.65,69.65,69.65,1.0
2022-03-29,70.15,70.15,70.15,70.15,1.0
2022-03-30,70.67,70.67,70.67,70.67,1.0
2022-03-31,70.64,70.64,70.64,70.64,1.0
2022-04-01,71.34,71.34,71.34,71.34,1.0
2022-04-04,72.79,72.79,72.79,72.79,1.0
2022-04-05,72.47,72.47,72.47,72.47,1.0
2022-04-06,72.08,72.08,72.08,72.08,1.0
2022-04-07,71.74,71.74,71.74,71.74,1.0
2022-04-08,72.2,72.2,72.2,72.2,1.0
2022-04-11,71.82,71.82,71.82,71.82,1.0
2022-04-12,71.28,71.28,71.28,71.28,1.0
2022-04-13,71.16,71.16,71.16,71.16,1.0
2022-04-18,70.28,70.28,70.28,70.28,1.0
2022-04-19,69.49,69.49,69.49,69.49,1.0
2022-04-20,70.06,70.06,70.06,70.06,1.0
2022-04-21,70.8,70.8,70.8,70.8,1.0
2022-04-22,70.0,70.0,70.0,70.0,1.0
2022-04-25,69.17,69.17,69.17,69.17,1.0
2022-04-26,69.94,69.94,69.94,69.94,1.0
2022-04-27,69.33,69.33,69.33,69.33,1.0
2022-04-28,70.13,70.13,70.13,70.13,1.0
2022-04-29,69.36,69.36,69.36,69.36,1.0
2022-05-02,69.06,69.06,69.06,69.06,1.0
2022-05-04,67.67,67.67,67.67,67.67,1.0
2022-05-05,67.87,67.87,67.87,67.87,1.0
2022-05-06,66.9,66.9,66.9,66.9,1.0
2022-05-09,66.51,66.51,66.51,66.51,1.0
2022-05-10,66.19,66.19,66.19,66.19,1.0
2022-05-11,65.98,65.98,65.98,65.98,1.0
2022-05-12,64.74,64.74,64.74,64.74,1.0
2022-05-13,64.39,64.39,64.39,64.39,1.0
2022-05-16,64.74,64.74,64.74,64.74,1.0
2022-05-17,66.33,66.33,66.33,66.33,1.0
2022-05-18,66.17,66.17,66.17,66.17,1.0
2022-05-19,64.61,64.61,64.61,64.61,1.0
2022-05-20,66.22,66.22,66.22,66.22,1.0
2022-05-23,66.16,66.16,66.16,66.16,1.0
2022-05-24,65.72,65.72,65.72,65.72,1.0
2022-05-25,65.5,65.5,65.5,65.5,1.0
2022-05-26,66.18,66.18,66.18,66.18,1.0
2022-05-27,66.8,66.8,66.8,66.8,1.0
2022-05-30,67.99,67.99,67.99,67.99,1.0
2022-05-31,67.98,67.98,67.98,67.98,1.0
2022-06-01,67.67,67.67,67.67,67.67,1.0
2022-06-02,67.99,67.99,67.99,67.99,1.0
2022-06-03,67.68,67.68,67.68,67.68,1.0
2022-06-06,67.58,67.58,67.58,67.58,1.0
2022-06-07,67.13,67.13,67.13,67.13,1.0
2022-06-08,66.86,66.86,66.86,66.86,1.0
2022-06-09,67.43,67.43,67.43,67.43,1.0
2022-06-10,66.65,66.65,66.65,66.65,1.0
2022-06-13,65.13,65.13,65.13,65.13,1.0
2022-06-14,65.04,65.04,65.04,65.04,1.0
2022-06-15,64.92,64.92,64.92,64.92,1.0
2022-06-16,63.67,63.67,63.67,63.67,1.0
2022-06-17,63.23,63.23,63.23,63.23,1.0
2022-06-20,63.12,63.12,63.12,63.12,1.0
2022-06-21,64.25,64.25,64.25,64.25,1.0
2022-06-22,63.39,63.39,63.39,63.39,1.0
2022-06-23,64.06,64.06,64.06,64.06,1.0
2022-06-24,64.54,64.54,64.54,64.54,1.0
2022-06-27,65.19,65.19,65.19,65.19,1.0
2022-06-28,65.38,65.38,65.38,65.38,1.0
2022-06-29,65.24,65.24,65.24,65.24,1.0
2022-06-30,65.23,65.23,65.23,65.23,1.0
2022-07-01,65.09,65.09,65.09,65.09,1.0
2022-07-04,65.53,65.53,65.53,65.53,1.0
2022-07-05,65.41,65.41,65.41,65.41,1.0
2022-07-06,65.96,65.96,65.96,65.96,1.0
2022-07-07,66.6,66.6,66.6,66.6,1.0
2022-07-08,67.13,67.13,67.13,67.13,1.0
2022-07-11,67.08,67.08,67.08,67.08,1.0
2022-07-12,66.5,66.5,66.5,66.5,1.0
2022-07-13,66.21,66.21,66.21,66.21,1.0
2022-07-14,66.07,66.07,66.07,66.07,1.0
2022-07-15,66.45,66.45,66.45,66.45,1.0
2022-07-18,67.43,67.43,67.43,67.43,1.0
2022-07-19,67.62,67.62,67.62,67.62,1.0
2022-07-20,68.22,68.22,68.22,68.22,1.0
2022-07-21,68.62,68.62,68.62,68.62,1.0
2022-07-22,68.97,68.97,68.97,68.97,1.0
2022-07-25,68.65,68.65,68.65,68.65,1.0
2022-07-26,67.99,67.99,67.99,67.99,1.0
2022-07-27,68.53,68.53,68.53,68.53,1.0
2022-07-28,69.27,69.27,69.27,69.27,1.0
2022-07-29,70.25,70.25,70.25,70.25,1.0
2022-08-01,70.97,70.97,70.97,70.97,1.0
2022-08-02,70.75,70.75,70.75,70.75,1.0
2022-08-03,70.81,70.81,70.81,70.81,1.0
2022-08-04,70.88,70.88,70.88,70.88,1.0
2022-08-05,71.05,71.05,71.05,71.05,1.0
2022-08-08,71.57,71.57,71.57,71.57,1.0
2022-08-10,71.73,71.73,71.73,71.73,1.0
2022-08-11,72.15,72.15,72.15,72.15,1.0
2022-08-12,72.38,72.38,72.38,72.38,1.0
2022-08-16,73.02,73.02,73.02,73.02,1.0
2022-08-17,73.42,73.42,73.42,73.42,1.0
2022-08-18,73.57,73.57,73.57,73.57,1.0
2022-08-19,72.98,72.98,72.98,72.98,1.0
2022-08-22,71.91,71.91,71.91,71.91,1.0
2022-08-23,72.22,72.22,72.22,72.22,1.0
2022-08-24,72.34,72.34,72.34,72.34,1.0
2022-08-25,72.14,72.14,72.14,72.14,1.0
2022-08-26,72.28,72.28,72.28,72.28,1.0
2022-08-29,71.37,71.37,71.37,71.37,1.0
2022-08-30,72.86,72.86,72.86,72.86,1.0
2022-09-01,72.15,72.15,72.15,72.15,1.0
2022-09-02,72.09,72.09,72.09,72.09,1.0
2022-09-05,72.62,72.62,72.62,72.62,1.0
2022-09-06,72.74,72.74,72.74,72.74,1.0
2022-09-07,72.69,72.69,72.69,72.69,1.0
2022-09-08,73.35,73.35,73.35,73.35,1.0
2022-09-09,73.45,73.45,73.45,73.45,1.0
2022-09-12,73.95,73.95,73.95,73.95,1.0
2022-09-13,74.4,74.4,74.4,74.4,1.0
2022-09-14,73.99,73.99,73.99,73.99,1.0
2022-09-15,73.59,73.59,73.59,73.59,1.0
2022-09-16,72.25,72.25,72.25,72.25,1.0
2022-09-19,72.44,72.44,72.44,72.44,1.0
2022-09-20,73.25,73.25,73.25,73.25,1.0
2022-09-21,72.79,72.79,72.79,72.79,1.0
2022-09-22,72.37,72.37,72.37,72.37,1.0
2022-09-23,71.36,71.36,71.36,71.36,1.0
2022-09-26,70.28,70.28,70.28,70.28,1.0
2022-09-27,70.18,70.18,70.18,70.18,1.0
2022-09-28,69.71,69.71,69.71,69.71,1.0
2022-09-29,69.61,69.61,69.61,69.61,1.0
2022-09-30,70.76,70.76,70.76,70.76,1.0
2022-10-03,70.19,70.19,70.19,70.19,1.0
2022-10-04,71.56,71.56,71.56,71.56,1.0
2022-10-06,71.99,71.99,71.99,71.99,1.0
2022-10-07,71.94,71.94,71.94,71.94,1.0
2022-10-10,71.75,71.75,71.75,71.75,1.0
2022-10-11,70.74,70.74,70.74,70.74,1.0
2022-10-12,71.21,71.21,71.21,71.21,1.0
2022-10-13,70.78,70.78,70.78,70.78,1.0
2022-10-14,71.36,71.36,71.36,71.36,1.0
2022-10-17,71.73,71.73,71.73,71.73,1.0
2022-10-18,72.45,72.45,72.45,72.45,1.0
2022-10-19,72.54,72.54,72.54,72.54,1.0
2022-10-20,72.7,72.7,72.7,72.7,1.0
2022-10-21,73.1,73.1,73.1,73.1,1.0
2022-10-25,73.84,73.84,73.84,73.84,1.0
2022-10-27,74.28,74.28,74.28,74.28,1.0
2022-10-28,74.35,74.35,74.35,74.35,1.0
2022-10-31,75.13,75.13,75.13,75.13,1.0
2022-11-01,75.42,75.42,75.42,75.42,1.0
2022-11-02,75.15,75.15,75.15,75.15,1.0
2022-11-03,74.99,74.99,74.99,74.99,1.0
2022-11-04,74.97,74.97,74.97,74.97,1.0
2022-11-07,75.35,75.35,75.35,75.35,1.0
2022-11-09,75.09,75.09,75.09,75.09,1.0
2022-11-10,74.6,74.6,74.6,74.6,1.0
2022-11-11,75.65,75.65,75.65,75.65,1.0
2022-11-14,75.62,75.62,75.62,75.62,1.0
2022-11-15,75.94,75.94,75.94,75.94,1.0
2022-11-16,75.94,75.94,75.94,75.94,1.0
2022-11-17,75.78,75.78,75.78,75.78,1.0
2022-11-18,75.55,75.55,75.55,75.55,1.0
2022-11-21,75.13,75.13,75.13,75.13,1.0
2022-11-22,75.41,75.41,75.41,75.41,1.0
2022-11-23,75.49,75.49,75.49,75.49,1.0
2022-11-24,76.26,76.26,76.26,76.26,1.0
2022-11-25,76.45,76.45,76.45,76.45,1.0
2022-11-28,76.76,76.76,76.76,76.76,1.0
2022-11-29,76.96,76.96,76.96,76.96,1.0
2022-11-30,77.55,77.55,77.55,77.55,1.0
2022-12-01,77.85,77.85,77.85,77.85,1.0
2022-12-02,77.58,77.58,77.58,77.58,1.0
2022-12-05,77.49,77.49,77.49,77.49,1.0
2022-12-06,77.18,77.18,77.18,77.18,1.0
2022-12-07,77.01,77.01,77.01,77.01,1.0
2022-12-08,77.34,77.34,77.34,77.34,1.0
2022-12-09,76.79,76.79,76.79,76.79,1.0
2022-12-12,76.87,76.87,76.87,76.87,1.0
2022-12-13,77.23,77.23,77.23,77.23,1.0
2022-12-14,77.39,77.39,77.39,77.39,1.0
2022-12-15,76.64,76.64,76.64,76.64,1.0
2022-12-16,76.06,76.06,76.06,76.06,1.0
2022-12-19,76.54,76.54,76.54,76.54,1.0
2022-12-20,76.36,76.36,76.36,76.36,1.0
2022-12-21,75.64,75.64,75.64,75.64,1.0
2022-12-22,75.39,75.39,75.39,75.39,1.0
2022-12-23,74.1,74.1,74.1,74.1,1.0
2022-12-26,75.03,75.03,75.03,75.03,1.0
2022-12-27,75.54,75.54,75.54,75.54,1.0
2022-12-28,75.44,75.44,75.44,75.44,1.0
2022-12-29,75.81,75.81,75.81,75.81,1.0
2022-12-30,75.42,75.42,75.42,75.42,1.0
2023-01-02,75.84,75.84,75.84,75.84,1.0
2023-01-03,75.99,75.99,75.99,75.99,1.0
2023-01-04,75.33,75.33,75.33,75.33,1.0
2023-01-05,75.26,75.26,75.26,75.26,1.0
2023-01-06,74.81,74.81,74.81,74.81,1.0
2023-01-09,75.71,75.71,75.71,75.71,1.0
2023-01-10,75.05,75.05,75.05,75.05,1.0
2023-01-11,75.07,75.07,75.07,75.07,1.0
2023-01-12,75.01,75.01,75.01,75.01,1.0
2023-01-13,75.31,75.31,75.31,75.31,1.0
2023-01-16,74.99,74.99,74.99,74.99,1.0
2023-01-17,75.55,75.55,75.55,75.55,1.0
2023-01-18,76.04,76.04,76.04,76.04,1.0
2023-01-19,75.95,75.95,75.95,75.95,1.0
2023-01-20,75.58,75.58,75.58,75.58,1.0
2023-01-23,75.73,75.73,75.73,75.73,1.0
2023-01-24,75.6,75.6,75.6,75.6,1.0
2023-01-25,74.85,74.85,74.85,74.85,1.0
2023-01-27,73.87,73.87,73.87,73.87,1.0
2023-01-30,73.93,73.93,73.93,73.93,1.0
2023-01-31,74.19,74.19,74.19,74.19,1.0
2023-02-01,73.9,73.9,73.9,73.9,1.0
2023-02-02,74.12,74.12,74.12,74.12,1.0
2023-02-03,74.82,74.82,74.82,74.82,1.0
2023-02-06,74.57,74.57,74.57,74.57,1.0
2023-02-07,74.28,74.28,74.28,74.28,1.0
2023-02-08,74.74,74.74,74.74,74.74,1.0
2023-02-09,74.84,74.84,74.84,74.84,1.0
2023-02-10,74.72,74.72,74.72,74.72,1.0
2023-02-13,74.34,74.34,74.34,74.34,1.0
2023-02-14,74.78,74.78,74.78,74.78,1.0
2023-02-15,75.2,75.2,75.2,75.2,1.0
2023-02-16,75.29,75.29,75.29,75.29,1.0
2023-02-17,75.07,75.07,75.07,75.07,1.0
2023-02-20,74.84,74.84,74.84,74.84,1.0
2023-02-21,74.74,74.74,74.74,74.74,1.0
2023-02-22,73.79,73.79,73.79,73.79,1.0
2023-02-23,73.64,73.64,73.64,73.64,1.0
2023-02-24,73.5,73.5,73.5,73.5,1.0
2023-02-27,73.27,73.27,73.27,73.27,1.0
2023-02-28,72.89,72.89,72.89,72.89,1.0
2023-03-01,73.41,73.41,73.41,73.41,1.0
2023-03-02,72.91,72.91,72.91,72.91,1.0
2023-03-03,73.78,73.78,73.78,73.78,1.0
2023-03-06,74.15,74.15,74.15,74.15,1.0
2023-03-08,74.33,74.33,74.33,74.33,1.0
2023-03-09,73.77,73.77,73.77,73.77,1.0
2023-03-10,73.15,73.15,73.15,73.15,1.0
2023-03-13,72.19,72.19,72.19,72.19,1.0
2023-03-14,72.03,72.03,72.03,72.03,1.0
2023-03-15,71.7,71.7,71.7,71.7,1.0
2023-03-16,71.78,71.78,71.78,71.78,1.0
2023-03-17,72.24,72.24,72.24,72.24,1.0
2023-03-20,71.83,71.83,71.83,71.83,1.0
2023-03-21,72.49,72.49,72.49,72.49,1.0
2023-03-22,72.67,72.67,72.67,72.67,1.0
2023-03-23,72.39,72.39,72.39,72.39,1.0
2023-03-24,71.81,71.81,71.81,71.81,1.0
2023-03-27,71.89,71.89,71.89,71.89,1.0
2023-03-28,71.64,71.64,71.64,71.64,1.0
2023-03-29,72.09,72.09,72.09,72.09,1.0
2023-03-31,73.2,73.2,73.2,73.2,1.0
2023-04-03,73.53,73.53,73.53,73.53,1.0
2023-04-05,74.05,74.05,74.05,74.05,1.0
2023-04-06,74.13,74.13,74.13,74.13,1.0
2023-04-10,74.29,74.29,74.29,74.29,1.0
2023-04-11,74.58,74.58,74.58,74.58,1.0
2023-04-12,74.88,74.88,74.88,74.88,1.0
2023-04-13,74.8,74.8,74.8,74.8,1.0
2023-04-17,74.23,74.23,74.23,74.23,1.0
2023-04-18,74.15,74.15,74.15,74.15,1.0
2023-04-19,73.95,73.95,73.95,73.95,1.0
2023-04-20,74.03,74.03,74.03,74.03,1.0
2023-04-21,73.73,73.73,73.73,73.73,1.0
2023-04-24,74.2,74.2,74.2,74.2,1.0
2023-04-25,74.29,74.29,74.29,74.29,1.0
2023-04-26,74.48,74.48,74.48,74.48,1.0
2023-04-27,74.86,74.86,74.86,74.86,1.0
2023-04-28,75.45,75.45,75.45,75.45,1.0
2023-05-02,75.91,75.91,75.91,75.91,1.0
2023-05-03,75.62,75.62,75.62,75.62,1.0
2023-05-04,76.1,76.1,76.1,76.1,1.0
2023-05-05,75.75,75.75,75.75,75.75,1.0
2023-05-08,76.49,76.49,76.49,76.49,1.0
2023-05-09,76.54,76.54,76.54,76.54,1.0
2023-05-10,76.73,76.73,76.73,76.73,1.0
2023-05-11,76.54,76.54,76.54,76.54,1.0
2023-05-12,76.45,76.45,76.45,76.45,1.0
2023-05-15,76.84,76.84,76.84,76.84,1.0
2023-05-16,76.6,76.6,76.6,76.6,1.0
2023-05-17,76.23,76.23,76.23,76.23,1.0
2023-05-18,76.06,76.06,76.06,76.06,1.0
2023-05-19,76.37,76.37,76.37,76.37,1.0
2023-05-22,76.62,76.62,76.62,76.62,1.0
2023-05-23,76.67,76.67,76.67,76.67,1.0
2023-05-24,76.51,76.51,76.51,76.51,1.0
2023-05-25,76.65,76.65,76.65,76.65,1.0
2023-05-26,77.37,77.37,77.37,77.37,1.0
2023-05-29,77.72,77.72,77.72,77.72,1.0
2023-05-30,77.86,77.86,77.86,77.86,1.0
2023-05-31,77.58,77.58,77.58,77.58,1.0
2023-06-01,77.39,77.39,77.39,77.39,1.0
2023-06-02,77.74,77.74,77.74,77.74,1.0
2023-06-05,78.2,78.2,78.2,78.2,1.0
2023-06-06,78.32,78.32,78.32,78.32,1.0
2023-06-07,78.89,78.89,78.89,78.89,1.0
2023-06-08,78.61,78.61,78.61,78.61,1.0
2023-06-09,78.48,78.48,78.48,78.48,1.0
2023-06-12,78.69,78.69,78.69,78.69,1.0
2023-06-13,79.16,79.16,79.16,79.16,1.0
2023-06-14,79.29,79.29,79.29,79.29,1.0
2023-06-15,79.06,79.06,79.06,79.06,1.0
2023-06-16,79.62,79.62,79.62,79.62,1.0
2023-06-19,79.24,79.24,79.24,79.24,1.0
2023-06-20,79.58,79.58,79.58,79.58,1.0
2023-06-21,79.77,79.77,79.77,79.77,1.0
2023-06-22,79.48,79.48,79.48,79.48,1.0
2023-06-23,78.99,78.99,78.99,78.99,1.0
2023-06-26,79.2,79.2,79.2,79.2,1.0
2023-06-27,79.73,79.73,79.73,79.73,1.0
2023-06-28,80.29,80.29,80.29,80.29,1.0
2023-06-30,81.17,81.17,81.17,81.17,1.0
2023-07-03,81.54,81.54,81.54,81.54,1.0
2023-07-04,81.54,81.54,81.54,81.54,1.0
2023-07-05,81.84,81.84,81.84,81.84,1.0
2023-07-06,82.26,82.26,82.26,82.26,1.0
2023-07-07,81.72,81.72,81.72,81.72,1.0
2023-07-10,81.81,81.81,81.81,81.81,1.0
2023-07-11,82.26,82.26,82.26,82.26,1.0
2023-07-12,82.11,82.11,82.11,82.11,1.0
2023-07-13,82.25,82.25,82.25,82.25,1.0
2023-07-14,82.81,82.81,82.81,82.81,1.0
2023-07-17,83.24,83.24,83.24,83.24,1.0
2023-07-18,83.46,83.46,83.46,83.46,1.0
2023-07-19,83.72,83.72,83.72,83.72,1.0
2023-07-20,84.23,84.23,84.23,84.23,1.0
2023-07-21,83.58,83.58,83.58,83.58,1.0
2023-07-24,83.44,83.44,83.44,83.44,1.0
2023-07-25,83.52,83.52,83.52,83.52,1.0
2023-07-26,84.17,84.17,84.17,84.17,1.0
2023-07-27,83.97,83.97,83.97,83.97,1.0
2023-07-28,84.03,84.03,84.03,84.03,1.0
2023-07-31,84.55,84.55,84.55,84.55,1.0
2023-08-01,84.45,84.45,84.45,84.45,1.0
2023-08-02,83.64,83.64,83.64,83.64,1.0
2023-08-03,83.12,83.12,83.12,83.12,1.0
2023-08-04,83.68,83.68,83.68,83.68,1.0
2023-08-07,84.01,84.01,84.01,84.01,1.0
2023-08-08,84.03,84.03,84.03,84.03,1.0
2023-08-09,84.29,84.29,84.29,84.29,1.0
2023-08-10,84.04,84.04,84.04,84.04,1.0
2023-08-11,83.6,83.6,83.6,83.6,1.0
2023-08-14,83.68,83.68,83.68,83.68,1.0
2023-08-16,83.96,83.96,83.96,83.96,1.0
2023-08-17,83.54,83.54,83.54,83.54,1.0
2023-08-18,83.28,83.28,83.28,83.28,1.0
2023-08-21,83.6,83.6,83.6,83.6,1.0
2023-08-22,83.71,83.71,83.71,83.71,1.0
2023-08-23,84.04,84.04,84.04,84.04,1.0
2023-08-24,83.84,83.84,83.84,83.84,1.0
2023-08-25,83.32,83.32,83.32,83.32,1.0
2023-08-28,83.69,83.69,83.69,83.69,1.0
2023-08-29,83.81,83.81,83.81,83.81,1.0
2023-08-30,83.88,83.88,83.88,83.88,1.0
2023-08-31,83.73,83.73,83.73,83.73,1.0
2023-09-01,84.45,84.45,84.45,84.45,1.0
2023-09-04,84.98,84.98,84.98,84.98,1.0
2023-09-05,85.1,85.1,85.1,85.1,1.0
2023-09-06,85.17,85.17,85.17,85.17,1.0
2023-09-07,85.85,85.85,85.85,85.85,1.0
2023-09-08,86.34,86.34,86.34,86.34,1.0
2023-09-11,86.99,86.99,86.99,86.99,1.0
2023-09-12,86.79,86.79,86.79,86.79,1.0
2023-09-13,87.12,87.12,87.12,87.12,1.0
2023-09-14,87.42,87.42,87.42,87.42,1.0
2023-09-15,87.83,87.83,87.83,87.83,1.0
2023-09-18,87.58,87.58,87.58,87.58,1.0
2023-09-20,86.82,86.82,86.82,86.82,1.0
2023-09-21,86.11,86.11,86.11,86.11,1.0
2023-09-22,85.87,85.87,85.87,85.87,1.0
2023-09-25,85.8,85.8,85.8,85.8,1.0
2023-09-26,85.72,85.72,85.72,85.72,1.0
2023-09-27,86.11,86.11,86.11,86.11,1.0
2023-09-29,86.16,86.16,86.16,86.16,1.0
2023-10-03,85.73,85.73,85.73,85.73,1.0
2023-10-04,84.96,84.96,84.96,84.96,1.0
2023-10-05,85.42,85.42,85.42,85.42,1.0
2023-10-06,85.8,85.8,85.8,85.8,1.0
2023-10-09,85.23,85.23,85.23,85.23,1.0
2023-10-10,86.06,86.06,86.06,86.06,1.0
2023-10-11,86.58,86.58,86.58,86.58,1.0
2023-10-12,86.62,86.62,86.62,86.62,1.0
2023-10-13,86.48,86.48,86.48,86.48,1.0
2023-10-16,86.57,86.57,86.57,86.57,1.0
2023-10-17,86.85,86.85,86.85,86.85,1.0
2023-10-18,86.34,86.34,86.34,86.34,1.0
2023-10-19,86.23,86.23,86.23,86.23,1.0
2023-10-20,85.78,85.78,85.78,85.78,1.0
2023-10-23,84.68,84.68,84.68,84.68,1.0
2023-10-25,84.03,84.03,84.03,84.03,1.0
2023-10-26,83.19,83.19,83.19,83.19,1.0
2023-10-27,84.08,84.08,84.08,84.08,1.0
2023-10-30,84.52,84.52,84.52,84.52,1.0
2023-10-31,84.33,84.33,84.33,84.33,1.0
2023-11-01,84.03,84.03,84.03,84.03,1.0
2023-11-02,84.72,84.72,84.72,84.72,1.0
2023-11-03,85.24,85.24,85.24,85.24,1.0
2023-11-06,85.98,85.98,85.98,85.98,1.0
2023-11-07,86.1,86.1,86.1,86.1,1.0
2023-11-08,86.28,86.28,86.28,86.28,1.0
2023-11-09,86.19,86.19,86.19,86.19,1.0
2023-11-10,86.31,86.31,86.31,86.31,1.0
2023-11-13,86.43,86.43,86.43,86.43,1.0
2023-11-15,87.5,87.5,87.5,87.5,1.0
2023-11-16,87.87,87.87,87.87,87.87,1.0
2023-11-17,87.89,87.89,87.89,87.89,1.0
2023-11-20,87.72,87.72,87.72,87.72,1.0
2023-11-21,88.07,88.07,88.07,88.07,1.0
2023-11-22,88.24,88.24,88.24,88.24,1.0
2023-11-23,88.24,88.24,88.24,88.24,1.0
2023-11-24,88.27,88.27,88.27,88.27,1.0
2023-11-28,88.78,88.78,88.78,88.78,1.0
2023-11-29,89.68,89.68,89.68,89.68,1.0
2023-11-30,90.18,90.18,90.18,90.18,1.0
2023-12-01,90.83,90.83,90.83,90.83,1.0
2023-12-04,92.52,92.52,92.52,92.52,1.0
2023-12-05,92.99,92.99,92.99,92.99,1.0
2023-12-06,93.16,93.16,93.16,93.16,1.0
2023-12-07,93.08,93.08,93.08,93.08,1.0
2023-12-08,93.33,93.33,93.33,93.33,1.0
2023-12-11,93.57,93.57,93.57,93.57,1.0
2023-12-12,93.24,93.24,93.24,93.24,1.0
2023-12-13,93.49,93.49,93.49,93.49,1.0
2023-12-14,94.56,94.56,94.56,94.56,1.0
2023-12-15,95.4,95.4,95.4,95.4,1.0
2023-12-18,95.23,95.23,95.23,95.23,1.0
2023-12-19,95.3,95.3,95.3,95.3,1.0
2023-12-20,93.73,93.73,93.73,93.73,1.0
2023-12-21,94.19,94.19,94.19,94.19,1.0
2023-12-22,94.82,94.82,94.82,94.82,1.0
2023-12-26,95.3,95.3,95.3,95.3,1.0
2023-12-27,96.25,96.25,96.25,96.25,1.0
2023-12-28,96.83,96.83,96.83,96.83,1.0
2023-12-29,96.64,96.64,96.64,96.64,1.0
2024-01-01,96.72,96.72,96.72,96.72,1.0
2024-01-02,96.32,96.32,96.32,96.32,1.0
2024-01-03,95.87,95.87,95.87,95.87,1.0
2024-01-04,96.45,96.45,96.45,96.45,1.0
2024-01-05,96.74,96.74,96.74,96.74,1.0
2024-01-08,96.18,96.18,96.18,96.18,1.0
2024-01-09,96.6,96.6,96.6,96.6,1.0
2024-01-10,96.82,96.82,96.82,96.82,1.0
2024-01-11,97.12,97.12,97.12,97.12,1.0
2024-01-12,98.01,98.01,98.01,98.01,1.0
2024-01-15,98.83,98.83,98.83,98.83,1.0
2024-01-16,98.55,98.55,98.55,98.55,1.0
2024-01-17,97.39,97.39,97.39,97.39,1.0
2024-01-18,97.39,97.39,97.39,97.39,1.0
2024-01-19,98.47,98.47,98.47,98.47,1.0
2024-01-23,97.12,97.12,97.12,97.12,1.0
2024-01-24,98.1,98.1,98.1,98.1,1.0
2024-01-25,97.73,97.73,97.73,97.73,1.0
2024-01-29,99.63,99.63,99.63,99.63,1.0
2024-01-30,98.83,98.83,98.83,98.83,1.0
2024-01-31,99.64,99.64,99.64,99.64,1.0
2024-02-01,99.54,99.54,99.54,99.54,1.0
2024-02-02,100.31,100.31,100.31,100.31,1.0
2024-02-05,100.04,100.04,100.04,100.04,1.0
2024-02-06,101.13,101.13,101.13,101.13,1.0
2024-02-07,101.34,101.34,101.34,101.34,1.0
2024-02-08,100.75,100.75,100.75,100.75,1.0
2024-02-09,100.9,100.9,100.9,100.9,1.0
2024-02-12,99.96,99.96,99.96,99.96,1.0
2024-02-13,100.58,100.58,100.58,100.58,1.0
2024-02-14,101.2,101.2,101.2,101.2,1.0
2024-02-15,101.44,101.44,101.44,101.44,1.0
2024-02-16,102.14,102.14,102.14,102.14,1.0
2024-02-19,102.34,102.34,102.34,102.34,1.0
2024-02-20,102.65,102.65,102.65,102.65,1.0
2024-02-21,102.01,102.01,102.01,102.01,1.0
2024-02-22,102.92,102.92,102.92,102.92,1.0
2024-02-23,102.93,102.93,102.93,102.93,1.0
2024-02-26,102.67,102.67,102.67,102.67,1.0
2024-02-27,102.98,102.98,102.98,102.98,1.0
2024-02-28,101.9,101.9,101.9,101.9,1.0
2024-02-29,102.24,102.24,102.24,102.24,1.0
2024-03-01,103.79,103.79,103.79,103.79,1.0
2024-03-04,104.31,104.31,104.31,104.31,1.0
2024-03-05,104.3,104.3,104.3,104.3,1.0
2024-03-06,104.62,104.62,104.62,104.62,1.0
2024-03-07,104.51,104.51,104.51,104.51,1.0
2024-03-11,104.1,104.1,104.1,104.1,1.0
2024-03-12,103.84,103.84,103.84,103.84,1.0
2024-03-13,101.99,101.99,101.99,101.99,1.0
2024-03-14,102.94,102.94,102.94,102.94,1.0
2024-03-15,102.21,102.21,102.21,102.21,1.0
2024-03-18,102.56,102.56,102.56,102.56,1.0
2024-03-19,101.48,101.48,101.48,101.48,1.0
2024-03-20,101.77,101.77,101.77,101.77,1.0
2024-03-21,102.72,102.72,102.72,102.72,1.0
2024-03-22,103.41,103.41,103.41,103.41,1.0
2024-03-26,103.44,103.44,103.44,103.44,1.0
2024-03-27,104.0,104.0,104.0,104.0,1.0
2024-03-28,104.8,104.8,104.8,104.8,1.0
2024-03-31,104.8,104.8,104.8,104.8,1.0
2024-04-01,105.4,105.4,105.4,105.4,1.0
2024-04-02,105.17,105.17,105.17,105.17,1.0
2024-04-03,105.06,105.06,105.06,105.06,1.0
2024-04-04,105.06,105.06,105.06,105.06,1.0
2024-04-05,104.89,104.89,104.89,104.89,1.0
2024-04-08,105.85,105.85,105.85,105.85,1.0
2024-04-09,105.74,105.74,105.74,105.74,1.0
2024-04-10,106.26,106.26,106.26,106.26,1.0
2024-04-12,105.15,105.15,105.15,105.15,1.0
2024-04-15,104.17,104.17,104.17,104.17,1.0
2024-04-16,103.72,103.72,103.72,103.72,1.0
2024-04-18,103.24,103.24,103.24,103.24,1.0
2024-04-19,103.44,103.44,103.44,103.44,1.0
2024-04-22,104.57,104.57,104.57,104.57,1.0
2024-04-23,104.78,104.78,104.78,104.78,1.0
2024-04-24,105.09,105.09,105.09,105.09,1.0
2024-04-25,105.94,105.94,105.94,105.94,1.0
2024-04-26,105.76,105.76,105.76,105.76,1.0
2024-04-29,106.68,106.68,106.68,106.68,1.0
2024-04-30,106.65,106.65,106.65,106.65,1.0
2024-05-02,106.89,106.89,106.89,106.89,1.0
2024-05-03,106.05,106.05,106.05,106.05,1.0
2024-05-06,105.77,105.77,105.77,105.77,1.0
2024-05-07,104.83,104.83,104.83,104.83,1.0
2024-05-08,105.35,105.35,105.35,105.35,1.0
2024-05-09,103.81,103.81,103.81,103.81,1.0
2024-05-10,104.55,104.55,104.55,104.55,1.0
2024-05-13,104.82,104.82,104.82,104.82,1.0
2024-05-14,105.41,105.41,105.41,105.41,1.0
2024-05-15,105.68,105.68,105.68,105.68,1.0
2024-05-16,106.53,106.53,106.53,106.53,1.0
2024-05-17,106.91,106.91,106.91,106.91,1.0
2024-05-21,107.08,107.08,107.08,107.08,1.0
2024-05-22,107.35,107.35,107.35,107.35,1.0
2024-05-23,108.78,108.78,108.78,108.78,1.0
2024-05-24,108.82,108.82,108.82,108.82,1.0
2024-05-27,108.59,108.59,108.59,108.59,1.0
2024-05-28,108.35,108.35,108.35,108.35,1.0
2024-05-29,107.42,107.42,107.42,107.42,1.0
2024-05-30,106.59,106.59,106.59,106.59,1.0
2024-05-31,106.71,106.71,106.71,106.71,1.0
2024-06-03,110.01,110.01,110.01,110.01,1.0
2024-06-04,103.62,103.62,103.62,103.62,1.0
2024-06-05,106.83,106.83,106.83,106.83,1.0
2024-06-06,107.72,107.72,107.72,107.72,1.0
2024-06-07,109.71,109.71,109.71,109.71,1.0
2024-06-10,110.02,110.02,110.02,110.02,1.0
2024-06-11,110.16,110.16,110.16,110.16,1.0
2024-06-12,110.55,110.55,110.55,110.55,1.0
2024-06-13,110.89,110.89,110.89,110.89,1.0
2024-06-14,111.29,111.29,111.29,111.29,1.0
2024-06-18,111.48,111.48,111.48,111.48,1.0
2024-06-19,110.81,110.81,110.81,110.81,1.0
2024-06-20,111.01,111.01,111.01,111.01,1.0
2024-06-21,110.67,110.67,110.67,110.67,1.0
2024-06-24,110.95,110.95,110.95,110.95,1.0
2024-06-25,111.56,111.56,111.56,111.56,1.0
2024-06-26,112.29,112.29,112.29,112.29,1.0
2024-06-27,113.13,113.13,113.13,113.13,1.0
2024-06-28,112.98,112.98,112.98,112.98,1.0
2024-07-01,113.56,113.56,113.56,113.56,1.0
2024-07-02,113.57,113.57,113.57,113.57,1.0
2024-07-03,114.15,114.15,114.15,114.15,1.0
2024-07-04,114.52,114.52,114.52,114.52,1.0
2024-07-05,114.99,114.99,114.99,114.99,1.0
2024-07-08,114.95,114.95,114.95,114.95,1.0
2024-07-09,115.78,115.78,115.78,115.78,1.0
2024-07-10,115.61,115.61,115.61,115.61,1.0
2024-07-11,115.55,115.55,115.55,115.55,1.0
2024-07-12,115.98,115.98,115.98,115.98,1.0
2024-07-15,116.52,116.52,116.52,116.52,1.0
2024-07-16,116.54,116.54,116.54,116.54,1.0
2024-07-18,116.87,116.87,116.87,116.87,1.0
2024-07-19,115.28,115.28,115.28,115.28,1.0
2024-07-22,115.54,115.54,115.54,115.54,1.0
2024-07-23,115.16,115.16,115.16,115.16,1.0
2024-07-24,115.47,115.47,115.47,115.47,1.0
2024-07-25,115.75,115.75,115.75,115.75,1.0
2024-07-26,117.4,117.4,117.4,117.4,1.0
2024-07-29,117.72,117.72,117.72,117.72,1.0
2024-07-30,117.9,117.9,117.9,117.9,1.0
2024-07-31,118.55,118.55,118.55,118.55,1.0
2024-08-01,118.79,118.79,118.79,118.79,1.0
2024-08-02,117.19,117.19,117.19,117.19,1.0
2024-08-05,114.29,114.29,114.29,114.29,1.0
2024-08-06,113.93,113.93,113.93,113.93,1.0
2024-08-07,115.74,115.74,115.74,115.74,1.0
2024-08-08,114.89,114.89,114.89,114.89,1.0
2024-08-09,115.87,115.87,115.87,115.87,1.0
2024-08-12,115.99,115.99,115.99,115.99,1.0
2024-08-13,115.17,115.17,115.17,115.17,1.0
2024-08-14,115.02,115.02,115.02,115.02,1.0
2024-08-16,116.58,116.58,116.58,116.58,1.0
2024-08-19,116.67,116.67,116.67,116.67,1.0
2024-08-20,117.41,117.41,117.41,117.41,1.0
2024-08-21,117.64,117.64,117.64,117.64,1.0
2024-08-22,117.98,117.98,117.98,117.98,1.0
2024-08-23,118.16,118.16,118.16,118.16,1.0
2024-08-26,118.83,118.83,118.83,118.83,1.0
2024-08-27,119.24,119.24,119.24,119.24,1.0
2024-08-28,119.4,119.4,119.4,119.4,1.0
2024-08-29,119.62,119.62,119.62,119.62,1.0
2024-08-30,120.13,120.13,120.13,120.13,1.0
2024-09-02,120.24,120.24,120.24,120.24,1.0
2024-09-03,120.38,120.38,120.38,120.38,1.0
2024-09-04,120.18,120.18,120.18,120.18,1.0
2024-09-05,119.97,119.97,119.97,119.97,1.0
2024-09-06,118.62,118.62,118.62,118.62,1.0
2024-09-09,118.84,118.84,118.84,118.84,1.0
2024-09-10,119.24,119.24,119.24,119.24,1.0
2024-09-11,118.75,118.75,118.75,118.75,1.0
2024-09-12,120.66,120.66,120.66,120.66,1.0
2024-09-13,120.5,120.5,120.5,120.5,1.0
2024-09-16,120.8,120.8,120.8,120.8,1.0
2024-09-17,121.06,121.06,121.06,121.06,1.0
2024-09-18,120.82,120.82,120.82,120.82,1.0
2024-09-19,120.89,120.89,120.89,120.89,1.0
2024-09-20,122.55,122.55,122.55,122.55,1.0
2024-09-23,123.4,123.4,123.4,123.4,1.0
2024-09-24,123.44,123.44,123.44,123.44,1.0
2024-09-25,123.73,123.73,123.73,123.73,1.0
2024-09-26,124.6,124.6,124.6,124.6,1.0
2024-09-27,124.42,124.42,124.42,124.42,1.0
2024-09-30,122.7,122.7,122.7,122.7,1.0
2024-10-01,122.69,122.69,122.69,122.69,1.0
2024-10-03,120.24,120.24,120.24,120.24,1.0
2024-10-04,119.29,119.29,119.29,119.29,1.0
2024-10-07,118.15,118.15,118.15,118.15,1.0
2024-10-08,119.11,119.11,119.11,119.11,1.0
2024-10-09,119.42,119.42,119.42,119.42,1.0
2024-10-10,119.29,119.29,119.29,119.29,1.0
2024-10-11,119.15,119.15,119.15,119.15,1.0
2024-10-14,119.68,119.68,119.68,119.68,1.0
2024-10-15,119.65,119.65,119.65,119.65,1.0
2024-10-16,119.51,119.51,119.51,119.51,1.0
2024-10-17,118.37,118.37,118.37,118.37,1.0
2024-10-18,118.98,118.98,118.98,118.98,1.0
2024-10-21,118.69,118.69,118.69,118.69,1.0
2024-10-22,117.32,117.32,117.32,117.32,1.0
2024-10-23,117.04,117.04,117.04,117.04,1.0
2024-10-24,117.0,117.0,117.0,117.0,1.0
2024-10-25,115.9,115.9,115.9,115.9,1.0
2024-10-28,116.34,116.34,116.34,116.34,1.0
2024-10-29,116.83,116.83,116.83,116.83,1.0
2024-10-30,116.35,116.35,116.35,116.35,1.0
2024-10-31,116.11,116.11,116.11,116.11,1.0
2024-11-04,114.94,114.94,114.94,114.94,1.0
2024-11-05,115.76,115.76,115.76,115.76,1.0
2024-11-06,116.97,116.97,116.97,116.97,1.0
2024-11-07,115.69,115.69,115.69,115.69,1.0
2024-11-08,115.44,115.44,115.44,115.44,1.0
2024-11-11,115.43,115.43,115.43,115.43,1.0
2024-11-12,114.32,114.32,114.32,114.32,1.0
2024-11-13,112.87,112.87,112.87,112.87,1.0
2024-11-14,112.97,112.97,112.97,112.97,1.0
2024-11-18,112.7,112.7,112.7,112.7,1.0
2024-11-19,112.94,112.94,112.94,112.94,1.0
2024-11-21,112.57,112.57,112.57,112.57,1.0
2024-11-22,114.66,114.66,114.66,114.66,1.0
2024-11-25,116.23,116.23,116.23,116.23,1.0
2024-11-26,115.84,115.84,115.84,115.84,1.0
2024-11-27,116.15,116.15,116.15,116.15,1.0
2024-11-28,114.86,114.86,114.86,114.86,1.0
2024-11-29,115.91,115.91,115.91,115.91,1.0
2024-12-02,116.57,116.57,116.57,116.57,1.0
2024-12-03,117.37,117.37,117.37,117.37,1.0
2024-12-04,117.31,117.31,117.31,117.31,1.0
2024-12-05,118.11,118.11,118.11,118.11,1.0
2024-12-06,118.21,118.21,118.21,118.21,1.0
2024-12-09,118.2,118.2,118.2,118.2,1.0
2024-12-10,118.08,118.08,118.08,118.08,1.0
2024-12-11,118.31,118.31,118.31,118.31,1.0
2024-12-12,117.85,117.85,117.85,117.85,1.0
2024-12-13,118.67,118.67,118.67,118.67,1.0
2024-12-16,118.39,118.39,118.39,118.39,1.0
2024-12-17,116.91,116.91,116.91,116.91,1.0
2024-12-18,116.12,116.12,116.12,116.12,1.0
2024-12-19,115.24,115.24,115.24,115.24,1.0
2024-12-20,113.52,113.52,113.52,113.52,1.0
2024-12-23,114.06,114.06,114.06,114.06,1.0
2024-12-24,114.02,114.02,114.02,114.02,1.0
2024-12-26,114.26,114.26,114.26,114.26,1.0
2024-12-27,114.3,114.3,114.3,114.3,1.0
2024-12-30,113.54,113.54,113.54,113.54,1.0
2024-12-31,113.6,113.6,113.6,113.6,1.0
2025-01-01,114.21,114.21,114.21,114.21,1.0
2025-01-02,115.91,115.91,115.91,115.91,1.0
2025-01-03,115.24,115.24,115.24,115.24,1.0
2025-01-06,113.4,113.4,113.4,113.4,1.0
2025-01-07,113.91,113.91,113.91,113.91,1.0
2025-01-08,113.56,113.56,113.56,113.56,1.0
2025-01-09,112.69,112.69,112.69,112.69,1.0
2025-01-10,111.88,111.88,111.88,111.88,1.0
2025-01-13,109.98,109.98,109.98,109.98,1.0
2025-01-14,110.52,110.52,110.52,110.52,1.0
2025-01-15,110.75,110.75,110.75,110.75,1.0
2025-01-16,111.5,111.5,111.5,111.5,1.0
2025-01-17,111.24,111.24,111.24,111.24,1.0
2025-01-20,111.65,111.65,111.65,111.65,1.0
2025-01-21,110.27,110.27,110.27,110.27,1.0
2025-01-22,110.47,110.47,110.47,110.47,1.0
2025-01-23,111.04,111.04,111.04,111.04,1.0
2025-01-24,110.31,110.31,110.31,110.31,1.0
2025-01-27,109.1,109.1,109.1,109.1,1.0
2025-01-28,109.61,109.61,109.61,109.61,1.0
2025-01-29,110.59,110.59,110.59,110.59,1.0
2025-01-30,110.98,110.98,110.98,110.98,1.0
2025-01-31,112.26,112.26,112.26,112.26,1.0
2025-02-03,110.98,110.98,110.98,110.98,1.0
2025-02-04,112.79,112.79,112.79,112.79,1.0
2025-02-05,112.97,112.97,112.97,112.97,1.0
2025-02-06,112.62,112.62,112.62,112.62,1.0
2025-02-07,112.58,112.58,112.58,112.58,1.0
2025-02-10,111.62,111.62,111.62,111.62,1.0
2025-02-11,110.08,110.08,110.08,110.08,1.0
2025-02-12,110.18,110.18,110.18,110.18,1.0
2025-02-13,110.19,110.19,110.19,110.19,1.0
2025-02-14,109.43,109.43,109.43,109.43,1.0
2025-02-17,109.53,109.53,109.53,109.53,1.0
2025-02-18,109.47,109.47,109.47,109.47,1.0
2025-02-19,109.7,109.7,109.7,109.7,1.0
2025-02-20,109.72,109.72,109.72,109.72,1.0
2025-02-21,109.09,109.09,109.09,109.09,1.0
2025-02-24,108.07,108.07,108.07,108.07,1.0
2025-02-25,107.8,107.8,107.8,107.8,1.0
2025-02-27,107.43,107.43,107.43,107.43,1.0
2025-02-28,105.54,105.54,105.54,105.54,1.0
2025-03-03,105.6,105.6,105.6,105.6,1.0
2025-03-04,105.42,105.42,105.42,105.42,1.0
2025-03-05,106.74,106.74,106.74,106.74,1.0
2025-03-06,107.69,107.69,107.69,107.69,1.0
2025-03-07,107.59,107.59,107.59,107.59,1.0
2025-03-10,106.99,106.99,106.99,106.99,1.0
2025-03-11,107.48,107.48,107.48,107.48,1.0
2025-03-12,107.33,107.33,107.33,107.33,1.0
2025-03-13,106.96,106.96,106.96,106.96,1.0
2025-03-17,107.58,107.58,107.58,107.58,1.0
2025-03-18,109.14,109.14,109.14,109.14,1.0
2025-03-19,109.89,109.89,109.89,109.89,1.0
2025-03-20,111.11,111.11,111.11,111.11,1.0
2025-03-21,111.99,111.99,111.99,111.99,1.0
2025-03-24,113.37,113.37,113.37,113.37,1.0
2025-03-25,113.3,113.3,113.3,113.3,1.0
2025-03-26,112.57,112.57,112.57,112.57,1.0
2025-03-27,113.12,113.12,113.12,113.12,1.0
2025-03-28,112.83,112.83,112.83,112.83,1.0
2025-03-31,112.83,112.83,112.83,112.83,1.0
2025-04-01,111.34,111.34,111.34,111.34,1.0
2025-04-02,112.09,112.09,112.09,112.09,1.0
2025-04-03,112.04,112.04,112.04,112.04,1.0
2025-04-04,110.21,110.21,110.21,110.21,1.0
2025-04-07,106.92,106.92,106.92,106.92,1.0
2025-04-08,108.63,108.63,108.63,108.63,1.0
2025-04-09,108.07,108.07,108.07,108.07,1.0
2025-04-11,109.74,109.74,109.74,109.74,1.0
2025-04-15,112.36,112.36,112.36,112.36,1.0
2025-04-16,112.68,112.68,112.68,112.68,1.0
2025-04-17,114.44,114.44,114.44,114.44,1.0
2025-04-21,115.71,115.71,115.71,115.71,1.0
2025-04-22,115.76,115.76,115.76,115.76,1.0
2025-04-23,116.63,116.63,116.63,116.63,1.0
2025-04-24,116.34,116.34,116.34,116.34,1.0
2025-04-25,115.25,115.25,115.25,115.25,1.0
2025-04-28,116.8,116.8,116.8,116.8,1.0
2025-04-29,116.54,116.54,116.54,116.54,1.0
2025-04-30,116.91,116.91,116.91,116.91,1.0
2025-05-02,116.89,116.89,116.89,116.89,1.0
2025-05-05,117.43,117.43,117.43,117.43,1.0
2025-05-06,116.84,116.84,116.84,116.84,1.0
2025-05-07,116.96,116.96,116.96,116.96,1.0
2025-05-08,116.08,116.08,116.08,116.08,1.0
2025-05-09,115.07,115.07,115.07,115.07,1.0
2025-05-12,118.83,118.83,118.83,118.83,1.0
2025-05-13,117.74,117.74,117.74,117.74,1.0
2025-05-14,118.19,118.19,118.19,118.19,1.0
2025-05-15,119.98,119.98,119.98,119.98,1.0
2025-05-16,119.97,119.97,119.97,119.97,1.0
2025-05-19,119.87,119.87,119.87,119.87,1.0
2025-05-20,118.68,118.68,118.68,118.68,1.0
2025-05-21,119.31,119.31,119.31,119.31,1.0
2025-05-22,118.6,118.6,118.6,118.6,1.0
2025-05-23,119.45,119.45,119.45,119.45,1.0
2025-05-26,119.97,119.97,119.97,119.97,1.0
2025-05-27,119.22,119.22,119.22,119.22,1.0
2025-05-28,119.04,119.04,119.04,119.04,1.0
2025-05-29,119.5,119.5,119.5,119.5,1.0
2025-05-30,119.11,119.11,119.11,119.11,1.0
2025-06-02,119.04,119.04,119.04,119.04,1.0
2025-06-03,118.33,118.33,118.33,118.33,1.0
2025-06-04,118.64,118.64,118.64,118.64,1.0
2025-06-05,119.23,119.23,119.23,119.23,1.0
2025-06-06,120.29,120.29,120.29,120.29,1.0
2025-06-09,120.83,120.83,120.83,120.83,1.0
2025-06-10,120.72,120.72,120.72,120.72,1.0
2025-06-11,120.94,120.94,120.94,120.94,1.0
2025-06-12,119.79,119.79,119.79,119.79,1.0
2025-06-13,119.08,119.08,119.08,119.08,1.0
2025-06-16,120.12,120.12,120.12,120.12,1.0
2025-06-17,119.76,119.76,119.76,119.76,1.0
2025-06-18,119.59,119.59,119.59,119.59,1.0
2025-06-19,119.46,119.46,119.46,119.46,1.0
2025-06-20,120.72,120.72,120.72,120.72,1.0
2025-06-23,119.95,119.95,119.95,119.95,1.0
2025-06-24,120.35,120.35,120.35,120.35,1.0
2025-06-25,121.14,121.14,121.14,121.14,1.0
2025-06-26,122.39,122.39,122.39,122.39,1.0
2025-06-27,123.11,123.11,123.11,123.11,1.0
2025-06-30,122.55,122.55,122.55,122.55,1.0
2025-07-01,122.59,122.59,122.59,122.59,1.0
2025-07-02,122.32,122.32,122.32,122.32,1.0
2025-07-03,122.14,122.14,122.14,122.14,1.0
2025-07-04,122.57,122.57,122.57,122.57,1.0
2025-07-07,122.53,122.53,122.53,122.53,1.0
2025-07-08,122.78,122.78,122.78,122.78,1.0
2025-07-09,122.64,122.64,122.64,122.64,1.0
2025-07-10,122.13,122.13,122.13,122.13,1.0
2025-07-11,121.26,121.26,121.26,121.26,1.0
2025-07-14,121.13,121.13,121.13,121.13,1.0
2025-07-15,121.66,121.66,121.66,121.66,1.0
2025-07-16,121.73,121.73,121.73,121.73,1.0
2025-07-17,121.31,121.31,121.31,121.31,1.0
2025-07-18,120.67,120.67,120.67,120.67,1.0
2025-07-21,121.26,121.26,121.26,121.26,1.0
2025-07-22,120.94,120.94,120.94,120.94,1.0
2025-07-23,121.58,121.58,121.58,121.58,1.0
2025-07-24,120.92,120.92,120.92,120.92,1.0
2025-07-25,120.14,120.14,120.14,120.14,1.0
2025-07-28,119.79,119.79,119.79,119.79,1.0
2025-07-29,120.49,120.49,120.49,120.49,1.0
2025-07-30,121.08,121.08,121.08,121.08,1.0
2025-07-31,120.57,120.57,120.57,120.57,1.0
2025-08-01,119.37,119.37,119.37,119.37,1.0
2025-08-04,120.04,120.04,120.04,120.04,1.0
2025-08-05,119.78,119.78,119.78,119.78,1.0
2025-08-06,119.54,119.54,119.54,119.54,1.0
2025-08-07,119.8,119.8,119.8,119.8,1.0
2025-08-08,118.75,118.75,118.75,118.75,1.0
2025-08-11,119.63,119.63,119.63,119.63,1.0
2025-08-12,119.7,119.7,119.7,119.7,1.0
2025-08-13,120.22,120.22,120.22,120.22,1.0
2025-08-14,120.34,120.34,120.34,120.34,1.0
2025-08-18,121.74,121.74,121.74,121.74,1.0
2025-08-19,122.21,122.21,122.21,122.21,1.0
2025-08-20,122.41,122.41,122.41,122.41,1.0
2025-08-21,122.63,122.63,122.63,122.63,1.0
2025-08-22,121.79,121.79,121.79,121.79,1.0
2025-08-25,122.2,122.2,122.2,122.2,1.0
2025-08-26,120.95,120.95,120.95,120.95,1.0
2025-08-28,120.0,120.0,120.0,120.0,1.0
2025-08-29,119.6,119.6,119.6,119.6,1.0
2025-09-01,120.55,120.55,120.55,120.55,1.0
2025-09-02,120.34,120.34,120.34,120.34,1.0
2025-09-03,120.85,120.85,120.85,120.85,1.0
2025-09-04,120.64,120.64,120.64,120.64,1.0
2025-09-05,120.79,120.79,120.79,120.79,1.0
2025-09-08,120.96,120.96,120.96,120.96,1.0
2025-09-09,121.26,121.26,121.26,121.26,1.0
2025-09-10,121.48,121.48,121.48,121.48,1.0
2025-09-11,121.7,121.7,121.7,121.7,1.0
2025-09-12,122.26,122.26,122.26,122.26,1.0
2025-09-15,122.17,122.17,122.17,122.17,1.0
2025-09-16,123.06,123.06,123.06,123.06,1.0
2025-09-17,123.46,123.46,123.46,123.46,1.0
2025-09-18,123.87,123.87,123.87,123.87,1.0
2025-09-19,123.61,123.61,123.61,123.61,1.0
2025-09-22,123.12,123.12,123.12,123.12,1.0
2025-09-23,122.9,122.9,122.9,122.9,1.0
2025-09-24,122.41,122.41,122.41,122.41,1.0
2025-09-25,121.85,121.85,121.85,121.85,1.0
2025-09-26,120.87,120.87,120.87,120.87,1.0
2025-09-30,120.66,120.66,120.66,120.66,1.0
2025-10-01,121.42,121.42,121.42,121.42,1.0
2025-10-03,121.82,121.82,121.82,121.82,1.0
2025-10-06,122.44,122.44,122.44,122.44,1.0
2025-10-07,122.64,122.64,122.64,122.64,1.0
2025-10-08,122.01,122.01,122.01,122.01,1.0
2025-10-09,122.56,122.56,122.56,122.56,1.0
2025-10-10,123.07,123.07,123.07,123.07,1.0
2025-10-13,122.85,122.85,122.85,122.85,1.0
2025-10-14,122.46,122.46,122.46,122.46,1.0
2025-10-15,123.22,123.22,123.22,123.22,1.0
2025-10-16,124.16,124.16,124.16,124.16,1.0
2025-10-17,124.71,124.71,124.71,124.71,1.0
2025-10-20,125.19,125.19,125.19,125.19,1.0
2025-10-23,125.27,125.27,125.27,125.27,1.0
2025-10-24,124.92,124.92,124.92,124.92,1.0
2025-10-27,125.89,125.89,125.89,125.89,1.0
2025-10-28,125.7,125.7,125.7,125.7,1.0
2025-10-29,126.34,126.34,126.34,126.34,1.0
2025-10-30,125.63,125.63,125.63,125.63,1.0
2025-10-31,125.05,125.05,125.05,125.05,1.0
2025-11-03,125.2,125.2,125.2,125.2,1.0
2025-11-04,124.33,124.33,124.33,124.33,1.0
2025-11-06,124.09,124.09,124.09,124.09,1.0
2025-11-07,123.96,123.96,123.96,123.96,1.0
2025-11-10,124.46,124.46,124.46,124.46,1.0
2025-11-11,125.28,125.28,125.28,125.28,1.0
2025-11-12,126.09,126.09,126.09,126.09,1.0
2025-11-13,126.44,126.44,126.44,126.44,1.0
2025-11-14,126.42,126.42,126.42,126.42,1.0
2025-11-17,126.97,126.97,126.97,126.97,1.0
2025-11-18,126.62,126.62,126.62,126.62,1.0
2025-11-19,127.02,127.02,127.02,127.02,1.0
2025-11-20,127.58,127.58,127.58,127.58,1.0
2025-11-21,127.19,127.19,127.19,127.19,1.0
2025-11-24,126.72,126.72,126.72,126.72,1.0
2025-11-25,126.45,126.45,126.45,126.45,1.0
2025-11-26,127.92,127.92,127.92,127.92,1.0
2025-11-27,127.94,127.94,127.94,127.94,1.0
2025-11-28,127.77,127.77,127.77,127.77,1.0
2025-12-01,127.77,127.77,127.77,127.77,1.0
2025-12-02,127.29,127.29,127.29,127.29,1.0
2025-12-03,127.07,127.07,127.07,127.07,1.0
2025-12-04,127.29,127.29,127.29,127.29,1.0
2025-12-05,127.84,127.84,127.84,127.84,1.0
2025-12-08,126.77,126.77,126.77,126.77,1.0
2025-12-09,126.09,126.09,126.09,126.09,1.0
2025-12-10,125.82,125.82,125.82,125.82,1.0
2025-12-11,126.28,126.28,126.28,126.28,1.0
2025-12-12,127.11,127.11,127.11,127.11,1.0
2025-12-15,126.98,126.98,126.98,126.98,1.0
2025-12-16,126.28,126.28,126.28,126.28,1.0
2025-12-17,125.95,125.95,125.95,125.95,1.0
2025-12-18,125.75,125.75,125.75,125.75,1.0
2025-12-19,126.44,126.44,126.44,126.44,1.0
2025-12-22,127.33,127.33,127.33,127.33,1.0
2025-12-23,127.35,127.35,127.35,127.35,1.0
2025-12-24,127.07,127.07,127.07,127.07,1.0
2025-12-26,126.59,126.59,126.59,126.59,1.0
2025-12-29,126.2,126.2,126.2,126.2,1.0
2025-12-30,126.23,126.23,126.23,126.23,1.0
2025-12-31,127.17,127.17,127.17,127.17,1.0
2026-01-01,127.46,127.46,127.46,127.46,1.0
2026-01-02,128.4,128.4,128.4,128.4,1.0
2026-01-05,128.19,128.19,128.19,128.19,1.0
2026-01-06,128.05,128.05,128.05,128.05,1.0
2026-01-07,127.78,127.78,127.78,127.78,1.0
2026-01-08,126.3,126.3,126.3,126.3,1.0
2026-01-09,125.31,125.31,125.31,125.31,1.0
2026-01-12,125.59,125.59,125.59,125.59,1.0
2026-01-13,125.08,125.08,125.08,125.08,1.0
2026-01-14,124.9,124.9,124.9,124.9,1.0
2026-01-16,124.93,124.93,124.93,124.93,1.0
2026-01-19,124.45,124.45,124.45,124.45,1.0
2026-01-20,122.74,122.74,122.74,122.74,1.0
2026-01-21,122.26,122.26,122.26,122.26,1.0
2026-01-22,122.82,122.82,122.82,122.82,1.0
2026-01-23,121.64,121.64,121.64,121.64,1.0
2026-01-27,122.3,122.3,122.3,122.3,1.0
2026-01-28,123.06,123.06,123.06,123.06,1.0
2026-01-29,123.52,123.52,123.52,123.52,1.0
2026-01-30,123.16,123.16,123.16,123.16,1.0
2026-02-02,122.4,122.4,122.4,122.4,1.0
2026-02-03,125.27,125.27,125.27,125.27,1.0
2026-02-04,125.96,125.96,125.96,125.96,1.0
2026-02-05,125.4,125.4,125.4,125.4,1.0
2026-02-06,125.45,125.45,125.45,125.45,1.0
2026-02-09,125.85,125.85,125.85,125.85,1.0
2026-02-10,126.22,126.22,126.22,126.22,1.0
2026-02-11,126.26,126.26,126.26,126.26,1.0
2026-02-12,125.72,125.72,125.72,125.72,1.0
2026-02-13,124.37,124.37,124.37,124.37,1.0
2026-02-16,125.24,125.24,125.24,125.24,1.0
2026-02-17,125.61,125.61,125.61,125.61,1.0
2026-02-18,126.11,126.11,126.11,126.11,1.0
2026-02-19,124.31,124.31,124.31,124.31,1.0
2026-02-20,125.0,125.0,125.0,125.0,1.0
2026-02-23,125.7,125.7,125.7,125.7,1.0
2026-02-24,124.43,124.43,124.43,124.43,1.0
2026-02-25,125.07,125.07,125.07,125.07,1.0
2026-02-26,125.1,125.1,125.1,125.1,1.0
2026-02-27,123.6,123.6,123.6,123.6,1.0
2026-03-02,121.81,121.81,121.81,121.81,1.0
2026-03-04,119.86,119.86,119.86,119.86,1.0
2026-03-05,121.28,121.28,121.28,121.28,1.0
2026-03-06,119.96,119.96,119.96,119.96,1.0
2026-03-09,117.9,117.9,117.9,117.9,1.0
2026-03-10,119.24,119.24,119.24,119.24,1.0
2026-03-11,117.57,117.57,117.57,117.57,1.0
2026-03-12,116.41,116.41,116.41,116.41,1.0
2026-03-13,113.97,113.97,113.97,113.97,1.0
2026-03-16,114.81,114.81,114.81,114.81,1.0
2026-03-17,115.81,115.81,115.81,115.81,1.0
2026-03-18,116.79,116.79,116.79,116.79,1.0
2026-03-19,113.14,113.14,113.14,113.14,1.0
2026-03-20,113.6,113.6,113.6,113.6,1.0
2026-03-23,110.63,110.63,110.63,110.63,1.0
2026-03-24,112.73,112.73,112.73,112.73,1.0
2026-03-25,114.56,114.56,114.56,114.56,1.0
2026-03-27,112.42,112.42,112.42,112.42,1.0
2026-03-30,110.11,110.11,110.11,110.11,1.0
2026-03-31,110.11,110.11,110.11,110.11,1.0
2026-04-01,111.57,111.57,111.57,111.57,1.0
2026-04-02,111.56,111.56,111.56,111.56,1.0
2026-04-06,112.85,112.85,112.85,112.85,1.0
2026-04-07,113.46,113.46,113.46,113.46,1.0
2026-04-08,117.83,117.83,117.83,117.83,1.0
2026-04-09,116.82,116.82,116.82,116.82,1.0
2026-04-10,118.35,118.35,118.35,118.35,1.0
2026-04-13,117.54,117.54,117.54,117.54,1.0
2026-04-15,119.57,119.57,119.57,119.57,1.0
2026-04-16,119.47,119.47,119.47,119.47,1.0
2026-04-17,120.2,120.2,120.2,120.2,1.0
2026-04-20,120.22,120.22,120.22,120.22,1.0
2026-04-21,121.04,121.04,121.04,121.04,1.0
2026-04-22,120.32,120.32,120.32,120.32,1.0
2026-04-23,119.17,119.17,119.17,119.17,1.0
2026-04-24,117.64,117.64,117.64,117.64,1.0
2026-04-27,118.64,118.64,118.64,118.64,1.0
2026-04-28,117.92,117.92,117.92,117.92,1.0
2026-04-29,118.51,118.51,118.51,118.51,1.0
2026-04-30,117.64,117.64,117.64,117.64,1.0
2026-05-04,118.34,118.34,118.34,118.34,1.0
2026-05-05,117.94,117.94,117.94,117.94,1.0
2026-05-06,119.39,119.39,119.39,119.39,1.0
2026-05-07,119.66,119.66,119.66,119.66,1.0
2026-05-08,119.11,119.11,119.11,119.11,1.0
2026-05-11,117.55,117.55,117.55,117.55,1.0
2026-05-12,115.45,115.45,115.45,115.45,1.0
2026-05-13,115.52,115.52,115.52,115.52,1.0
2026-05-14,116.71,116.71,116.71,116.71,1.0
2026-05-15,116.51,116.51,116.51,116.51,1.0
2026-05-18,116.33,116.33,116.33,116.33,1.0
2026-05-19,116.35,116.35,116.35,116.35,1.0
2026-05-20,116.53,116.53,116.53,116.53,1.0
2026-05-21,116.62,116.62,116.62,116.62,1.0
2026-05-22,117.1,117.1,117.1,117.1,1.0
2026-05-25,118.45,118.45,118.45,118.45,1.0
2026-05-26,117.98,117.98,117.98,117.98,1.0
2026-05-27,118.19,118.19,118.19,118.19,1.0
2026-05-29,116.43,116.43,116.43,116.43,1.0
2026-06-01,115.36,115.36,115.36,115.36,1.0
2026-06-02,115.49,115.49,115.49,115.49,1.0
2026-06-03,115.33,115.33,115.33,115.33,1.0
2026-06-04,115.36,115.36,115.36,115.36,1.0
2026-06-05,115.23,115.23,115.23,115.23,1.0
2026-06-08,114.11,114.11,114.11,114.11,1.0
2026-06-09,114.77,114.77,114.77,114.77,1.0
2026-06-10,114.62,114.62,114.62,114.62,1.0
2026-06-11,114.42,114.42,114.42,114.42,1.0
2026-06-12,116.65,116.65,116.65,116.65,1.0
2026-06-15,118.23,118.23,118.23,118.23,1.0
2026-06-16,118.7,118.7,118.7,118.7,1.0
2026-06-17,119.14,119.14,119.14,119.14,1.0
2026-06-18,119.66,119.66,119.66,119.66,1.0
2026-06-19,119.13,119.13,119.13,119.13,1.0
2026-06-22,119.65,119.65,119.65,119.65,1.0
2026-06-23,118.76,118.76,118.76,118.76,1.0
2026-06-24,119.42,119.42,119.42,119.42,1.0
2026-06-25,119.69,119.69,119.69,119.69,1.0
2026-06-29,118.91,118.91,118.91,118.91,1.0
2026-06-30,118.73,118.73,118.73,118.73,1.0
2026-07-01,119.52,119.52,119.52,119.52,1.0
2026-07-02,120.2,120.2,120.2,120.2,1.0
2026-07-03,120.55,120.55,120.55,120.55,1.0
