Date,Open,High,Low,Close,Volume
2013-12-05,10.01,10.01,10.01,10.01,1.0
2013-12-06,10.0,10.0,10.0,10.0,1.0
2013-12-09,9.99,9.99,9.99,9.99,1.0
2013-12-10,9.98,9.98,9.98,9.98,1.0
2013-12-11,9.98,9.98,9.98,9.98,1.0
2013-12-12,9.98,9.98,9.98,9.98,1.0
2013-12-13,9.95,9.95,9.95,9.95,1.0
2013-12-16,9.95,9.95,9.95,9.95,1.0
2013-12-17,9.94,9.94,9.94,9.94,1.0
2013-12-18,9.97,9.97,9.97,9.97,1.0
2013-12-19,10.0,10.0,10.0,10.0,1.0
2013-12-20,10.06,10.06,10.06,10.06,1.0
2013-12-23,10.08,10.08,10.08,10.08,1.0
2013-12-24,10.1,10.1,10.1,10.1,1.0
2013-12-26,10.1,10.1,10.1,10.1,1.0
2013-12-27,10.11,10.11,10.11,10.11,1.0
2013-12-30,10.13,10.13,10.13,10.13,1.0
2013-12-31,10.16,10.16,10.16,10.16,1.0
2014-01-01,10.19,10.19,10.19,10.19,1.0
2014-01-02,10.12,10.12,10.12,10.12,1.0
2014-01-03,10.16,10.16,10.16,10.16,1.0
2014-01-06,10.16,10.16,10.16,10.16,1.0
2014-01-07,10.16,10.16,10.16,10.16,1.0
2014-01-08,10.18,10.18,10.18,10.18,1.0
2014-01-09,10.16,10.16,10.16,10.16,1.0
2014-01-10,10.14,10.14,10.14,10.14,1.0
2014-01-13,10.16,10.16,10.16,10.16,1.0
2014-01-14,10.11,10.11,10.11,10.11,1.0
2014-01-15,10.13,10.13,10.13,10.13,1.0
2014-01-16,10.08,10.08,10.08,10.08,1.0
2014-01-17,10.01,10.01,10.01,10.01,1.0
2014-01-20,10.03,10.03,10.03,10.03,1.0
2014-01-21,10.04,10.04,10.04,10.04,1.0
2014-01-22,10.05,10.05,10.05,10.05,1.0
2014-01-23,10.04,10.04,10.04,10.04,1.0
2014-01-24,9.97,9.97,9.97,9.97,1.0
2014-01-27,9.85,9.85,9.85,9.85,1.0
2014-01-28,9.85,9.85,9.85,9.85,1.0
2014-01-29,9.84,9.84,9.84,9.84,1.0
2014-01-30,9.79,9.79,9.79,9.79,1.0
2014-01-31,9.85,9.85,9.85,9.85,1.0
2014-02-03,9.86,9.86,9.86,9.86,1.0
2014-02-04,9.88,9.88,9.88,9.88,1.0
2014-02-05,9.89,9.89,9.89,9.89,1.0
2014-02-06,9.88,9.88,9.88,9.88,1.0
2014-02-07,9.88,9.88,9.88,9.88,1.0
2014-02-10,9.88,9.88,9.88,9.88,1.0
2014-02-11,9.91,9.91,9.91,9.91,1.0
2014-02-12,9.93,9.93,9.93,9.93,1.0
2014-02-13,9.91,9.91,9.91,9.91,1.0
2014-02-14,9.87,9.87,9.87,9.87,1.0
2014-02-17,9.85,9.85,9.85,9.85,1.0
2014-02-18,9.92,9.92,9.92,9.92,1.0
2014-02-19,9.94,9.94,9.94,9.94,1.0
2014-02-20,9.9,9.9,9.9,9.9,1.0
2014-02-21,9.97,9.97,9.97,9.97,1.0
2014-02-24,10.13,10.13,10.13,10.13,1.0
2014-02-25,10.13,10.13,10.13,10.13,1.0
2014-02-26,10.17,10.17,10.17,10.17,1.0
2014-02-28,10.2,10.2,10.2,10.2,1.0
2014-03-03,10.23,10.23,10.23,10.23,1.0
2014-03-04,10.34,10.34,10.34,10.34,1.0
2014-03-05,10.38,10.38,10.38,10.38,1.0
2014-03-06,10.48,10.48,10.48,10.48,1.0
2014-03-07,10.49,10.49,10.49,10.49,1.0
2014-03-10,10.57,10.57,10.57,10.57,1.0
2014-03-11,10.59,10.59,10.59,10.59,1.0
2014-03-12,10.59,10.59,10.59,10.59,1.0
2014-03-13,10.56,10.56,10.56,10.56,1.0
2014-03-14,10.53,10.53,10.53,10.53,1.0
2014-03-18,10.63,10.63,10.63,10.63,1.0
2014-03-19,10.73,10.73,10.73,10.73,1.0
2014-03-20,10.69,10.69,10.69,10.69,1.0
2014-03-21,10.79,10.79,10.79,10.79,1.0
2014-03-24,10.92,10.92,10.92,10.92,1.0
2014-03-25,10.96,10.96,10.96,10.96,1.0
2014-03-26,11.01,11.01,11.01,11.01,1.0
2014-03-27,11.06,11.06,11.06,11.06,1.0
2014-03-28,11.25,11.25,11.25,11.25,1.0
2014-03-31,11.37,11.37,11.37,11.37,1.0
2014-04-01,11.25,11.25,11.25,11.25,1.0
2014-04-02,11.37,11.37,11.37,11.37,1.0
2014-04-03,11.37,11.37,11.37,11.37,1.0
2014-04-04,11.34,11.34,11.34,11.34,1.0
2014-04-07,11.33,11.33,11.33,11.33,1.0
2014-04-09,11.54,11.54,11.54,11.54,1.0
2014-04-10,11.62,11.62,11.62,11.62,1.0
2014-04-11,11.62,11.62,11.62,11.62,1.0
2014-04-15,11.57,11.57,11.57,11.57,1.0
2014-04-16,11.53,11.53,11.53,11.53,1.0
2014-04-17,11.74,11.74,11.74,11.74,1.0
2014-04-21,11.81,11.81,11.81,11.81,1.0
2014-04-22,11.81,11.81,11.81,11.81,1.0
2014-04-23,11.82,11.82,11.82,11.82,1.0
2014-04-25,11.8,11.8,11.8,11.8,1.0
2014-04-28,11.83,11.83,11.83,11.83,1.0
2014-04-29,11.74,11.74,11.74,11.74,1.0
2014-04-30,11.66,11.66,11.66,11.66,1.0
2014-05-02,11.65,11.65,11.65,11.65,1.0
2014-05-05,11.61,11.61,11.61,11.61,1.0
2014-05-06,11.67,11.67,11.67,11.67,1.0
2014-05-07,11.71,11.71,11.71,11.71,1.0
2014-05-08,11.7,11.7,11.7,11.7,1.0
2014-05-09,11.87,11.87,11.87,11.87,1.0
2014-05-12,11.96,11.96,11.96,11.96,1.0
2014-05-13,12.12,12.12,12.12,12.12,1.0
2014-05-14,12.2,12.2,12.2,12.2,1.0
2014-05-15,12.13,12.13,12.13,12.13,1.0
2014-05-16,12.36,12.36,12.36,12.36,1.0
2014-05-19,13.01,13.01,13.01,13.01,1.0
2014-05-20,13.18,13.18,13.18,13.18,1.0
2014-05-21,13.32,13.32,13.32,13.32,1.0
2014-05-22,13.53,13.53,13.53,13.53,1.0
2014-05-23,13.69,13.69,13.69,13.69,1.0
2014-05-26,13.49,13.49,13.49,13.49,1.0
2014-05-27,13.39,13.39,13.39,13.39,1.0
2014-05-28,13.39,13.39,13.39,13.39,1.0
2014-05-29,13.46,13.46,13.46,13.46,1.0
2014-05-30,13.61,13.61,13.61,13.61,1.0
2014-06-02,13.9,13.9,13.9,13.9,1.0
2014-06-03,13.94,13.94,13.94,13.94,1.0
2014-06-04,14.18,14.18,14.18,14.18,1.0
2014-06-05,14.26,14.26,14.26,14.26,1.0
2014-06-06,14.55,14.55,14.55,14.55,1.0
2014-06-09,14.82,14.82,14.82,14.82,1.0
2014-06-10,14.75,14.75,14.75,14.75,1.0
2014-06-11,14.67,14.67,14.67,14.67,1.0
2014-06-12,14.79,14.79,14.79,14.79,1.0
2014-06-13,14.62,14.62,14.62,14.62,1.0
2014-06-16,14.66,14.66,14.66,14.66,1.0
2014-06-17,14.96,14.96,14.96,14.96,1.0
2014-06-18,14.93,14.93,14.93,14.93,1.0
2014-06-19,14.88,14.88,14.88,14.88,1.0
2014-06-20,14.84,14.84,14.84,14.84,1.0
2014-06-23,14.83,14.83,14.83,14.83,1.0
2014-06-24,15.04,15.04,15.04,15.04,1.0
2014-06-25,15.08,15.08,15.08,15.08,1.0
2014-06-26,15.08,15.08,15.08,15.08,1.0
2014-06-27,15.17,15.17,15.17,15.17,1.0
2014-06-30,15.38,15.38,15.38,15.38,1.0
2014-07-01,15.49,15.49,15.49,15.49,1.0
2014-07-02,15.66,15.66,15.66,15.66,1.0
2014-07-03,15.72,15.72,15.72,15.72,1.0
2014-07-04,15.84,15.84,15.84,15.84,1.0
2014-07-07,15.91,15.91,15.91,15.91,1.0
2014-07-08,15.41,15.41,15.41,15.41,1.0
2014-07-09,15.28,15.28,15.28,15.28,1.0
2014-07-10,15.41,15.41,15.41,15.41,1.0
2014-07-11,15.07,15.07,15.07,15.07,1.0
2014-07-14,15.05,15.05,15.05,15.05,1.0
2014-07-15,15.25,15.25,15.25,15.25,1.0
2014-07-16,15.46,15.46,15.46,15.46,1.0
2014-07-17,15.64,15.64,15.64,15.64,1.0
2014-07-18,15.53,15.53,15.53,15.53,1.0
2014-07-21,15.49,15.49,15.49,15.49,1.0
2014-07-22,15.49,15.49,15.49,15.49,1.0
2014-07-23,15.49,15.49,15.49,15.49,1.0
2014-07-24,15.47,15.47,15.47,15.47,1.0
2014-07-25,15.34,15.34,15.34,15.34,1.0
2014-07-28,15.27,15.27,15.27,15.27,1.0
2014-07-30,15.38,15.38,15.38,15.38,1.0
2014-07-31,15.41,15.41,15.41,15.41,1.0
2014-08-01,15.32,15.32,15.32,15.32,1.0
2014-08-04,15.46,15.46,15.46,15.46,1.0
2014-08-05,15.53,15.53,15.53,15.53,1.0
2014-08-06,15.51,15.51,15.51,15.51,1.0
2014-08-07,15.45,15.45,15.45,15.45,1.0
2014-08-08,15.13,15.13,15.13,15.13,1.0
2014-08-11,15.22,15.22,15.22,15.22,1.0
2014-08-12,15.26,15.26,15.26,15.26,1.0
2014-08-13,15.17,15.17,15.17,15.17,1.0
2014-08-14,15.36,15.36,15.36,15.36,1.0
2014-08-18,15.61,15.61,15.61,15.61,1.0
2014-08-19,15.86,15.86,15.86,15.86,1.0
2014-08-20,15.93,15.93,15.93,15.93,1.0
2014-08-21,16.09,16.09,16.09,16.09,1.0
2014-08-22,16.11,16.11,16.11,16.11,1.0
2014-08-25,16.02,16.02,16.02,16.02,1.0
2014-08-26,16.01,16.01,16.01,16.01,1.0
2014-08-27,16.16,16.16,16.16,16.16,1.0
2014-08-28,16.2,16.2,16.2,16.2,1.0
2014-09-01,16.36,16.36,16.36,16.36,1.0
2014-09-02,16.42,16.42,16.42,16.42,1.0
2014-09-03,16.61,16.61,16.61,16.61,1.0
2014-09-04,16.56,16.56,16.56,16.56,1.0
2014-09-05,16.71,16.71,16.71,16.71,1.0
2014-09-08,16.9,16.9,16.9,16.9,1.0
2014-09-09,17.0,17.0,17.0,17.0,1.0
2014-09-10,17.01,17.01,17.01,17.01,1.0
2014-09-11,17.24,17.24,17.24,17.24,1.0
2014-09-12,17.43,17.43,17.43,17.43,1.0
2014-09-15,17.5,17.5,17.5,17.5,1.0
2014-09-16,16.92,16.92,16.92,16.92,1.0
2014-09-17,16.93,16.93,16.93,16.93,1.0
2014-09-18,17.24,17.24,17.24,17.24,1.0
2014-09-19,17.4,17.4,17.4,17.4,1.0
2014-09-22,17.39,17.39,17.39,17.39,1.0
2014-09-23,17.13,17.13,17.13,17.13,1.0
2014-09-24,16.9,16.9,16.9,16.9,1.0
2014-09-25,16.58,16.58,16.58,16.58,1.0
2014-09-26,16.71,16.71,16.71,16.71,1.0
2014-09-29,16.96,16.96,16.96,16.96,1.0
2014-09-30,17.06,17.06,17.06,17.06,1.0
2014-10-01,16.96,16.96,16.96,16.96,1.0
2014-10-07,16.81,16.81,16.81,16.81,1.0
2014-10-08,16.8,16.8,16.8,16.8,1.0
2014-10-09,17.12,17.12,17.12,17.12,1.0
2014-10-10,16.88,16.88,16.88,16.88,1.0
2014-10-13,17.02,17.02,17.02,17.02,1.0
2014-10-14,17.11,17.11,17.11,17.11,1.0
2014-10-16,16.72,16.72,16.72,16.72,1.0
2014-10-17,16.72,16.72,16.72,16.72,1.0
2014-10-20,16.89,16.89,16.89,16.89,1.0
2014-10-21,17.02,17.02,17.02,17.02,1.0
2014-10-22,17.15,17.15,17.15,17.15,1.0
2014-10-27,17.2,17.2,17.2,17.2,1.0
2014-10-28,17.22,17.22,17.22,17.22,1.0
2014-10-29,17.29,17.29,17.29,17.29,1.0
2014-10-30,17.46,17.46,17.46,17.46,1.0
2014-10-31,17.71,17.71,17.71,17.71,1.0
2014-11-03,17.79,17.79,17.79,17.79,1.0
2014-11-05,17.82,17.82,17.82,17.82,1.0
2014-11-07,17.79,17.79,17.79,17.79,1.0
2014-11-10,17.78,17.78,17.78,17.78,1.0
2014-11-11,17.96,17.96,17.96,17.96,1.0
2014-11-12,17.98,17.98,17.98,17.98,1.0
2014-11-13,17.98,17.98,17.98,17.98,1.0
2014-11-14,18.15,18.15,18.15,18.15,1.0
2014-11-17,18.34,18.34,18.34,18.34,1.0
2014-11-18,18.3,18.3,18.3,18.3,1.0
2014-11-19,18.13,18.13,18.13,18.13,1.0
2014-11-20,18.1,18.1,18.1,18.1,1.0
2014-11-21,18.16,18.16,18.16,18.16,1.0
2014-11-24,18.17,18.17,18.17,18.17,1.0
2014-11-25,18.02,18.02,18.02,18.02,1.0
2014-11-26,18.14,18.14,18.14,18.14,1.0
2014-11-27,18.22,18.22,18.22,18.22,1.0
2014-11-28,18.38,18.38,18.38,18.38,1.0
2014-12-01,18.34,18.34,18.34,18.34,1.0
2014-12-02,18.46,18.46,18.46,18.46,1.0
2014-12-03,18.67,18.67,18.67,18.67,1.0
2014-12-04,18.76,18.76,18.76,18.76,1.0
2014-12-05,18.7,18.7,18.7,18.7,1.0
2014-12-08,18.45,18.45,18.45,18.45,1.0
2014-12-09,18.35,18.35,18.35,18.35,1.0
2014-12-10,18.62,18.62,18.62,18.62,1.0
2014-12-11,18.56,18.56,18.56,18.56,1.0
2014-12-12,18.3,18.3,18.3,18.3,1.0
2014-12-15,18.24,18.24,18.24,18.24,1.0
2014-12-16,17.82,17.82,17.82,17.82,1.0
2014-12-17,17.73,17.73,17.73,17.73,1.0
2014-12-18,18.22,18.22,18.22,18.22,1.0
2014-12-19,18.24,18.24,18.24,18.24,1.0
2014-12-22,18.28,18.28,18.28,18.28,1.0
2014-12-23,18.38,18.38,18.38,18.38,1.0
2014-12-24,18.35,18.35,18.35,18.35,1.0
2014-12-26,18.39,18.39,18.39,18.39,1.0
2014-12-29,18.63,18.63,18.63,18.63,1.0
2014-12-30,18.71,18.71,18.71,18.71,1.0
2014-12-31,18.95,18.95,18.95,18.95,1.0
2015-01-01,19.04,19.04,19.04,19.04,1.0
2015-01-02,19.26,19.26,19.26,19.26,1.0
2015-01-05,19.33,19.33,19.33,19.33,1.0
2015-01-06,19.04,19.04,19.04,19.04,1.0
2015-01-07,18.98,18.98,18.98,18.98,1.0
2015-01-08,19.26,19.26,19.26,19.26,1.0
2015-01-09,19.22,19.22,19.22,19.22,1.0
2015-01-12,19.33,19.33,19.33,19.33,1.0
2015-01-13,19.33,19.33,19.33,19.33,1.0
2015-01-14,19.21,19.21,19.21,19.21,1.0
2015-01-15,19.39,19.39,19.39,19.39,1.0
2015-01-16,19.5,19.5,19.5,19.5,1.0
2015-01-19,19.6,19.6,19.6,19.6,1.0
2015-01-20,19.7,19.7,19.7,19.7,1.0
2015-01-21,19.59,19.59,19.59,19.59,1.0
2015-01-22,19.53,19.53,19.53,19.53,1.0
2015-01-23,19.52,19.52,19.52,19.52,1.0
2015-01-27,19.77,19.77,19.77,19.77,1.0
2015-01-28,19.77,19.77,19.77,19.77,1.0
2015-01-29,19.64,19.64,19.64,19.64,1.0
2015-01-30,19.46,19.46,19.46,19.46,1.0
2015-02-02,19.52,19.52,19.52,19.52,1.0
2015-02-03,19.46,19.46,19.46,19.46,1.0
2015-02-04,19.57,19.57,19.57,19.57,1.0
2015-02-05,19.43,19.43,19.43,19.43,1.0
2015-02-06,19.2,19.2,19.2,19.2,1.0
2015-02-09,18.97,18.97,18.97,18.97,1.0
2015-02-10,19.11,19.11,19.11,19.11,1.0
2015-02-11,19.23,19.23,19.23,19.23,1.0
2015-02-12,19.4,19.4,19.4,19.4,1.0
2015-02-13,19.5,19.5,19.5,19.5,1.0
2015-02-16,19.48,19.48,19.48,19.48,1.0
2015-02-18,19.61,19.61,19.61,19.61,1.0
2015-02-19,19.64,19.64,19.64,19.64,1.0
2015-02-20,19.69,19.69,19.69,19.69,1.0
2015-02-23,19.59,19.59,19.59,19.59,1.0
2015-02-24,19.63,19.63,19.63,19.63,1.0
2015-02-25,19.54,19.54,19.54,19.54,1.0
2015-02-26,19.39,19.39,19.39,19.39,1.0
2015-02-27,19.59,19.59,19.59,19.59,1.0
2015-03-02,19.7,19.7,19.7,19.7,1.0
2015-03-03,19.95,19.95,19.95,19.95,1.0
2015-03-04,19.77,19.77,19.77,19.77,1.0
2015-03-05,20.13,20.13,20.13,20.13,1.0
2015-03-09,19.89,19.89,19.89,19.89,1.0
2015-03-10,19.87,19.87,19.87,19.87,1.0
2015-03-11,19.78,19.78,19.78,19.78,1.0
2015-03-12,20.09,20.09,20.09,20.09,1.0
2015-03-13,20.0,20.0,20.0,20.0,1.0
2015-03-16,19.76,19.76,19.76,19.76,1.0
2015-03-17,19.84,19.84,19.84,19.84,1.0
2015-03-18,19.81,19.81,19.81,19.81,1.0
2015-03-19,19.76,19.76,19.76,19.76,1.0
2015-03-20,19.5,19.5,19.5,19.5,1.0
2015-03-23,19.32,19.32,19.32,19.32,1.0
2015-03-24,19.28,19.28,19.28,19.28,1.0
2015-03-25,19.11,19.11,19.11,19.11,1.0
2015-03-26,18.98,18.98,18.98,18.98,1.0
2015-03-27,19.01,19.01,19.01,19.01,1.0
2015-03-30,19.43,19.43,19.43,19.43,1.0
2015-03-31,19.52,19.52,19.52,19.52,1.0
2015-04-01,19.84,19.84,19.84,19.84,1.0
2015-04-06,20.13,20.13,20.13,20.13,1.0
2015-04-07,20.23,20.23,20.23,20.23,1.0
2015-04-08,20.38,20.38,20.38,20.38,1.0
2015-04-09,20.4,20.4,20.4,20.4,1.0
2015-04-10,20.43,20.43,20.43,20.43,1.0
2015-04-13,20.51,20.51,20.51,20.51,1.0
2015-04-15,20.56,20.56,20.56,20.56,1.0
2015-04-16,20.45,20.45,20.45,20.45,1.0
2015-04-17,20.22,20.22,20.22,20.22,1.0
2015-04-20,19.87,19.87,19.87,19.87,1.0
2015-04-21,19.89,19.89,19.89,19.89,1.0
2015-04-22,19.83,19.83,19.83,19.83,1.0
2015-04-23,19.71,19.71,19.71,19.71,1.0
2015-04-24,19.23,19.23,19.23,19.23,1.0
2015-04-27,18.73,18.73,18.73,18.73,1.0
2015-04-28,18.98,18.98,18.98,18.98,1.0
2015-04-29,19.16,19.16,19.16,19.16,1.0
2015-04-30,19.22,19.22,19.22,19.22,1.0
2015-05-04,19.51,19.51,19.51,19.51,1.0
2015-05-05,19.55,19.55,19.55,19.55,1.0
2015-05-06,19.03,19.03,19.03,19.03,1.0
2015-05-07,18.79,18.79,18.79,18.79,1.0
2015-05-08,19.05,19.05,19.05,19.05,1.0
2015-05-11,19.2,19.2,19.2,19.2,1.0
2015-05-12,19.01,19.01,19.01,19.01,1.0
2015-05-13,19.08,19.08,19.08,19.08,1.0
2015-05-14,19.14,19.14,19.14,19.14,1.0
2015-05-15,19.2,19.2,19.2,19.2,1.0
2015-05-18,19.33,19.33,19.33,19.33,1.0
2015-05-19,19.38,19.38,19.38,19.38,1.0
2015-05-20,19.45,19.45,19.45,19.45,1.0
2015-05-21,19.49,19.49,19.49,19.49,1.0
2015-05-22,19.54,19.54,19.54,19.54,1.0
2015-05-25,19.48,19.48,19.48,19.48,1.0
2015-05-26,19.44,19.44,19.44,19.44,1.0
2015-05-27,19.44,19.44,19.44,19.44,1.0
2015-05-28,19.38,19.38,19.38,19.38,1.0
2015-05-29,19.56,19.56,19.56,19.56,1.0
2015-06-01,19.59,19.59,19.59,19.59,1.0
2015-06-02,19.29,19.29,19.29,19.29,1.0
2015-06-03,19.09,19.09,19.09,19.09,1.0
2015-06-04,19.09,19.09,19.09,19.09,1.0
2015-06-05,19.14,19.14,19.14,19.14,1.0
2015-06-08,18.9,18.9,18.9,18.9,1.0
2015-06-09,18.77,18.77,18.77,18.77,1.0
2015-06-10,18.97,18.97,18.97,18.97,1.0
2015-06-11,18.77,18.77,18.77,18.77,1.0
2015-06-12,18.69,18.69,18.69,18.69,1.0
2015-06-15,18.75,18.75,18.75,18.75,1.0
2015-06-16,18.76,18.76,18.76,18.76,1.0
2015-06-17,18.97,18.97,18.97,18.97,1.0
2015-06-18,19.17,19.17,19.17,19.17,1.0
2015-06-19,19.16,19.16,19.16,19.16,1.0
2015-06-22,19.35,19.35,19.35,19.35,1.0
2015-06-23,19.5,19.5,19.5,19.5,1.0
2015-06-24,19.38,19.38,19.38,19.38,1.0
2015-06-25,19.43,19.43,19.43,19.43,1.0
2015-06-26,19.55,19.55,19.55,19.55,1.0
2015-06-29,19.32,19.32,19.32,19.32,1.0
2015-06-30,19.43,19.43,19.43,19.43,1.0
2015-07-01,19.59,19.59,19.59,19.59,1.0
2015-07-02,19.65,19.65,19.65,19.65,1.0
2015-07-03,19.69,19.69,19.69,19.69,1.0
2015-07-06,19.77,19.77,19.77,19.77,1.0
2015-07-07,19.91,19.91,19.91,19.91,1.0
2015-07-08,19.65,19.65,19.65,19.65,1.0
2015-07-09,19.64,19.64,19.64,19.64,1.0
2015-07-10,19.68,19.68,19.68,19.68,1.0
2015-07-13,19.91,19.91,19.91,19.91,1.0
2015-07-14,20.01,20.01,20.01,20.01,1.0
2015-07-15,20.0,20.0,20.0,20.0,1.0
2015-07-16,20.15,20.15,20.15,20.15,1.0
2015-07-17,20.16,20.16,20.16,20.16,1.0
2015-07-20,20.22,20.22,20.22,20.22,1.0
2015-07-21,20.02,20.02,20.02,20.02,1.0
2015-07-22,20.24,20.24,20.24,20.24,1.0
2015-07-23,20.36,20.36,20.36,20.36,1.0
2015-07-24,20.23,20.23,20.23,20.23,1.0
2015-07-27,20.02,20.02,20.02,20.02,1.0
2015-07-28,20.19,20.19,20.19,20.19,1.0
2015-07-29,20.29,20.29,20.29,20.29,1.0
2015-07-30,20.58,20.58,20.58,20.58,1.0
2015-07-31,20.81,20.81,20.81,20.81,1.0
2015-08-03,20.96,20.96,20.96,20.96,1.0
2015-08-04,21.05,21.05,21.05,21.05,1.0
2015-08-05,21.2,21.2,21.2,21.2,1.0
2015-08-06,21.19,21.19,21.19,21.19,1.0
2015-08-07,21.07,21.07,21.07,21.07,1.0
2015-08-10,21.06,21.06,21.06,21.06,1.0
2015-08-11,20.93,20.93,20.93,20.93,1.0
2015-08-12,20.57,20.57,20.57,20.57,1.0
2015-08-13,20.35,20.35,20.35,20.35,1.0
2015-08-14,20.65,20.65,20.65,20.65,1.0
2015-08-17,20.74,20.74,20.74,20.74,1.0
2015-08-18,20.92,20.92,20.92,20.92,1.0
2015-08-19,20.95,20.95,20.95,20.95,1.0
2015-08-20,20.56,20.56,20.56,20.56,1.0
2015-08-21,20.46,20.46,20.46,20.46,1.0
2015-08-24,19.06,19.06,19.06,19.06,1.0
2015-08-25,19.16,19.16,19.16,19.16,1.0
2015-08-26,19.02,19.02,19.02,19.02,1.0
2015-08-27,19.56,19.56,19.56,19.56,1.0
2015-08-28,19.58,19.58,19.58,19.58,1.0
2015-08-31,19.61,19.61,19.61,19.61,1.0
2015-09-01,19.26,19.26,19.26,19.26,1.0
2015-09-02,19.24,19.24,19.24,19.24,1.0
2015-09-03,19.45,19.45,19.45,19.45,1.0
2015-09-04,19.13,19.13,19.13,19.13,1.0
2015-09-07,18.89,18.89,18.89,18.89,1.0
2015-09-08,19.02,19.02,19.02,19.02,1.0
2015-09-09,19.21,19.21,19.21,19.21,1.0
2015-09-10,19.17,19.17,19.17,19.17,1.0
2015-09-11,19.24,19.24,19.24,19.24,1.0
2015-09-14,19.3,19.3,19.3,19.3,1.0
2015-09-15,19.17,19.17,19.17,19.17,1.0
2015-09-16,19.22,19.22,19.22,19.22,1.0
2015-09-18,19.45,19.45,19.45,19.45,1.0
2015-09-21,19.69,19.69,19.69,19.69,1.0
2015-09-22,19.53,19.53,19.53,19.53,1.0
2015-09-23,19.7,19.7,19.7,19.7,1.0
2015-09-24,19.79,19.79,19.79,19.79,1.0
2015-09-28,19.73,19.73,19.73,19.73,1.0
2015-09-29,19.65,19.65,19.65,19.65,1.0
2015-09-30,19.89,19.89,19.89,19.89,1.0
2015-10-01,19.87,19.87,19.87,19.87,1.0
2015-10-05,20.16,20.16,20.16,20.16,1.0
2015-10-06,20.23,20.23,20.23,20.23,1.0
2015-10-07,20.13,20.13,20.13,20.13,1.0
2015-10-08,20.07,20.07,20.07,20.07,1.0
2015-10-09,20.13,20.13,20.13,20.13,1.0
2015-10-12,20.11,20.11,20.11,20.11,1.0
2015-10-13,20.17,20.17,20.17,20.17,1.0
2015-10-14,20.11,20.11,20.11,20.11,1.0
2015-10-15,20.13,20.13,20.13,20.13,1.0
2015-10-16,20.23,20.23,20.23,20.23,1.0
2015-10-19,20.41,20.41,20.41,20.41,1.0
2015-10-20,20.27,20.27,20.27,20.27,1.0
2015-10-21,20.27,20.27,20.27,20.27,1.0
2015-10-23,20.15,20.15,20.15,20.15,1.0
2015-10-26,20.21,20.21,20.21,20.21,1.0
2015-10-27,20.3,20.3,20.3,20.3,1.0
2015-10-28,20.28,20.28,20.28,20.28,1.0
2015-10-29,20.23,20.23,20.23,20.23,1.0
2015-10-30,20.15,20.15,20.15,20.15,1.0
2015-11-02,20.09,20.09,20.09,20.09,1.0
2015-11-03,20.08,20.08,20.08,20.08,1.0
2015-11-04,20.06,20.06,20.06,20.06,1.0
2015-11-05,19.84,19.84,19.84,19.84,1.0
2015-11-06,19.69,19.69,19.69,19.69,1.0
2015-11-09,19.79,19.79,19.79,19.79,1.0
2015-11-10,19.68,19.68,19.68,19.68,1.0
2015-11-13,19.74,19.74,19.74,19.74,1.0
2015-11-16,19.79,19.79,19.79,19.79,1.0
2015-11-17,19.89,19.89,19.89,19.89,1.0
2015-11-18,19.8,19.8,19.8,19.8,1.0
2015-11-19,19.97,19.97,19.97,19.97,1.0
2015-11-20,20.1,20.1,20.1,20.1,1.0
2015-11-23,20.18,20.18,20.18,20.18,1.0
2015-11-24,20.2,20.2,20.2,20.2,1.0
2015-11-26,20.28,20.28,20.28,20.28,1.0
2015-11-27,20.29,20.29,20.29,20.29,1.0
2015-11-30,20.38,20.38,20.38,20.38,1.0
2015-12-01,20.4,20.4,20.4,20.4,1.0
2015-12-02,20.42,20.42,20.42,20.42,1.0
2015-12-03,20.36,20.36,20.36,20.36,1.0
2015-12-04,20.29,20.29,20.29,20.29,1.0
2015-12-07,20.24,20.24,20.24,20.24,1.0
2015-12-08,20.0,20.0,20.0,20.0,1.0
2015-12-09,19.72,19.72,19.72,19.72,1.0
2015-12-10,19.85,19.85,19.85,19.85,1.0
2015-12-11,19.8,19.8,19.8,19.8,1.0
2015-12-14,19.84,19.84,19.84,19.84,1.0
2015-12-15,20.01,20.01,20.01,20.01,1.0
2015-12-16,20.0,20.0,20.0,20.0,1.0
2015-12-17,20.16,20.16,20.16,20.16,1.0
2015-12-18,20.15,20.15,20.15,20.15,1.0
2015-12-21,20.3,20.3,20.3,20.3,1.0
2015-12-22,20.33,20.33,20.33,20.33,1.0
2015-12-23,20.65,20.65,20.65,20.65,1.0
2015-12-24,20.77,20.77,20.77,20.77,1.0
2015-12-28,20.78,20.78,20.78,20.78,1.0
2015-12-29,20.85,20.85,20.85,20.85,1.0
2015-12-30,20.89,20.89,20.89,20.89,1.0
2015-12-31,21.02,21.02,21.02,21.02,1.0
2016-01-01,21.04,21.04,21.04,21.04,1.0
2016-01-04,20.83,20.83,20.83,20.83,1.0
2016-01-05,20.98,20.98,20.98,20.98,1.0
2016-01-06,20.98,20.98,20.98,20.98,1.0
2016-01-07,20.45,20.45,20.45,20.45,1.0
2016-01-08,20.65,20.65,20.65,20.65,1.0
2016-01-11,20.62,20.62,20.62,20.62,1.0
2016-01-12,20.4,20.4,20.4,20.4,1.0
2016-01-13,20.26,20.26,20.26,20.26,1.0
2016-01-14,20.1,20.1,20.1,20.1,1.0
2016-01-15,19.72,19.72,19.72,19.72,1.0
2016-01-18,18.95,18.95,18.95,18.95,1.0
2016-01-19,19.05,19.05,19.05,19.05,1.0
2016-01-20,18.71,18.71,18.71,18.71,1.0
2016-01-21,18.86,18.86,18.86,18.86,1.0
2016-01-22,19.26,19.26,19.26,19.26,1.0
2016-01-25,19.31,19.31,19.31,19.31,1.0
2016-01-27,19.44,19.44,19.44,19.44,1.0
2016-01-28,19.44,19.44,19.44,19.44,1.0
2016-01-29,19.68,19.68,19.68,19.68,1.0
2016-02-01,19.86,19.86,19.86,19.86,1.0
2016-02-02,19.68,19.68,19.68,19.68,1.0
2016-02-03,19.39,19.39,19.39,19.39,1.0
2016-02-04,19.25,19.25,19.25,19.25,1.0
2016-02-05,19.52,19.52,19.52,19.52,1.0
2016-02-08,19.43,19.43,19.43,19.43,1.0
2016-02-09,19.27,19.27,19.27,19.27,1.0
2016-02-10,18.98,18.98,18.98,18.98,1.0
2016-02-11,18.35,18.35,18.35,18.35,1.0
2016-02-12,18.41,18.41,18.41,18.41,1.0
2016-02-15,18.83,18.83,18.83,18.83,1.0
2016-02-16,18.48,18.48,18.48,18.48,1.0
2016-02-17,18.51,18.51,18.51,18.51,1.0
2016-02-18,18.59,18.59,18.59,18.59,1.0
2016-02-19,18.5,18.5,18.5,18.5,1.0
2016-02-22,18.52,18.52,18.52,18.52,1.0
2016-02-23,18.37,18.37,18.37,18.37,1.0
2016-02-24,18.22,18.22,18.22,18.22,1.0
2016-02-25,18.08,18.08,18.08,18.08,1.0
2016-02-26,17.97,17.97,17.97,17.97,1.0
2016-02-29,18.08,18.08,18.08,18.08,1.0
2016-03-01,18.59,18.59,18.59,18.59,1.0
2016-03-02,18.87,18.87,18.87,18.87,1.0
2016-03-03,19.02,19.02,19.02,19.02,1.0
2016-03-04,19.07,19.07,19.07,19.07,1.0
2016-03-08,19.05,19.05,19.05,19.05,1.0
2016-03-09,19.03,19.03,19.03,19.03,1.0
2016-03-10,19.1,19.1,19.1,19.1,1.0
2016-03-11,19.03,19.03,19.03,19.03,1.0
2016-03-14,19.07,19.07,19.07,19.07,1.0
2016-03-15,18.86,18.86,18.86,18.86,1.0
2016-03-16,18.88,18.88,18.88,18.88,1.0
2016-03-17,18.9,18.9,18.9,18.9,1.0
2016-03-18,19.03,19.03,19.03,19.03,1.0
2016-03-21,19.15,19.15,19.15,19.15,1.0
2016-03-22,19.12,19.12,19.12,19.12,1.0
2016-03-23,19.29,19.29,19.29,19.29,1.0
2016-03-28,19.05,19.05,19.05,19.05,1.0
2016-03-29,19.11,19.11,19.11,19.11,1.0
2016-03-30,19.37,19.37,19.37,19.37,1.0
2016-03-31,19.55,19.55,19.55,19.55,1.0
2016-04-01,19.53,19.53,19.53,19.53,1.0
2016-04-04,19.69,19.69,19.69,19.69,1.0
2016-04-05,19.59,19.59,19.59,19.59,1.0
2016-04-06,19.74,19.74,19.74,19.74,1.0
2016-04-07,19.66,19.66,19.66,19.66,1.0
2016-04-08,19.81,19.81,19.81,19.81,1.0
2016-04-11,19.9,19.9,19.9,19.9,1.0
2016-04-12,20.04,20.04,20.04,20.04,1.0
2016-04-13,20.21,20.21,20.21,20.21,1.0
2016-04-18,20.44,20.44,20.44,20.44,1.0
2016-04-20,20.6,20.6,20.6,20.6,1.0
2016-04-21,20.53,20.53,20.53,20.53,1.0
2016-04-22,20.47,20.47,20.47,20.47,1.0
2016-04-25,20.31,20.31,20.31,20.31,1.0
2016-04-26,20.44,20.44,20.44,20.44,1.0
2016-04-27,20.44,20.44,20.44,20.44,1.0
2016-04-28,20.29,20.29,20.29,20.29,1.0
2016-04-29,20.4,20.4,20.4,20.4,1.0
2016-05-02,20.56,20.56,20.56,20.56,1.0
2016-05-03,20.44,20.44,20.44,20.44,1.0
2016-05-04,20.43,20.43,20.43,20.43,1.0
2016-05-05,20.42,20.42,20.42,20.42,1.0
2016-05-06,20.54,20.54,20.54,20.54,1.0
2016-05-09,20.61,20.61,20.61,20.61,1.0
2016-05-10,20.56,20.56,20.56,20.56,1.0
2016-05-11,20.62,20.62,20.62,20.62,1.0
2016-05-12,20.77,20.77,20.77,20.77,1.0
2016-05-13,20.8,20.8,20.8,20.8,1.0
2016-05-16,20.82,20.82,20.82,20.82,1.0
2016-05-17,20.83,20.83,20.83,20.83,1.0
2016-05-18,20.87,20.87,20.87,20.87,1.0
2016-05-19,20.61,20.61,20.61,20.61,1.0
2016-05-20,20.34,20.34,20.34,20.34,1.0
2016-05-23,20.23,20.23,20.23,20.23,1.0
2016-05-24,20.15,20.15,20.15,20.15,1.0
2016-05-25,20.31,20.31,20.31,20.31,1.0
2016-05-26,20.42,20.42,20.42,20.42,1.0
2016-05-27,20.51,20.51,20.51,20.51,1.0
2016-05-30,20.6,20.6,20.6,20.6,1.0
2016-05-31,20.66,20.66,20.66,20.66,1.0
2016-06-01,20.74,20.74,20.74,20.74,1.0
2016-06-02,20.81,20.81,20.81,20.81,1.0
2016-06-03,20.7,20.7,20.7,20.7,1.0
2016-06-06,20.73,20.73,20.73,20.73,1.0
2016-06-07,20.8,20.8,20.8,20.8,1.0
2016-06-08,20.97,20.97,20.97,20.97,1.0
2016-06-09,20.94,20.94,20.94,20.94,1.0
2016-06-10,20.89,20.89,20.89,20.89,1.0
2016-06-13,20.8,20.8,20.8,20.8,1.0
2016-06-14,20.87,20.87,20.87,20.87,1.0
2016-06-15,21.01,21.01,21.01,21.01,1.0
2016-06-16,20.89,20.89,20.89,20.89,1.0
2016-06-17,20.94,20.94,20.94,20.94,1.0
2016-06-20,20.9,20.9,20.9,20.9,1.0
2016-06-21,20.96,20.96,20.96,20.96,1.0
2016-06-22,20.92,20.92,20.92,20.92,1.0
2016-06-23,20.89,20.89,20.89,20.89,1.0
2016-06-24,20.68,20.68,20.68,20.68,1.0
2016-06-27,20.97,20.97,20.97,20.97,1.0
2016-06-28,21.09,21.09,21.09,21.09,1.0
2016-06-29,21.31,21.31,21.31,21.31,1.0
2016-06-30,21.57,21.57,21.57,21.57,1.0
2016-07-01,21.74,21.74,21.74,21.74,1.0
2016-07-04,21.86,21.86,21.86,21.86,1.0
2016-07-05,21.82,21.82,21.82,21.82,1.0
2016-07-07,21.76,21.76,21.76,21.76,1.0
2016-07-08,21.66,21.66,21.66,21.66,1.0
2016-07-11,21.74,21.74,21.74,21.74,1.0
2016-07-12,21.75,21.75,21.75,21.75,1.0
2016-07-13,21.61,21.61,21.61,21.61,1.0
2016-07-14,21.7,21.7,21.7,21.7,1.0
2016-07-15,21.48,21.48,21.48,21.48,1.0
2016-07-18,21.5,21.5,21.5,21.5,1.0
2016-07-19,21.48,21.48,21.48,21.48,1.0
2016-07-20,21.67,21.67,21.67,21.67,1.0
2016-07-21,21.7,21.7,21.7,21.7,1.0
2016-07-22,21.82,21.82,21.82,21.82,1.0
2016-07-25,21.97,21.97,21.97,21.97,1.0
2016-07-26,21.9,21.9,21.9,21.9,1.0
2016-07-27,22.01,22.01,22.01,22.01,1.0
2016-07-28,22.19,22.19,22.19,22.19,1.0
2016-07-29,22.29,22.29,22.29,22.29,1.0
2016-08-01,22.28,22.28,22.28,22.28,1.0
2016-08-02,22.16,22.16,22.16,22.16,1.0
2016-08-03,22.06,22.06,22.06,22.06,1.0
2016-08-04,22.1,22.1,22.1,22.1,1.0
2016-08-05,22.38,22.38,22.38,22.38,1.0
2016-08-08,22.53,22.53,22.53,22.53,1.0
2016-08-09,22.47,22.47,22.47,22.47,1.0
2016-08-10,22.24,22.24,22.24,22.24,1.0
2016-08-11,22.22,22.22,22.22,22.22,1.0
2016-08-12,22.1,22.1,22.1,22.1,1.0
2016-08-16,22.06,22.06,22.06,22.06,1.0
2016-08-17,22.13,22.13,22.13,22.13,1.0
2016-08-18,22.33,22.33,22.33,22.33,1.0
2016-08-19,22.53,22.53,22.53,22.53,1.0
2016-08-22,22.47,22.47,22.47,22.47,1.0
2016-08-23,22.51,22.51,22.51,22.51,1.0
2016-08-24,22.67,22.67,22.67,22.67,1.0
2016-08-25,22.74,22.74,22.74,22.74,1.0
2016-08-26,22.98,22.98,22.98,22.98,1.0
2016-08-29,22.99,22.99,22.99,22.99,1.0
2016-08-30,23.15,23.15,23.15,23.15,1.0
2016-08-31,23.19,23.19,23.19,23.19,1.0
2016-09-01,23.04,23.04,23.04,23.04,1.0
2016-09-02,23.02,23.02,23.02,23.02,1.0
2016-09-06,23.16,23.16,23.16,23.16,1.0
2016-09-07,23.14,23.14,23.14,23.14,1.0
2016-09-08,23.16,23.16,23.16,23.16,1.0
2016-09-09,23.04,23.04,23.04,23.04,1.0
2016-09-12,22.61,22.61,22.61,22.61,1.0
2016-09-14,22.84,22.84,22.84,22.84,1.0
2016-09-15,22.91,22.91,22.91,22.91,1.0
2016-09-16,22.92,22.92,22.92,22.92,1.0
2016-09-19,22.89,22.89,22.89,22.89,1.0
2016-09-20,22.87,22.87,22.87,22.87,1.0
2016-09-21,22.9,22.9,22.9,22.9,1.0
2016-09-22,23.06,23.06,23.06,23.06,1.0
2016-09-23,23.06,23.06,23.06,23.06,1.0
2016-09-26,23.1,23.1,23.1,23.1,1.0
2016-09-27,23.08,23.08,23.08,23.08,1.0
2016-09-28,23.22,23.22,23.22,23.22,1.0
2016-09-29,22.67,22.67,22.67,22.67,1.0
2016-09-30,22.93,22.93,22.93,22.93,1.0
2016-10-03,23.31,23.31,23.31,23.31,1.0
2016-10-04,23.39,23.39,23.39,23.39,1.0
2016-10-05,23.47,23.47,23.47,23.47,1.0
2016-10-06,23.42,23.42,23.42,23.42,1.0
2016-10-07,23.36,23.36,23.36,23.36,1.0
2016-10-10,23.43,23.43,23.43,23.43,1.0
2016-10-13,23.3,23.3,23.3,23.3,1.0
2016-10-14,23.53,23.53,23.53,23.53,1.0
2016-10-17,23.33,23.33,23.33,23.33,1.0
2016-10-18,23.46,23.46,23.46,23.46,1.0
2016-10-19,23.71,23.71,23.71,23.71,1.0
2016-10-20,23.73,23.73,23.73,23.73,1.0
2016-10-21,23.85,23.85,23.85,23.85,1.0
2016-10-24,23.89,23.89,23.89,23.89,1.0
2016-10-25,23.81,23.81,23.81,23.81,1.0
2016-10-26,23.67,23.67,23.67,23.67,1.0
2016-10-27,23.54,23.54,23.54,23.54,1.0
2016-10-28,23.78,23.78,23.78,23.78,1.0
2016-11-01,23.92,23.92,23.92,23.92,1.0
2016-11-02,23.69,23.69,23.69,23.69,1.0
2016-11-03,23.46,23.46,23.46,23.46,1.0
2016-11-04,23.28,23.28,23.28,23.28,1.0
2016-11-07,23.45,23.45,23.45,23.45,1.0
2016-11-08,23.61,23.61,23.61,23.61,1.0
2016-11-09,23.11,23.11,23.11,23.11,1.0
2016-11-10,23.2,23.2,23.2,23.2,1.0
2016-11-11,22.66,22.66,22.66,22.66,1.0
2016-11-15,21.92,21.92,21.92,21.92,1.0
2016-11-16,21.96,21.96,21.96,21.96,1.0
2016-11-17,21.95,21.95,21.95,21.95,1.0
2016-11-18,22.03,22.03,22.03,22.03,1.0
2016-11-21,21.58,21.58,21.58,21.58,1.0
2016-11-22,21.72,21.72,21.72,21.72,1.0
2016-11-23,21.83,21.83,21.83,21.83,1.0
2016-11-24,21.67,21.67,21.67,21.67,1.0
2016-11-25,21.92,21.92,21.92,21.92,1.0
2016-11-28,22.04,22.04,22.04,22.04,1.0
2016-11-29,22.16,22.16,22.16,22.16,1.0
2016-11-30,22.38,22.38,22.38,22.38,1.0
2016-12-01,22.33,22.33,22.33,22.33,1.0
2016-12-02,22.04,22.04,22.04,22.04,1.0
2016-12-05,22.0,22.0,22.0,22.0,1.0
2016-12-06,21.99,21.99,21.99,21.99,1.0
2016-12-07,22.0,22.0,22.0,22.0,1.0
2016-12-08,22.21,22.21,22.21,22.21,1.0
2016-12-09,22.24,22.24,22.24,22.24,1.0
2016-12-12,22.04,22.04,22.04,22.04,1.0
2016-12-13,21.97,21.97,21.97,21.97,1.0
2016-12-14,21.84,21.84,21.84,21.84,1.0
2016-12-15,21.91,21.91,21.91,21.91,1.0
2016-12-16,21.99,21.99,21.99,21.99,1.0
2016-12-19,21.88,21.88,21.88,21.88,1.0
2016-12-20,21.8,21.8,21.8,21.8,1.0
2016-12-21,21.79,21.79,21.79,21.79,1.0
2016-12-22,21.61,21.61,21.61,21.61,1.0
2016-12-23,21.63,21.63,21.63,21.63,1.0
2016-12-26,21.41,21.41,21.41,21.41,1.0
2016-12-27,21.71,21.71,21.71,21.71,1.0
2016-12-28,21.82,21.82,21.82,21.82,1.0
2016-12-29,22.0,22.0,22.0,22.0,1.0
2016-12-30,22.1,22.1,22.1,22.1,1.0
2017-01-02,22.27,22.27,22.27,22.27,1.0
2017-01-03,22.42,22.42,22.42,22.42,1.0
2017-01-04,22.43,22.43,22.43,22.43,1.0
2017-01-05,22.45,22.45,22.45,22.45,1.0
2017-01-06,22.39,22.39,22.39,22.39,1.0
2017-01-09,22.42,22.42,22.42,22.42,1.0
2017-01-10,22.39,22.39,22.39,22.39,1.0
2017-01-11,22.53,22.53,22.53,22.53,1.0
2017-01-12,22.54,22.54,22.54,22.54,1.0
2017-01-13,22.45,22.45,22.45,22.45,1.0
2017-01-16,22.46,22.46,22.46,22.46,1.0
2017-01-17,22.56,22.56,22.56,22.56,1.0
2017-01-18,22.65,22.65,22.65,22.65,1.0
2017-01-19,22.77,22.77,22.77,22.77,1.0
2017-01-20,22.66,22.66,22.66,22.66,1.0
2017-01-23,22.69,22.69,22.69,22.69,1.0
2017-01-24,22.88,22.88,22.88,22.88,1.0
2017-01-25,23.13,23.13,23.13,23.13,1.0
2017-01-27,23.26,23.26,23.26,23.26,1.0
2017-01-30,23.12,23.12,23.12,23.12,1.0
2017-01-31,22.99,22.99,22.99,22.99,1.0
2017-02-01,23.21,23.21,23.21,23.21,1.0
2017-02-02,23.49,23.49,23.49,23.49,1.0
2017-02-03,23.65,23.65,23.65,23.65,1.0
2017-02-06,23.81,23.81,23.81,23.81,1.0
2017-02-07,23.85,23.85,23.85,23.85,1.0
2017-02-08,23.84,23.84,23.84,23.84,1.0
2017-02-09,23.75,23.75,23.75,23.75,1.0
2017-02-10,23.92,23.92,23.92,23.92,1.0
2017-02-13,23.84,23.84,23.84,23.84,1.0
2017-02-14,23.81,23.81,23.81,23.81,1.0
2017-02-15,23.67,23.67,23.67,23.67,1.0
2017-02-16,23.87,23.87,23.87,23.87,1.0
2017-02-17,23.82,23.82,23.82,23.82,1.0
2017-02-20,23.98,23.98,23.98,23.98,1.0
2017-02-21,23.96,23.96,23.96,23.96,1.0
2017-02-22,23.8,23.8,23.8,23.8,1.0
2017-02-23,23.93,23.93,23.93,23.93,1.0
2017-02-27,23.85,23.85,23.85,23.85,1.0
2017-02-28,23.86,23.86,23.86,23.86,1.0
2017-03-01,23.93,23.93,23.93,23.93,1.0
2017-03-02,23.66,23.66,23.66,23.66,1.0
2017-03-03,23.69,23.69,23.69,23.69,1.0
2017-03-06,23.61,23.61,23.61,23.61,1.0
2017-03-07,23.56,23.56,23.56,23.56,1.0
2017-03-08,23.48,23.48,23.48,23.48,1.0
2017-03-09,23.45,23.45,23.45,23.45,1.0
2017-03-10,23.32,23.32,23.32,23.32,1.0
2017-03-14,23.56,23.56,23.56,23.56,1.0
2017-03-15,23.78,23.78,23.78,23.78,1.0
2017-03-16,23.95,23.95,23.95,23.95,1.0
2017-03-17,24.11,24.11,24.11,24.11,1.0
2017-03-20,24.27,24.27,24.27,24.27,1.0
2017-03-21,24.31,24.31,24.31,24.31,1.0
2017-03-22,24.16,24.16,24.16,24.16,1.0
2017-03-23,24.26,24.26,24.26,24.26,1.0
2017-03-24,24.31,24.31,24.31,24.31,1.0
2017-03-27,24.38,24.38,24.38,24.38,1.0
2017-03-28,24.58,24.58,24.58,24.58,1.0
2017-03-29,24.66,24.66,24.66,24.66,1.0
2017-03-30,24.74,24.74,24.74,24.74,1.0
2017-03-31,24.97,24.97,24.97,24.97,1.0
2017-04-03,25.13,25.13,25.13,25.13,1.0
2017-04-05,25.14,25.14,25.14,25.14,1.0
2017-04-06,25.09,25.09,25.09,25.09,1.0
2017-04-07,25.13,25.13,25.13,25.13,1.0
2017-04-10,25.16,25.16,25.16,25.16,1.0
2017-04-11,25.39,25.39,25.39,25.39,1.0
2017-04-12,25.26,25.26,25.26,25.26,1.0
2017-04-13,25.41,25.41,25.41,25.41,1.0
2017-04-17,25.43,25.43,25.43,25.43,1.0
2017-04-18,25.29,25.29,25.29,25.29,1.0
2017-04-19,25.26,25.26,25.26,25.26,1.0
2017-04-20,25.49,25.49,25.49,25.49,1.0
2017-04-21,25.49,25.49,25.49,25.49,1.0
2017-04-24,25.82,25.82,25.82,25.82,1.0
2017-04-25,25.87,25.87,25.87,25.87,1.0
2017-04-26,25.85,25.85,25.85,25.85,1.0
2017-04-27,25.69,25.69,25.69,25.69,1.0
2017-04-28,25.76,25.76,25.76,25.76,1.0
2017-05-02,25.74,25.74,25.74,25.74,1.0
2017-05-03,25.75,25.75,25.75,25.75,1.0
2017-05-04,25.78,25.78,25.78,25.78,1.0
2017-05-05,25.61,25.61,25.61,25.61,1.0
2017-05-08,25.54,25.54,25.54,25.54,1.0
2017-05-09,25.6,25.6,25.6,25.6,1.0
2017-05-10,25.85,25.85,25.85,25.85,1.0
2017-05-11,25.78,25.78,25.78,25.78,1.0
2017-05-12,25.62,25.62,25.62,25.62,1.0
2017-05-15,25.79,25.79,25.79,25.79,1.0
2017-05-16,25.82,25.82,25.82,25.82,1.0
2017-05-17,25.82,25.82,25.82,25.82,1.0
2017-05-18,25.51,25.51,25.51,25.51,1.0
2017-05-19,25.2,25.2,25.2,25.2,1.0
2017-05-22,25.07,25.07,25.07,25.07,1.0
2017-05-23,24.9,24.9,24.9,24.9,1.0
2017-05-24,24.8,24.8,24.8,24.8,1.0
2017-05-25,24.95,24.95,24.95,24.95,1.0
2017-05-26,25.18,25.18,25.18,25.18,1.0
2017-05-29,25.01,25.01,25.01,25.01,1.0
2017-05-30,25.09,25.09,25.09,25.09,1.0
2017-05-31,25.43,25.43,25.43,25.43,1.0
2017-06-01,25.6,25.6,25.6,25.6,1.0
2017-06-02,25.65,25.65,25.65,25.65,1.0
2017-06-05,25.75,25.75,25.75,25.75,1.0
2017-06-06,25.65,25.65,25.65,25.65,1.0
2017-06-07,25.8,25.8,25.8,25.8,1.0
2017-06-08,25.9,25.9,25.9,25.9,1.0
2017-06-09,26.01,26.01,26.01,26.01,1.0
2017-06-12,25.99,25.99,25.99,25.99,1.0
2017-06-13,26.08,26.08,26.08,26.08,1.0
2017-06-14,26.33,26.33,26.33,26.33,1.0
2017-06-15,26.34,26.34,26.34,26.34,1.0
2017-06-16,26.44,26.44,26.44,26.44,1.0
2017-06-19,26.39,26.39,26.39,26.39,1.0
2017-06-20,26.59,26.59,26.59,26.59,1.0
2017-06-21,26.55,26.55,26.55,26.55,1.0
2017-06-22,26.32,26.32,26.32,26.32,1.0
2017-06-23,26.02,26.02,26.02,26.02,1.0
2017-06-27,25.82,25.82,25.82,25.82,1.0
2017-06-28,25.79,25.79,25.79,25.79,1.0
2017-06-29,25.93,25.93,25.93,25.93,1.0
2017-06-30,26.21,26.21,26.21,26.21,1.0
2017-07-03,26.51,26.51,26.51,26.51,1.0
2017-07-04,26.5,26.5,26.5,26.5,1.0
2017-07-05,26.67,26.67,26.67,26.67,1.0
2017-07-06,26.7,26.7,26.7,26.7,1.0
2017-07-07,26.74,26.74,26.74,26.74,1.0
2017-07-10,26.76,26.76,26.76,26.76,1.0
2017-07-11,26.63,26.63,26.63,26.63,1.0
2017-07-12,26.77,26.77,26.77,26.77,1.0
2017-07-13,26.99,26.99,26.99,26.99,1.0
2017-07-14,26.87,26.87,26.87,26.87,1.0
2017-07-17,26.77,26.77,26.77,26.77,1.0
2017-07-18,26.47,26.47,26.47,26.47,1.0
2017-07-19,26.7,26.7,26.7,26.7,1.0
2017-07-20,26.67,26.67,26.67,26.67,1.0
2017-07-21,26.72,26.72,26.72,26.72,1.0
2017-07-24,26.73,26.73,26.73,26.73,1.0
2017-07-25,26.85,26.85,26.85,26.85,1.0
2017-07-26,26.83,26.83,26.83,26.83,1.0
2017-07-27,26.88,26.88,26.88,26.88,1.0
2017-07-28,26.86,26.86,26.86,26.86,1.0
2017-07-31,27.05,27.05,27.05,27.05,1.0
2017-08-01,26.95,26.95,26.95,26.95,1.0
2017-08-02,26.88,26.88,26.88,26.88,1.0
2017-08-03,26.67,26.67,26.67,26.67,1.0
2017-08-04,26.57,26.57,26.57,26.57,1.0
2017-08-07,26.89,26.89,26.89,26.89,1.0
2017-08-08,26.74,26.74,26.74,26.74,1.0
2017-08-09,26.29,26.29,26.29,26.29,1.0
2017-08-10,25.6,25.6,25.6,25.6,1.0
2017-08-11,25.59,25.59,25.59,25.59,1.0
2017-08-14,26.1,26.1,26.1,26.1,1.0
2017-08-16,26.35,26.35,26.35,26.35,1.0
2017-08-17,26.38,26.38,26.38,26.38,1.0
2017-08-18,26.17,26.17,26.17,26.17,1.0
2017-08-21,25.99,25.99,25.99,25.99,1.0
2017-08-22,25.94,25.94,25.94,25.94,1.0
2017-08-23,26.12,26.12,26.12,26.12,1.0
2017-08-24,26.17,26.17,26.17,26.17,1.0
2017-08-28,26.39,26.39,26.39,26.39,1.0
2017-08-29,26.26,26.26,26.26,26.26,1.0
2017-08-30,26.43,26.43,26.43,26.43,1.0
2017-08-31,26.59,26.59,26.59,26.59,1.0
2017-09-01,26.65,26.65,26.65,26.65,1.0
2017-09-04,26.46,26.46,26.46,26.46,1.0
2017-09-05,26.83,26.83,26.83,26.83,1.0
2017-09-06,26.78,26.78,26.78,26.78,1.0
2017-09-07,26.86,26.86,26.86,26.86,1.0
2017-09-08,26.99,26.99,26.99,26.99,1.0
2017-09-11,27.1,27.1,27.1,27.1,1.0
2017-09-12,27.34,27.34,27.34,27.34,1.0
2017-09-13,27.15,27.15,27.15,27.15,1.0
2017-09-14,27.18,27.18,27.18,27.18,1.0
2017-09-15,27.26,27.26,27.26,27.26,1.0
2017-09-18,27.42,27.42,27.42,27.42,1.0
2017-09-19,27.56,27.56,27.56,27.56,1.0
2017-09-20,27.45,27.45,27.45,27.45,1.0
2017-09-21,27.41,27.41,27.41,27.41,1.0
2017-09-22,26.9,26.9,26.9,26.9,1.0
2017-09-25,26.49,26.49,26.49,26.49,1.0
2017-09-26,26.55,26.55,26.55,26.55,1.0
2017-09-27,26.16,26.16,26.16,26.16,1.0
2017-09-28,26.39,26.39,26.39,26.39,1.0
2017-09-29,26.72,26.72,26.72,26.72,1.0
2017-10-03,26.82,26.82,26.82,26.82,1.0
2017-10-04,26.94,26.94,26.94,26.94,1.0
2017-10-05,27.0,27.0,27.0,27.0,1.0
2017-10-06,27.3,27.3,27.3,27.3,1.0
2017-10-09,27.22,27.22,27.22,27.22,1.0
2017-10-10,27.41,27.41,27.41,27.41,1.0
2017-10-11,27.31,27.31,27.31,27.31,1.0
2017-10-12,27.54,27.54,27.54,27.54,1.0
2017-10-13,27.61,27.61,27.61,27.61,1.0
2017-10-16,27.75,27.75,27.75,27.75,1.0
2017-10-17,27.64,27.64,27.64,27.64,1.0
2017-10-18,27.7,27.7,27.7,27.7,1.0
2017-10-23,27.87,27.87,27.87,27.87,1.0
2017-10-24,27.86,27.86,27.86,27.86,1.0
2017-10-25,27.85,27.85,27.85,27.85,1.0
2017-10-26,27.81,27.81,27.81,27.81,1.0
2017-10-27,27.98,27.98,27.98,27.98,1.0
2017-10-30,28.39,28.39,28.39,28.39,1.0
2017-10-31,28.41,28.41,28.41,28.41,1.0
2017-11-01,28.61,28.61,28.61,28.61,1.0
2017-11-02,28.54,28.54,28.54,28.54,1.0
2017-11-03,28.62,28.62,28.62,28.62,1.0
2017-11-06,28.67,28.67,28.67,28.67,1.0
2017-11-07,28.53,28.53,28.53,28.53,1.0
2017-11-08,28.44,28.44,28.44,28.44,1.0
2017-11-09,28.58,28.58,28.58,28.58,1.0
2017-11-10,28.57,28.57,28.57,28.57,1.0
2017-11-13,28.43,28.43,28.43,28.43,1.0
2017-11-14,28.56,28.56,28.56,28.56,1.0
2017-11-15,28.35,28.35,28.35,28.35,1.0
2017-11-16,28.59,28.59,28.59,28.59,1.0
2017-11-17,28.67,28.67,28.67,28.67,1.0
2017-11-20,28.76,28.76,28.76,28.76,1.0
2017-11-21,28.98,28.98,28.98,28.98,1.0
2017-11-22,29.03,29.03,29.03,29.03,1.0
2017-11-23,29.02,29.02,29.02,29.02,1.0
2017-11-24,29.26,29.26,29.26,29.26,1.0
2017-11-27,29.31,29.31,29.31,29.31,1.0
2017-11-28,29.29,29.29,29.29,29.29,1.0
2017-11-29,29.39,29.39,29.39,29.39,1.0
2017-11-30,29.6,29.6,29.6,29.6,1.0
2017-12-01,29.4,29.4,29.4,29.4,1.0
2017-12-04,29.35,29.35,29.35,29.35,1.0
2017-12-05,29.42,29.42,29.42,29.42,1.0
2017-12-06,29.3,29.3,29.3,29.3,1.0
2017-12-07,29.53,29.53,29.53,29.53,1.0
2017-12-08,29.7,29.7,29.7,29.7,1.0
2017-12-11,29.71,29.71,29.71,29.71,1.0
2017-12-12,29.57,29.57,29.57,29.57,1.0
2017-12-13,29.56,29.56,29.56,29.56,1.0
2017-12-14,29.62,29.62,29.62,29.62,1.0
2017-12-15,29.86,29.86,29.86,29.86,1.0
2017-12-18,29.87,29.87,29.87,29.87,1.0
2017-12-19,29.98,29.98,29.98,29.98,1.0
2017-12-20,30.07,30.07,30.07,30.07,1.0
2017-12-21,30.37,30.37,30.37,30.37,1.0
2017-12-22,30.63,30.63,30.63,30.63,1.0
2017-12-26,30.68,30.68,30.68,30.68,1.0
2017-12-27,30.54,30.54,30.54,30.54,1.0
2017-12-28,30.65,30.65,30.65,30.65,1.0
2017-12-29,30.9,30.9,30.9,30.9,1.0
2018-01-01,30.79,30.79,30.79,30.79,1.0
2018-01-02,30.62,30.62,30.62,30.62,1.0
2018-01-03,30.73,30.73,30.73,30.73,1.0
2018-01-04,30.83,30.83,30.83,30.83,1.0
2018-01-05,31.05,31.05,31.05,31.05,1.0
2018-01-08,31.12,31.12,31.12,31.12,1.0
2018-01-09,31.07,31.07,31.07,31.07,1.0
2018-01-10,31.03,31.03,31.03,31.03,1.0
2018-01-11,30.98,30.98,30.98,30.98,1.0
2018-01-12,31.04,31.04,31.04,31.04,1.0
2018-01-15,30.92,30.92,30.92,30.92,1.0
2018-01-16,30.51,30.51,30.51,30.51,1.0
2018-01-17,30.61,30.61,30.61,30.61,1.0
2018-01-18,30.3,30.3,30.3,30.3,1.0
2018-01-19,30.64,30.64,30.64,30.64,1.0
2018-01-22,30.61,30.61,30.61,30.61,1.0
2018-01-23,30.55,30.55,30.55,30.55,1.0
2018-01-24,30.32,30.32,30.32,30.32,1.0
2018-01-25,30.1,30.1,30.1,30.1,1.0
2018-01-29,29.82,29.82,29.82,29.82,1.0
2018-01-30,29.57,29.57,29.57,29.57,1.0
2018-01-31,29.51,29.51,29.51,29.51,1.0
2018-02-01,29.58,29.58,29.58,29.58,1.0
2018-02-02,28.83,28.83,28.83,28.83,1.0
2018-02-05,28.52,28.52,28.52,28.52,1.0
2018-02-06,28.19,28.19,28.19,28.19,1.0
2018-02-07,28.38,28.38,28.38,28.38,1.0
2018-02-08,28.92,28.92,28.92,28.92,1.0
2018-02-09,29.05,29.05,29.05,29.05,1.0
2018-02-12,29.29,29.29,29.29,29.29,1.0
2018-02-14,29.35,29.35,29.35,29.35,1.0
2018-02-15,29.21,29.21,29.21,29.21,1.0
2018-02-16,29.2,29.2,29.2,29.2,1.0
2018-02-19,29.07,29.07,29.07,29.07,1.0
2018-02-20,29.12,29.12,29.12,29.12,1.0
2018-02-21,29.03,29.03,29.03,29.03,1.0
2018-02-22,28.85,28.85,28.85,28.85,1.0
2018-02-23,29.13,29.13,29.13,29.13,1.0
2018-02-26,29.28,29.28,29.28,29.28,1.0
2018-02-27,29.43,29.43,29.43,29.43,1.0
2018-02-28,29.58,29.58,29.58,29.58,1.0
2018-03-01,29.48,29.48,29.48,29.48,1.0
2018-03-05,29.27,29.27,29.27,29.27,1.0
2018-03-06,29.08,29.08,29.08,29.08,1.0
2018-03-07,28.81,28.81,28.81,28.81,1.0
2018-03-08,28.87,28.87,28.87,28.87,1.0
2018-03-09,28.9,28.9,28.9,28.9,1.0
2018-03-12,28.89,28.89,28.89,28.89,1.0
2018-03-13,29.12,29.12,29.12,29.12,1.0
2018-03-14,29.07,29.07,29.07,29.07,1.0
2018-03-15,29.17,29.17,29.17,29.17,1.0
2018-03-16,28.77,28.77,28.77,28.77,1.0
2018-03-19,28.44,28.44,28.44,28.44,1.0
2018-03-20,28.32,28.32,28.32,28.32,1.0
2018-03-21,28.35,28.35,28.35,28.35,1.0
2018-03-22,28.23,28.23,28.23,28.23,1.0
2018-03-23,28.11,28.11,28.11,28.11,1.0
2018-03-26,28.37,28.37,28.37,28.37,1.0
2018-03-27,28.62,28.62,28.62,28.62,1.0
2018-03-28,28.8,28.8,28.8,28.8,1.0
2018-04-02,29.11,29.11,29.11,29.11,1.0
2018-04-03,29.31,29.31,29.31,29.31,1.0
2018-04-04,29.23,29.23,29.23,29.23,1.0
2018-04-05,29.45,29.45,29.45,29.45,1.0
2018-04-06,29.6,29.6,29.6,29.6,1.0
2018-04-09,29.64,29.64,29.64,29.64,1.0
2018-04-10,29.58,29.58,29.58,29.58,1.0
2018-04-11,29.59,29.59,29.59,29.59,1.0
2018-04-12,29.61,29.61,29.61,29.61,1.0
2018-04-13,29.6,29.6,29.6,29.6,1.0
2018-04-16,29.63,29.63,29.63,29.63,1.0
2018-04-17,29.67,29.67,29.67,29.67,1.0
2018-04-18,29.57,29.57,29.57,29.57,1.0
2018-04-19,29.69,29.69,29.69,29.69,1.0
2018-04-20,29.67,29.67,29.67,29.67,1.0
2018-04-23,29.87,29.87,29.87,29.87,1.0
2018-04-24,29.79,29.79,29.79,29.79,1.0
2018-04-25,29.73,29.73,29.73,29.73,1.0
2018-04-26,29.74,29.74,29.74,29.74,1.0
2018-04-27,29.82,29.82,29.82,29.82,1.0
2018-04-30,30.1,30.1,30.1,30.1,1.0
2018-05-02,29.81,29.81,29.81,29.81,1.0
2018-05-03,29.7,29.7,29.7,29.7,1.0
2018-05-04,29.65,29.65,29.65,29.65,1.0
2018-05-07,29.78,29.78,29.78,29.78,1.0
2018-05-08,29.83,29.83,29.83,29.83,1.0
2018-05-09,29.68,29.68,29.68,29.68,1.0
2018-05-10,29.47,29.47,29.47,29.47,1.0
2018-05-11,29.59,29.59,29.59,29.59,1.0
2018-05-14,29.46,29.46,29.46,29.46,1.0
2018-05-15,29.38,29.38,29.38,29.38,1.0
2018-05-16,29.35,29.35,29.35,29.35,1.0
2018-05-17,29.35,29.35,29.35,29.35,1.0
2018-05-18,29.08,29.08,29.08,29.08,1.0
2018-05-21,28.74,28.74,28.74,28.74,1.0
2018-05-22,28.77,28.77,28.77,28.77,1.0
2018-05-23,28.66,28.66,28.66,28.66,1.0
2018-05-24,28.7,28.7,28.7,28.7,1.0
2018-05-25,28.87,28.87,28.87,28.87,1.0
2018-05-28,29.01,29.01,29.01,29.01,1.0
2018-05-29,29.02,29.02,29.02,29.02,1.0
2018-05-30,29.18,29.18,29.18,29.18,1.0
2018-05-31,29.32,29.32,29.32,29.32,1.0
2018-06-01,28.97,28.97,28.97,28.97,1.0
2018-06-04,28.68,28.68,28.68,28.68,1.0
2018-06-05,28.18,28.18,28.18,28.18,1.0
2018-06-06,28.47,28.47,28.47,28.47,1.0
2018-06-07,28.66,28.66,28.66,28.66,1.0
2018-06-08,28.65,28.65,28.65,28.65,1.0
2018-06-11,28.71,28.71,28.71,28.71,1.0
2018-06-12,28.78,28.78,28.78,28.78,1.0
2018-06-13,28.71,28.71,28.71,28.71,1.0
2018-06-14,28.68,28.68,28.68,28.68,1.0
2018-06-15,28.56,28.56,28.56,28.56,1.0
2018-06-18,28.48,28.48,28.48,28.48,1.0
2018-06-19,28.25,28.25,28.25,28.25,1.0
2018-06-20,28.31,28.31,28.31,28.31,1.0
2018-06-21,28.17,28.17,28.17,28.17,1.0
2018-06-22,28.19,28.19,28.19,28.19,1.0
2018-06-25,27.96,27.96,27.96,27.96,1.0
2018-06-26,27.88,27.88,27.88,27.88,1.0
2018-06-27,27.64,27.64,27.64,27.64,1.0
2018-06-28,27.37,27.37,27.37,27.37,1.0
2018-06-29,27.6,27.6,27.6,27.6,1.0
2018-07-02,27.64,27.64,27.64,27.64,1.0
2018-07-03,27.8,27.8,27.8,27.8,1.0
2018-07-04,27.85,27.85,27.85,27.85,1.0
2018-07-05,27.77,27.77,27.77,27.77,1.0
2018-07-06,27.98,27.98,27.98,27.98,1.0
2018-07-09,28.15,28.15,28.15,28.15,1.0
2018-07-10,28.42,28.42,28.42,28.42,1.0
2018-07-11,28.47,28.47,28.47,28.47,1.0
2018-07-12,28.42,28.42,28.42,28.42,1.0
2018-07-13,28.17,28.17,28.17,28.17,1.0
2018-07-16,27.76,27.76,27.76,27.76,1.0
2018-07-17,27.91,27.91,27.91,27.91,1.0
2018-07-18,27.63,27.63,27.63,27.63,1.0
2018-07-19,27.48,27.48,27.48,27.48,1.0
2018-07-20,27.54,27.54,27.54,27.54,1.0
2018-07-23,28.01,28.01,28.01,28.01,1.0
2018-07-24,28.36,28.36,28.36,28.36,1.0
2018-07-25,28.32,28.32,28.32,28.32,1.0
2018-07-26,28.4,28.4,28.4,28.4,1.0
2018-07-27,28.51,28.51,28.51,28.51,1.0
2018-07-30,28.44,28.44,28.44,28.44,1.0
2018-07-31,28.51,28.51,28.51,28.51,1.0
2018-08-01,28.65,28.65,28.65,28.65,1.0
2018-08-02,28.53,28.53,28.53,28.53,1.0
2018-08-03,28.66,28.66,28.66,28.66,1.0
2018-08-06,28.84,28.84,28.84,28.84,1.0
2018-08-07,28.75,28.75,28.75,28.75,1.0
2018-08-08,28.94,28.94,28.94,28.94,1.0
2018-08-09,29.05,29.05,29.05,29.05,1.0
2018-08-10,28.88,28.88,28.88,28.88,1.0
2018-08-13,28.83,28.83,28.83,28.83,1.0
2018-08-14,29.15,29.15,29.15,29.15,1.0
2018-08-16,28.96,28.96,28.96,28.96,1.0
2018-08-17,29.08,29.08,29.08,29.08,1.0
2018-08-20,29.11,29.11,29.11,29.11,1.0
2018-08-21,29.32,29.32,29.32,29.32,1.0
2018-08-23,29.35,29.35,29.35,29.35,1.0
2018-08-24,29.28,29.28,29.28,29.28,1.0
2018-08-27,29.56,29.56,29.56,29.56,1.0
2018-08-28,29.65,29.65,29.65,29.65,1.0
2018-08-29,29.77,29.77,29.77,29.77,1.0
2018-08-30,29.85,29.85,29.85,29.85,1.0
2018-08-31,29.99,29.99,29.99,29.99,1.0
2018-09-03,29.89,29.89,29.89,29.89,1.0
2018-09-04,29.46,29.46,29.46,29.46,1.0
2018-09-05,29.27,29.27,29.27,29.27,1.0
2018-09-06,29.41,29.41,29.41,29.41,1.0
2018-09-07,29.54,29.54,29.54,29.54,1.0
2018-09-10,29.27,29.27,29.27,29.27,1.0
2018-09-11,29.02,29.02,29.02,29.02,1.0
2018-09-12,29.02,29.02,29.02,29.02,1.0
2018-09-14,29.16,29.16,29.16,29.16,1.0
2018-09-17,29.13,29.13,29.13,29.13,1.0
2018-09-18,28.75,28.75,28.75,28.75,1.0
2018-09-19,28.5,28.5,28.5,28.5,1.0
2018-09-21,28.19,28.19,28.19,28.19,1.0
2018-09-24,27.82,27.82,27.82,27.82,1.0
2018-09-25,27.72,27.72,27.72,27.72,1.0
2018-09-26,27.66,27.66,27.66,27.66,1.0
2018-09-27,27.43,27.43,27.43,27.43,1.0
2018-09-28,27.13,27.13,27.13,27.13,1.0
2018-10-01,26.95,26.95,26.95,26.95,1.0
2018-10-03,26.9,26.9,26.9,26.9,1.0
2018-10-04,26.63,26.63,26.63,26.63,1.0
2018-10-05,26.23,26.23,26.23,26.23,1.0
2018-10-08,26.06,26.06,26.06,26.06,1.0
2018-10-09,25.86,25.86,25.86,25.86,1.0
2018-10-10,26.31,26.31,26.31,26.31,1.0
2018-10-11,25.99,25.99,25.99,25.99,1.0
2018-10-12,26.28,26.28,26.28,26.28,1.0
2018-10-15,26.43,26.43,26.43,26.43,1.0
2018-10-16,26.69,26.69,26.69,26.69,1.0
2018-10-17,26.58,26.58,26.58,26.58,1.0
2018-10-19,26.38,26.38,26.38,26.38,1.0
2018-10-22,26.01,26.01,26.01,26.01,1.0
2018-10-23,25.84,25.84,25.84,25.84,1.0
2018-10-24,25.99,25.99,25.99,25.99,1.0
2018-10-25,26.03,26.03,26.03,26.03,1.0
2018-10-26,26.05,26.05,26.05,26.05,1.0
2018-10-29,26.48,26.48,26.48,26.48,1.0
2018-10-30,26.59,26.59,26.59,26.59,1.0
2018-10-31,26.95,26.95,26.95,26.95,1.0
2018-11-01,26.97,26.97,26.97,26.97,1.0
2018-11-02,27.15,27.15,27.15,27.15,1.0
2018-11-05,27.12,27.12,27.12,27.12,1.0
2018-11-06,27.16,27.16,27.16,27.16,1.0
2018-11-09,27.32,27.32,27.32,27.32,1.0
2018-11-12,27.21,27.21,27.21,27.21,1.0
2018-11-13,27.32,27.32,27.32,27.32,1.0
2018-11-14,27.32,27.32,27.32,27.32,1.0
2018-11-15,27.38,27.38,27.38,27.38,1.0
2018-11-16,27.45,27.45,27.45,27.45,1.0
2018-11-19,27.55,27.55,27.55,27.55,1.0
2018-11-20,27.39,27.39,27.39,27.39,1.0
2018-11-21,27.37,27.37,27.37,27.37,1.0
2018-11-22,27.31,27.31,27.31,27.31,1.0
2018-11-26,27.34,27.34,27.34,27.34,1.0
2018-11-27,27.46,27.46,27.46,27.46,1.0
2018-11-28,27.46,27.46,27.46,27.46,1.0
2018-11-29,27.57,27.57,27.57,27.57,1.0
2018-11-30,27.58,27.58,27.58,27.58,1.0
2018-12-03,27.63,27.63,27.63,27.63,1.0
2018-12-04,27.68,27.68,27.68,27.68,1.0
2018-12-05,27.6,27.6,27.6,27.6,1.0
2018-12-06,27.26,27.26,27.26,27.26,1.0
2018-12-07,27.33,27.33,27.33,27.33,1.0
2018-12-10,26.86,26.86,26.86,26.86,1.0
2018-12-11,27.32,27.32,27.32,27.32,1.0
2018-12-12,27.88,27.88,27.88,27.88,1.0
2018-12-13,28.0,28.0,28.0,28.0,1.0
2018-12-14,28.11,28.11,28.11,28.11,1.0
2018-12-17,28.24,28.24,28.24,28.24,1.0
2018-12-18,28.25,28.25,28.25,28.25,1.0
2018-12-19,28.39,28.39,28.39,28.39,1.0
2018-12-20,28.41,28.41,28.41,28.41,1.0
2018-12-21,28.21,28.21,28.21,28.21,1.0
2018-12-24,28.12,28.12,28.12,28.12,1.0
2018-12-26,27.91,27.91,27.91,27.91,1.0
2018-12-27,28.14,28.14,28.14,28.14,1.0
2018-12-28,28.3,28.3,28.3,28.3,1.0
2018-12-31,28.45,28.45,28.45,28.45,1.0
2019-01-01,28.51,28.51,28.51,28.51,1.0
2019-01-02,28.35,28.35,28.35,28.35,1.0
2019-01-03,28.26,28.26,28.26,28.26,1.0
2019-01-04,28.25,28.25,28.25,28.25,1.0
2019-01-07,28.21,28.21,28.21,28.21,1.0
2019-01-08,28.07,28.07,28.07,28.07,1.0
2019-01-09,28.08,28.08,28.08,28.08,1.0
2019-01-10,28.09,28.09,28.09,28.09,1.0
2019-01-11,28.04,28.04,28.04,28.04,1.0
2019-01-14,28.1,28.1,28.1,28.1,1.0
2019-01-15,28.29,28.29,28.29,28.29,1.0
2019-01-16,28.24,28.24,28.24,28.24,1.0
2019-01-17,28.4,28.4,28.4,28.4,1.0
2019-01-18,28.33,28.33,28.33,28.33,1.0
2019-01-21,28.29,28.29,28.29,28.29,1.0
2019-01-22,28.07,28.07,28.07,28.07,1.0
2019-01-23,28.03,28.03,28.03,28.03,1.0
2019-01-24,27.86,27.86,27.86,27.86,1.0
2019-01-25,27.68,27.68,27.68,27.68,1.0
2019-01-28,27.36,27.36,27.36,27.36,1.0
2019-01-29,27.45,27.45,27.45,27.45,1.0
2019-01-30,27.53,27.53,27.53,27.53,1.0
2019-01-31,27.65,27.65,27.65,27.65,1.0
2019-02-01,27.58,27.58,27.58,27.58,1.0
2019-02-04,27.33,27.33,27.33,27.33,1.0
2019-02-05,27.36,27.36,27.36,27.36,1.0
2019-02-06,27.28,27.28,27.28,27.28,1.0
2019-02-07,27.51,27.51,27.51,27.51,1.0
2019-02-08,27.37,27.37,27.37,27.37,1.0
2019-02-11,27.35,27.35,27.35,27.35,1.0
2019-02-12,27.23,27.23,27.23,27.23,1.0
2019-02-13,27.2,27.2,27.2,27.2,1.0
2019-02-14,27.17,27.17,27.17,27.17,1.0
2019-02-15,26.98,26.98,26.98,26.98,1.0
2019-02-18,26.9,26.9,26.9,26.9,1.0
2019-02-19,27.03,27.03,27.03,27.03,1.0
2019-02-20,27.25,27.25,27.25,27.25,1.0
2019-02-21,27.43,27.43,27.43,27.43,1.0
2019-02-22,27.44,27.44,27.44,27.44,1.0
2019-02-25,27.55,27.55,27.55,27.55,1.0
2019-02-26,27.57,27.57,27.57,27.57,1.0
2019-02-27,27.58,27.58,27.58,27.58,1.0
2019-02-28,27.74,27.74,27.74,27.74,1.0
2019-03-01,27.88,27.88,27.88,27.88,1.0
2019-03-05,28.36,28.36,28.36,28.36,1.0
2019-03-06,28.56,28.56,28.56,28.56,1.0
2019-03-07,28.8,28.8,28.8,28.8,1.0
2019-03-08,28.81,28.81,28.81,28.81,1.0
2019-03-11,29.02,29.02,29.02,29.02,1.0
2019-03-12,29.22,29.22,29.22,29.22,1.0
2019-03-13,29.06,29.06,29.06,29.06,1.0
2019-03-14,28.89,28.89,28.89,28.89,1.0
2019-03-15,28.99,28.99,28.99,28.99,1.0
2019-03-18,28.98,28.98,28.98,28.98,1.0
2019-03-19,29.03,29.03,29.03,29.03,1.0
2019-03-20,28.93,28.93,28.93,28.93,1.0
2019-03-22,28.95,28.95,28.95,28.95,1.0
2019-03-25,28.84,28.84,28.84,28.84,1.0
2019-03-26,29.0,29.0,29.0,29.0,1.0
2019-03-27,29.2,29.2,29.2,29.2,1.0
2019-03-28,29.22,29.22,29.22,29.22,1.0
2019-03-29,29.32,29.32,29.32,29.32,1.0
2019-04-01,29.59,29.59,29.59,29.59,1.0
2019-04-02,29.53,29.53,29.53,29.53,1.0
2019-04-03,29.42,29.42,29.42,29.42,1.0
2019-04-04,29.48,29.48,29.48,29.48,1.0
2019-04-05,29.47,29.47,29.47,29.47,1.0
2019-04-08,29.43,29.43,29.43,29.43,1.0
2019-04-09,29.39,29.39,29.39,29.39,1.0
2019-04-10,29.42,29.42,29.42,29.42,1.0
2019-04-11,29.32,29.32,29.32,29.32,1.0
2019-04-12,29.4,29.4,29.4,29.4,1.0
2019-04-15,29.51,29.51,29.51,29.51,1.0
2019-04-16,29.6,29.6,29.6,29.6,1.0
2019-04-18,29.47,29.47,29.47,29.47,1.0
2019-04-22,29.22,29.22,29.22,29.22,1.0
2019-04-23,29.26,29.26,29.26,29.26,1.0
2019-04-24,29.48,29.48,29.48,29.48,1.0
2019-04-25,29.48,29.48,29.48,29.48,1.0
2019-04-26,29.43,29.43,29.43,29.43,1.0
2019-04-30,29.5,29.5,29.5,29.5,1.0
2019-05-02,29.43,29.43,29.43,29.43,1.0
2019-05-03,29.35,29.35,29.35,29.35,1.0
2019-05-06,29.06,29.06,29.06,29.06,1.0
2019-05-07,29.11,29.11,29.11,29.11,1.0
2019-05-08,29.07,29.07,29.07,29.07,1.0
2019-05-09,28.93,28.93,28.93,28.93,1.0
2019-05-10,28.95,28.95,28.95,28.95,1.0
2019-05-13,28.59,28.59,28.59,28.59,1.0
2019-05-14,28.8,28.8,28.8,28.8,1.0
2019-05-15,28.96,28.96,28.96,28.96,1.0
2019-05-16,28.8,28.8,28.8,28.8,1.0
2019-05-17,28.96,28.96,28.96,28.96,1.0
2019-05-20,29.59,29.59,29.59,29.59,1.0
2019-05-21,29.7,29.7,29.7,29.7,1.0
2019-05-22,29.91,29.91,29.91,29.91,1.0
2019-05-23,29.94,29.94,29.94,29.94,1.0
2019-05-24,30.34,30.34,30.34,30.34,1.0
2019-05-27,30.52,30.52,30.52,30.52,1.0
2019-05-28,30.68,30.68,30.68,30.68,1.0
2019-05-29,30.79,30.79,30.79,30.79,1.0
2019-05-30,30.88,30.88,30.88,30.88,1.0
2019-05-31,31.14,31.14,31.14,31.14,1.0
2019-06-03,31.15,31.15,31.15,31.15,1.0
2019-06-04,31.25,31.25,31.25,31.25,1.0
2019-06-06,31.11,31.11,31.11,31.11,1.0
2019-06-07,31.13,31.13,31.13,31.13,1.0
2019-06-10,31.04,31.04,31.04,31.04,1.0
2019-06-11,31.08,31.08,31.08,31.08,1.0
2019-06-12,31.3,31.3,31.3,31.3,1.0
2019-06-13,31.28,31.28,31.28,31.28,1.0
2019-06-14,31.06,31.06,31.06,31.06,1.0
2019-06-17,30.78,30.78,30.78,30.78,1.0
2019-06-18,30.9,30.9,30.9,30.9,1.0
2019-06-19,30.79,30.79,30.79,30.79,1.0
2019-06-20,30.82,30.82,30.82,30.82,1.0
2019-06-21,30.68,30.68,30.68,30.68,1.0
2019-06-24,30.55,30.55,30.55,30.55,1.0
2019-06-25,30.7,30.7,30.7,30.7,1.0
2019-06-26,30.83,30.83,30.83,30.83,1.0
2019-06-27,30.81,30.81,30.81,30.81,1.0
2019-06-28,31.15,31.15,31.15,31.15,1.0
2019-07-01,31.16,31.16,31.16,31.16,1.0
2019-07-02,31.14,31.14,31.14,31.14,1.0
2019-07-03,31.1,31.1,31.1,31.1,1.0
2019-07-04,31.35,31.35,31.35,31.35,1.0
2019-07-05,31.11,31.11,31.11,31.11,1.0
2019-07-08,30.59,30.59,30.59,30.59,1.0
2019-07-09,30.6,30.6,30.6,30.6,1.0
2019-07-10,30.4,30.4,30.4,30.4,1.0
2019-07-11,30.71,30.71,30.71,30.71,1.0
2019-07-12,30.77,30.77,30.77,30.77,1.0
2019-07-15,30.67,30.67,30.67,30.67,1.0
2019-07-16,30.74,30.74,30.74,30.74,1.0
2019-07-17,30.77,30.77,30.77,30.77,1.0
2019-07-18,30.64,30.64,30.64,30.64,1.0
2019-07-19,30.39,30.39,30.39,30.39,1.0
2019-07-22,30.04,30.04,30.04,30.04,1.0
2019-07-23,30.15,30.15,30.15,30.15,1.0
2019-07-24,29.84,29.84,29.84,29.84,1.0
2019-07-25,29.87,29.87,29.87,29.87,1.0
2019-07-26,29.88,29.88,29.88,29.88,1.0
2019-07-29,29.62,29.62,29.62,29.62,1.0
2019-07-30,29.33,29.33,29.33,29.33,1.0
2019-07-31,29.37,29.37,29.37,29.37,1.0
2019-08-01,29.18,29.18,29.18,29.18,1.0
2019-08-02,29.08,29.08,29.08,29.08,1.0
2019-08-05,28.84,28.84,28.84,28.84,1.0
2019-08-06,29.22,29.22,29.22,29.22,1.0
2019-08-07,29.68,29.68,29.68,29.68,1.0
2019-08-08,29.84,29.84,29.84,29.84,1.0
2019-08-09,30.11,30.11,30.11,30.11,1.0
2019-08-13,29.76,29.76,29.76,29.76,1.0
2019-08-14,29.78,29.78,29.78,29.78,1.0
2019-08-16,29.98,29.98,29.98,29.98,1.0
2019-08-19,30.37,30.37,30.37,30.37,1.0
2019-08-20,30.42,30.42,30.42,30.42,1.0
2019-08-21,30.23,30.23,30.23,30.23,1.0
2019-08-22,30.02,30.02,30.02,30.02,1.0
2019-08-23,30.04,30.04,30.04,30.04,1.0
2019-08-26,30.36,30.36,30.36,30.36,1.0
2019-08-27,30.78,30.78,30.78,30.78,1.0
2019-08-28,30.85,30.85,30.85,30.85,1.0
2019-08-29,30.65,30.65,30.65,30.65,1.0
2019-08-30,30.86,30.86,30.86,30.86,1.0
2019-09-03,30.51,30.51,30.51,30.51,1.0
2019-09-04,30.48,30.48,30.48,30.48,1.0
2019-09-05,30.65,30.65,30.65,30.65,1.0
2019-09-06,30.77,30.77,30.77,30.77,1.0
2019-09-09,30.99,30.99,30.99,30.99,1.0
2019-09-11,31.09,31.09,31.09,31.09,1.0
2019-09-12,31.05,31.05,31.05,31.05,1.0
2019-09-13,31.14,31.14,31.14,31.14,1.0
2019-09-16,31.25,31.25,31.25,31.25,1.0
2019-09-17,31.19,31.19,31.19,31.19,1.0
2019-09-18,31.09,31.09,31.09,31.09,1.0
2019-09-19,30.74,30.74,30.74,30.74,1.0
2019-09-20,31.69,31.69,31.69,31.69,1.0
2019-09-23,32.56,32.56,32.56,32.56,1.0
2019-09-24,32.83,32.83,32.83,32.83,1.0
2019-09-25,32.56,32.56,32.56,32.56,1.0
2019-09-26,32.57,32.57,32.57,32.57,1.0
2019-09-27,32.5,32.5,32.5,32.5,1.0
2019-09-30,32.34,32.34,32.34,32.34,1.0
2019-10-01,32.06,32.06,32.06,32.06,1.0
2019-10-03,32.04,32.04,32.04,32.04,1.0
2019-10-04,32.05,32.05,32.05,32.05,1.0
2019-10-07,31.88,31.88,31.88,31.88,1.0
2019-10-09,32.12,32.12,32.12,32.12,1.0
2019-10-10,32.02,32.02,32.02,32.02,1.0
2019-10-11,32.12,32.12,32.12,32.12,1.0
2019-10-14,32.28,32.28,32.28,32.28,1.0
2019-10-15,32.32,32.32,32.32,32.32,1.0
2019-10-16,32.22,32.22,32.22,32.22,1.0
2019-10-17,32.4,32.4,32.4,32.4,1.0
2019-10-18,32.98,32.98,32.98,32.98,1.0
2019-10-22,33.19,33.19,33.19,33.19,1.0
2019-10-23,33.33,33.33,33.33,33.33,1.0
2019-10-24,33.29,33.29,33.29,33.29,1.0
2019-10-25,33.32,33.32,33.32,33.32,1.0
2019-10-29,33.48,33.48,33.48,33.48,1.0
2019-10-30,33.52,33.52,33.52,33.52,1.0
2019-10-31,33.71,33.71,33.71,33.71,1.0
2019-11-01,33.66,33.66,33.66,33.66,1.0
2019-11-04,33.98,33.98,33.98,33.98,1.0
2019-11-05,33.66,33.66,33.66,33.66,1.0
2019-11-06,33.59,33.59,33.59,33.59,1.0
2019-11-07,33.73,33.73,33.73,33.73,1.0
2019-11-08,33.73,33.73,33.73,33.73,1.0
2019-11-11,33.89,33.89,33.89,33.89,1.0
2019-11-13,33.38,33.38,33.38,33.38,1.0
2019-11-14,33.39,33.39,33.39,33.39,1.0
2019-11-15,33.52,33.52,33.52,33.52,1.0
2019-11-18,33.75,33.75,33.75,33.75,1.0
2019-11-19,33.83,33.83,33.83,33.83,1.0
2019-11-20,33.77,33.77,33.77,33.77,1.0
2019-11-21,33.71,33.71,33.71,33.71,1.0
2019-11-22,33.54,33.54,33.54,33.54,1.0
2019-11-25,33.6,33.6,33.6,33.6,1.0
2019-11-26,33.37,33.37,33.37,33.37,1.0
2019-11-27,33.37,33.37,33.37,33.37,1.0
2019-11-28,33.5,33.5,33.5,33.5,1.0
2019-11-29,33.59,33.59,33.59,33.59,1.0
2019-12-02,33.5,33.5,33.5,33.5,1.0
2019-12-03,33.21,33.21,33.21,33.21,1.0
2019-12-04,33.5,33.5,33.5,33.5,1.0
2019-12-05,33.66,33.66,33.66,33.66,1.0
2019-12-06,33.52,33.52,33.52,33.52,1.0
2019-12-09,33.35,33.35,33.35,33.35,1.0
2019-12-10,33.15,33.15,33.15,33.15,1.0
2019-12-11,33.27,33.27,33.27,33.27,1.0
2019-12-12,33.32,33.32,33.32,33.32,1.0
2019-12-13,33.5,33.5,33.5,33.5,1.0
2019-12-16,33.44,33.44,33.44,33.44,1.0
2019-12-17,33.79,33.79,33.79,33.79,1.0
2019-12-18,33.64,33.64,33.64,33.64,1.0
2019-12-19,33.66,33.66,33.66,33.66,1.0
2019-12-20,33.67,33.67,33.67,33.67,1.0
2019-12-23,33.76,33.76,33.76,33.76,1.0
2019-12-24,33.87,33.87,33.87,33.87,1.0
2019-12-26,34.1,34.1,34.1,34.1,1.0
2019-12-27,34.31,34.31,34.31,34.31,1.0
2019-12-30,34.39,34.39,34.39,34.39,1.0
2019-12-31,34.38,34.38,34.38,34.38,1.0
2020-01-01,34.3,34.3,34.3,34.3,1.0
2020-01-02,34.44,34.44,34.44,34.44,1.0
2020-01-03,34.54,34.54,34.54,34.54,1.0
2020-01-06,34.28,34.28,34.28,34.28,1.0
2020-01-07,34.63,34.63,34.63,34.63,1.0
2020-01-08,34.68,34.68,34.68,34.68,1.0
2020-01-09,35.02,35.02,35.02,35.02,1.0
2020-01-10,34.97,34.97,34.97,34.97,1.0
2020-01-13,35.07,35.07,35.07,35.07,1.0
2020-01-14,35.38,35.38,35.38,35.38,1.0
2020-01-15,35.49,35.49,35.49,35.49,1.0
2020-01-16,35.59,35.59,35.59,35.59,1.0
2020-01-17,35.76,35.76,35.76,35.76,1.0
2020-01-20,35.88,35.88,35.88,35.88,1.0
2020-01-21,36.23,36.23,36.23,36.23,1.0
2020-01-22,36.2,36.2,36.2,36.2,1.0
2020-01-23,36.4,36.4,36.4,36.4,1.0
2020-01-24,36.51,36.51,36.51,36.51,1.0
2020-01-27,36.64,36.64,36.64,36.64,1.0
2020-01-28,37.06,37.06,37.06,37.06,1.0
2020-01-29,37.27,37.27,37.27,37.27,1.0
2020-01-30,37.12,37.12,37.12,37.12,1.0
2020-01-31,37.32,37.32,37.32,37.32,1.0
2020-02-03,36.63,36.63,36.63,36.63,1.0
2020-02-04,37.12,37.12,37.12,37.12,1.0
2020-02-05,37.4,37.4,37.4,37.4,1.0
2020-02-06,37.61,37.61,37.61,37.61,1.0
2020-02-07,37.79,37.79,37.79,37.79,1.0
2020-02-10,37.81,37.81,37.81,37.81,1.0
2020-02-11,38.05,38.05,38.05,38.05,1.0
2020-02-12,37.84,37.84,37.84,37.84,1.0
2020-02-13,37.87,37.87,37.87,37.87,1.0
2020-02-14,37.72,37.72,37.72,37.72,1.0
2020-02-17,37.16,37.16,37.16,37.16,1.0
2020-02-18,37.2,37.2,37.2,37.2,1.0
2020-02-19,37.51,37.51,37.51,37.51,1.0
2020-02-20,37.88,37.88,37.88,37.88,1.0
2020-02-24,37.55,37.55,37.55,37.55,1.0
2020-02-25,37.3,37.3,37.3,37.3,1.0
2020-02-26,37.45,37.45,37.45,37.45,1.0
2020-02-27,37.51,37.51,37.51,37.51,1.0
2020-02-28,36.72,36.72,36.72,36.72,1.0
2020-03-02,36.57,36.57,36.57,36.57,1.0
2020-03-03,36.83,36.83,36.83,36.83,1.0
2020-03-04,36.28,36.28,36.28,36.28,1.0
2020-03-05,36.32,36.32,36.32,36.32,1.0
2020-03-06,35.86,35.86,35.86,35.86,1.0
2020-03-09,34.5,34.5,34.5,34.5,1.0
2020-03-11,34.45,34.45,34.45,34.45,1.0
2020-03-12,32.34,32.34,32.34,32.34,1.0
2020-03-13,32.66,32.66,32.66,32.66,1.0
2020-03-16,31.26,31.26,31.26,31.26,1.0
2020-03-17,30.73,30.73,30.73,30.73,1.0
2020-03-18,29.05,29.05,29.05,29.05,1.0
2020-03-19,27.58,27.58,27.58,27.58,1.0
2020-03-20,28.28,28.28,28.28,28.28,1.0
2020-03-23,24.93,24.93,24.93,24.93,1.0
2020-03-24,24.87,24.87,24.87,24.87,1.0
2020-03-25,25.29,25.29,25.29,25.29,1.0
2020-03-26,26.12,26.12,26.12,26.12,1.0
2020-03-27,26.14,26.14,26.14,26.14,1.0
2020-03-30,25.43,25.43,25.43,25.43,1.0
2020-03-31,26.05,26.05,26.05,26.05,1.0
2020-04-01,25.69,25.69,25.69,25.69,1.0
2020-04-03,25.12,25.12,25.12,25.12,1.0
2020-04-07,25.79,25.79,25.79,25.79,1.0
2020-04-08,26.43,26.43,26.43,26.43,1.0
2020-04-09,27.35,27.35,27.35,27.35,1.0
2020-04-13,27.21,27.21,27.21,27.21,1.0
2020-04-15,27.45,27.45,27.45,27.45,1.0
2020-04-16,27.79,27.79,27.79,27.79,1.0
2020-04-17,28.72,28.72,28.72,28.72,1.0
2020-04-20,28.92,28.92,28.92,28.92,1.0
2020-04-21,27.96,27.96,27.96,27.96,1.0
2020-04-22,28.22,28.22,28.22,28.22,1.0
2020-04-23,28.55,28.55,28.55,28.55,1.0
2020-04-24,27.91,27.91,27.91,27.91,1.0
2020-04-27,28.19,28.19,28.19,28.19,1.0
2020-04-28,28.56,28.56,28.56,28.56,1.0
2020-04-29,28.74,28.74,28.74,28.74,1.0
2020-04-30,28.98,28.98,28.98,28.98,1.0
2020-05-04,28.05,28.05,28.05,28.05,1.0
2020-05-05,27.86,27.86,27.86,27.86,1.0
2020-05-06,28.09,28.09,28.09,28.09,1.0
2020-05-07,27.98,27.98,27.98,27.98,1.0
2020-05-08,27.75,27.75,27.75,27.75,1.0
2020-05-11,27.63,27.63,27.63,27.63,1.0
2020-05-12,27.35,27.35,27.35,27.35,1.0
2020-05-13,27.81,27.81,27.81,27.81,1.0
2020-05-14,27.61,27.61,27.61,27.61,1.0
2020-05-15,27.6,27.6,27.6,27.6,1.0
2020-05-18,26.92,26.92,26.92,26.92,1.0
2020-05-19,26.8,26.8,26.8,26.8,1.0
2020-05-20,27.13,27.13,27.13,27.13,1.0
2020-05-21,27.23,27.23,27.23,27.23,1.0
2020-05-22,27.23,27.23,27.23,27.23,1.0
2020-05-26,27.37,27.37,27.37,27.37,1.0
2020-05-27,27.45,27.45,27.45,27.45,1.0
2020-05-28,27.73,27.73,27.73,27.73,1.0
2020-05-29,28.06,28.06,28.06,28.06,1.0
2020-06-01,28.74,28.74,28.74,28.74,1.0
2020-06-02,29.26,29.26,29.26,29.26,1.0
2020-06-03,29.47,29.47,29.47,29.47,1.0
2020-06-04,29.12,29.12,29.12,29.12,1.0
2020-06-05,29.48,29.48,29.48,29.48,1.0
2020-06-08,29.94,29.94,29.94,29.94,1.0
2020-06-09,29.51,29.51,29.51,29.51,1.0
2020-06-10,29.71,29.71,29.71,29.71,1.0
2020-06-11,29.48,29.48,29.48,29.48,1.0
2020-06-12,29.37,29.37,29.37,29.37,1.0
2020-06-15,29.19,29.19,29.19,29.19,1.0
2020-06-16,29.27,29.27,29.27,29.27,1.0
2020-06-17,29.58,29.58,29.58,29.58,1.0
2020-06-18,30.02,30.02,30.02,30.02,1.0
2020-06-19,30.23,30.23,30.23,30.23,1.0
2020-06-22,30.57,30.57,30.57,30.57,1.0
2020-06-23,30.65,30.65,30.65,30.65,1.0
2020-06-24,30.17,30.17,30.17,30.17,1.0
2020-06-25,30.24,30.24,30.24,30.24,1.0
2020-06-26,30.51,30.51,30.51,30.51,1.0
2020-06-29,30.11,30.11,30.11,30.11,1.0
2020-06-30,30.08,30.08,30.08,30.08,1.0
2020-07-01,30.16,30.16,30.16,30.16,1.0
2020-07-02,30.42,30.42,30.42,30.42,1.0
2020-07-03,30.56,30.56,30.56,30.56,1.0
2020-07-06,31.04,31.04,31.04,31.04,1.0
2020-07-07,31.22,31.22,31.22,31.22,1.0
2020-07-08,31.12,31.12,31.12,31.12,1.0
2020-07-09,31.34,31.34,31.34,31.34,1.0
2020-07-10,31.27,31.27,31.27,31.27,1.0
2020-07-13,31.11,31.11,31.11,31.11,1.0
2020-07-14,30.99,30.99,30.99,30.99,1.0
2020-07-15,30.9,30.9,30.9,30.9,1.0
2020-07-16,30.83,30.83,30.83,30.83,1.0
2020-07-17,31.05,31.05,31.05,31.05,1.0
2020-07-20,31.22,31.22,31.22,31.22,1.0
2020-07-21,31.42,31.42,31.42,31.42,1.0
2020-07-22,31.41,31.41,31.41,31.41,1.0
2020-07-23,31.73,31.73,31.73,31.73,1.0
2020-07-24,31.68,31.68,31.68,31.68,1.0
2020-07-27,31.54,31.54,31.54,31.54,1.0
2020-07-28,31.67,31.67,31.67,31.67,1.0
2020-07-29,31.75,31.75,31.75,31.75,1.0
2020-07-30,31.6,31.6,31.6,31.6,1.0
2020-07-31,31.79,31.79,31.79,31.79,1.0
2020-08-03,32.0,32.0,32.0,32.0,1.0
2020-08-04,32.43,32.43,32.43,32.43,1.0
2020-08-05,32.4,32.4,32.4,32.4,1.0
2020-08-06,32.69,32.69,32.69,32.69,1.0
2020-08-07,32.89,32.89,32.89,32.89,1.0
2020-08-10,33.14,33.14,33.14,33.14,1.0
2020-08-11,33.09,33.09,33.09,33.09,1.0
2020-08-12,33.02,33.02,33.02,33.02,1.0
2020-08-13,33.34,33.34,33.34,33.34,1.0
2020-08-14,33.27,33.27,33.27,33.27,1.0
2020-08-17,33.47,33.47,33.47,33.47,1.0
2020-08-18,33.86,33.86,33.86,33.86,1.0
2020-08-19,34.34,34.34,34.34,34.34,1.0
2020-08-20,34.82,34.82,34.82,34.82,1.0
2020-08-21,35.36,35.36,35.36,35.36,1.0
2020-08-24,35.93,35.93,35.93,35.93,1.0
2020-08-25,35.87,35.87,35.87,35.87,1.0
2020-08-26,36.18,36.18,36.18,36.18,1.0
2020-08-27,36.31,36.31,36.31,36.31,1.0
2020-08-28,36.29,36.29,36.29,36.29,1.0
2020-08-31,34.64,34.64,34.64,34.64,1.0
2020-09-01,34.7,34.7,34.7,34.7,1.0
2020-09-02,35.14,35.14,35.14,35.14,1.0
2020-09-03,35.35,35.35,35.35,35.35,1.0
2020-09-04,34.93,34.93,34.93,34.93,1.0
2020-09-07,34.85,34.85,34.85,34.85,1.0
2020-09-08,34.48,34.48,34.48,34.48,1.0
2020-09-09,34.12,34.12,34.12,34.12,1.0
2020-09-10,34.63,34.63,34.63,34.63,1.0
2020-09-11,34.85,34.85,34.85,34.85,1.0
2020-09-14,36.78,36.78,36.78,36.78,1.0
2020-09-15,37.13,37.13,37.13,37.13,1.0
2020-09-16,37.17,37.17,37.17,37.17,1.0
2020-09-17,37.21,37.21,37.21,37.21,1.0
2020-09-18,37.04,37.04,37.04,37.04,1.0
2020-09-21,35.98,35.98,35.98,35.98,1.0
2020-09-22,35.4,35.4,35.4,35.4,1.0
2020-09-23,35.36,35.36,35.36,35.36,1.0
2020-09-24,34.6,34.6,34.6,34.6,1.0
2020-09-25,35.22,35.22,35.22,35.22,1.0
2020-09-28,35.96,35.96,35.96,35.96,1.0
2020-09-29,35.87,35.87,35.87,35.87,1.0
2020-09-30,36.02,36.02,36.02,36.02,1.0
2020-10-01,36.2,36.2,36.2,36.2,1.0
2020-10-05,36.33,36.33,36.33,36.33,1.0
2020-10-06,36.5,36.5,36.5,36.5,1.0
2020-10-07,36.34,36.34,36.34,36.34,1.0
2020-10-08,36.41,36.41,36.41,36.41,1.0
2020-10-09,36.45,36.45,36.45,36.45,1.0
2020-10-12,36.57,36.57,36.57,36.57,1.0
2020-10-13,36.59,36.59,36.59,36.59,1.0
2020-10-14,36.45,36.45,36.45,36.45,1.0
2020-10-15,35.97,35.97,35.97,35.97,1.0
2020-10-16,36.31,36.31,36.31,36.31,1.0
2020-10-19,36.49,36.49,36.49,36.49,1.0
2020-10-20,36.76,36.76,36.76,36.76,1.0
2020-10-21,36.86,36.86,36.86,36.86,1.0
2020-10-22,36.97,36.97,36.97,36.97,1.0
2020-10-23,37.15,37.15,37.15,37.15,1.0
2020-10-26,36.7,36.7,36.7,36.7,1.0
2020-10-27,36.85,36.85,36.85,36.85,1.0
2020-10-28,36.78,36.78,36.78,36.78,1.0
2020-10-29,36.51,36.51,36.51,36.51,1.0
2020-10-30,36.63,36.63,36.63,36.63,1.0
2020-11-02,36.43,36.43,36.43,36.43,1.0
2020-11-03,36.66,36.66,36.66,36.66,1.0
2020-11-04,36.85,36.85,36.85,36.85,1.0
2020-11-05,37.58,37.58,37.58,37.58,1.0
2020-11-06,37.64,37.64,37.64,37.64,1.0
2020-11-09,37.89,37.89,37.89,37.89,1.0
2020-11-10,37.58,37.58,37.58,37.58,1.0
2020-11-11,37.58,37.58,37.58,37.58,1.0
2020-11-12,37.92,37.92,37.92,37.92,1.0
2020-11-13,38.39,38.39,38.39,38.39,1.0
2020-11-17,39.51,39.51,39.51,39.51,1.0
2020-11-18,39.91,39.91,39.91,39.91,1.0
2020-11-19,39.74,39.74,39.74,39.74,1.0
2020-11-20,39.93,39.93,39.93,39.93,1.0
2020-11-23,40.25,40.25,40.25,40.25,1.0
2020-11-24,40.54,40.54,40.54,40.54,1.0
2020-11-25,39.91,39.91,39.91,39.91,1.0
2020-11-26,39.85,39.85,39.85,39.85,1.0
2020-11-27,40.64,40.64,40.64,40.64,1.0
2020-12-01,40.91,40.91,40.91,40.91,1.0
2020-12-02,41.09,41.09,41.09,41.09,1.0
2020-12-03,41.39,41.39,41.39,41.39,1.0
2020-12-04,41.5,41.5,41.5,41.5,1.0
2020-12-07,41.84,41.84,41.84,41.84,1.0
2020-12-08,41.61,41.61,41.61,41.61,1.0
2020-12-09,41.63,41.63,41.63,41.63,1.0
2020-12-10,41.32,41.32,41.32,41.32,1.0
2020-12-11,41.34,41.34,41.34,41.34,1.0
2020-12-14,41.44,41.44,41.44,41.44,1.0
2020-12-15,41.64,41.64,41.64,41.64,1.0
2020-12-16,42.05,42.05,42.05,42.05,1.0
2020-12-17,41.99,41.99,41.99,41.99,1.0
2020-12-18,41.91,41.91,41.91,41.91,1.0
2020-12-21,40.58,40.58,40.58,40.58,1.0
2020-12-22,40.89,40.89,40.89,40.89,1.0
2020-12-23,41.78,41.78,41.78,41.78,1.0
2020-12-24,42.17,42.17,42.17,42.17,1.0
2020-12-28,42.62,42.62,42.62,42.62,1.0
2020-12-29,42.67,42.67,42.67,42.67,1.0
2020-12-30,42.83,42.83,42.83,42.83,1.0
2020-12-31,42.83,42.83,42.83,42.83,1.0
2021-01-01,43.11,43.11,43.11,43.11,1.0
2021-01-04,43.63,43.63,43.63,43.63,1.0
2021-01-05,44.05,44.05,44.05,44.05,1.0
2021-01-06,43.96,43.96,43.96,43.96,1.0
2021-01-07,44.34,44.34,44.34,44.34,1.0
2021-01-08,44.68,44.68,44.68,44.68,1.0
2021-01-11,44.64,44.64,44.64,44.64,1.0
2021-01-12,44.64,44.64,44.64,44.64,1.0
2021-01-13,44.66,44.66,44.66,44.66,1.0
2021-01-14,44.63,44.63,44.63,44.63,1.0
2021-01-15,44.1,44.1,44.1,44.1,1.0
2021-01-18,43.38,43.38,43.38,43.38,1.0
2021-01-19,44.16,44.16,44.16,44.16,1.0
2021-01-20,44.45,44.45,44.45,44.45,1.0
2021-01-21,44.09,44.09,44.09,44.09,1.0
2021-01-22,43.48,43.48,43.48,43.48,1.0
2021-01-25,42.96,42.96,42.96,42.96,1.0
2021-01-27,42.76,42.76,42.76,42.76,1.0
2021-01-28,42.44,42.44,42.44,42.44,1.0
2021-01-29,42.63,42.63,42.63,42.63,1.0
2021-02-01,43.67,43.67,43.67,43.67,1.0
2021-02-02,44.39,44.39,44.39,44.39,1.0
2021-02-03,45.05,45.05,45.05,45.05,1.0
2021-02-04,45.47,45.47,45.47,45.47,1.0
2021-02-05,45.41,45.41,45.41,45.41,1.0
2021-02-08,46.11,46.11,46.11,46.11,1.0
2021-02-09,45.96,45.96,45.96,45.96,1.0
2021-02-10,45.77,45.77,45.77,45.77,1.0
2021-02-11,46.15,46.15,46.15,46.15,1.0
2021-02-12,46.32,46.32,46.32,46.32,1.0
2021-02-15,46.33,46.33,46.33,46.33,1.0
2021-02-16,46.4,46.4,46.4,46.4,1.0
2021-02-17,46.38,46.38,46.38,46.38,1.0
2021-02-18,46.34,46.34,46.34,46.34,1.0
2021-02-19,46.04,46.04,46.04,46.04,1.0
2021-02-22,45.61,45.61,45.61,45.61,1.0
2021-02-23,45.85,45.85,45.85,45.85,1.0
2021-02-24,46.03,46.03,46.03,46.03,1.0
2021-02-25,46.15,46.15,46.15,46.15,1.0
2021-02-26,45.98,45.98,45.98,45.98,1.0
2021-03-01,46.51,46.51,46.51,46.51,1.0
2021-03-02,46.86,46.86,46.86,46.86,1.0
2021-03-03,47.34,47.34,47.34,47.34,1.0
2021-03-04,47.52,47.52,47.52,47.52,1.0
2021-03-05,47.1,47.1,47.1,47.1,1.0
2021-03-08,47.28,47.28,47.28,47.28,1.0
2021-03-09,47.19,47.19,47.19,47.19,1.0
2021-03-10,47.54,47.54,47.54,47.54,1.0
2021-03-12,47.69,47.69,47.69,47.69,1.0
2021-03-15,47.85,47.85,47.85,47.85,1.0
2021-03-16,47.93,47.93,47.93,47.93,1.0
2021-03-17,47.3,47.3,47.3,47.3,1.0
2021-03-18,46.6,46.6,46.6,46.6,1.0
2021-03-19,46.89,46.89,46.89,46.89,1.0
2021-03-22,47.23,47.23,47.23,47.23,1.0
2021-03-23,47.34,47.34,47.34,47.34,1.0
2021-03-24,46.71,46.71,46.71,46.71,1.0
2021-03-25,46.19,46.19,46.19,46.19,1.0
2021-03-26,46.83,46.83,46.83,46.83,1.0
2021-03-30,47.62,47.62,47.62,47.62,1.0
2021-03-31,47.94,47.94,47.94,47.94,1.0
2021-04-01,48.42,48.42,48.42,48.42,1.0
2021-04-05,47.83,47.83,47.83,47.83,1.0
2021-04-06,48.28,48.28,48.28,48.28,1.0
2021-04-07,49.0,49.0,49.0,49.0,1.0
2021-04-08,49.59,49.59,49.59,49.59,1.0
2021-04-09,49.91,49.91,49.91,49.91,1.0
2021-04-12,47.89,47.89,47.89,47.89,1.0
2021-04-13,48.29,48.29,48.29,48.29,1.0
2021-04-15,48.14,48.14,48.14,48.14,1.0
2021-04-16,48.41,48.41,48.41,48.41,1.0
2021-04-19,47.92,47.92,47.92,47.92,1.0
2021-04-20,47.96,47.96,47.96,47.96,1.0
2021-04-22,48.22,48.22,48.22,48.22,1.0
2021-04-23,48.5,48.5,48.5,48.5,1.0
2021-04-26,48.79,48.79,48.79,48.79,1.0
2021-04-27,49.31,49.31,49.31,49.31,1.0
2021-04-28,49.94,49.94,49.94,49.94,1.0
2021-04-29,50.27,50.27,50.27,50.27,1.0
2021-04-30,50.25,50.25,50.25,50.25,1.0
2021-05-03,50.45,50.45,50.45,50.45,1.0
2021-05-04,50.53,50.53,50.53,50.53,1.0
2021-05-05,51.06,51.06,51.06,51.06,1.0
2021-05-06,51.48,51.48,51.48,51.48,1.0
2021-05-07,51.47,51.47,51.47,51.47,1.0
2021-05-10,51.61,51.61,51.61,51.61,1.0
2021-05-11,51.83,51.83,51.83,51.83,1.0
2021-05-12,51.52,51.52,51.52,51.52,1.0
2021-05-14,51.3,51.3,51.3,51.3,1.0
2021-05-17,52.33,52.33,52.33,52.33,1.0
2021-05-18,52.64,52.64,52.64,52.64,1.0
2021-05-19,52.9,52.9,52.9,52.9,1.0
2021-05-20,53.23,53.23,53.23,53.23,1.0
2021-05-21,53.52,53.52,53.52,53.52,1.0
2021-05-24,54.0,54.0,54.0,54.0,1.0
2021-05-25,53.91,53.91,53.91,53.91,1.0
2021-05-26,54.16,54.16,54.16,54.16,1.0
2021-05-27,54.33,54.33,54.33,54.33,1.0
2021-05-28,53.91,53.91,53.91,53.91,1.0
2021-05-31,53.91,53.91,53.91,53.91,1.0
2021-06-01,54.0,54.0,54.0,54.0,1.0
2021-06-02,54.39,54.39,54.39,54.39,1.0
2021-06-03,54.51,54.51,54.51,54.51,1.0
2021-06-04,54.74,54.74,54.74,54.74,1.0
2021-06-07,55.02,55.02,55.02,55.02,1.0
2021-06-08,55.41,55.41,55.41,55.41,1.0
2021-06-09,55.07,55.07,55.07,55.07,1.0
2021-06-10,55.51,55.51,55.51,55.51,1.0
2021-06-11,55.67,55.67,55.67,55.67,1.0
2021-06-14,55.43,55.43,55.43,55.43,1.0
2021-06-15,55.4,55.4,55.4,55.4,1.0
2021-06-16,55.17,55.17,55.17,55.17,1.0
2021-06-17,55.04,55.04,55.04,55.04,1.0
2021-06-18,54.8,54.8,54.8,54.8,1.0
2021-06-21,54.96,54.96,54.96,54.96,1.0
2021-06-22,55.29,55.29,55.29,55.29,1.0
2021-06-23,55.24,55.24,55.24,55.24,1.0
2021-06-24,55.34,55.34,55.34,55.34,1.0
2021-06-25,55.55,55.55,55.55,55.55,1.0
2021-06-28,56.14,56.14,56.14,56.14,1.0
2021-06-29,56.23,56.23,56.23,56.23,1.0
2021-06-30,57.19,57.19,57.19,57.19,1.0
2021-07-01,57.25,57.25,57.25,57.25,1.0
2021-07-02,57.94,57.94,57.94,57.94,1.0
2021-07-05,58.47,58.47,58.47,58.47,1.0
2021-07-06,58.58,58.58,58.58,58.58,1.0
2021-07-07,58.85,58.85,58.85,58.85,1.0
2021-07-08,58.8,58.8,58.8,58.8,1.0
2021-07-09,58.83,58.83,58.83,58.83,1.0
2021-07-12,59.23,59.23,59.23,59.23,1.0
2021-07-13,59.64,59.64,59.64,59.64,1.0
2021-07-14,60.11,60.11,60.11,60.11,1.0
2021-07-15,60.43,60.43,60.43,60.43,1.0
2021-07-16,60.45,60.45,60.45,60.45,1.0
2021-07-19,60.09,60.09,60.09,60.09,1.0
2021-07-20,59.9,59.9,59.9,59.9,1.0
2021-07-22,60.43,60.43,60.43,60.43,1.0
2021-07-23,60.41,60.41,60.41,60.41,1.0
2021-07-26,60.72,60.72,60.72,60.72,1.0
2021-07-27,61.0,61.0,61.0,61.0,1.0
2021-07-28,60.63,60.63,60.63,60.63,1.0
2021-07-29,61.16,61.16,61.16,61.16,1.0
2021-07-30,61.09,61.09,61.09,61.09,1.0
2021-08-02,61.37,61.37,61.37,61.37,1.0
2021-08-03,61.47,61.47,61.47,61.47,1.0
2021-08-04,61.05,61.05,61.05,61.05,1.0
2021-08-05,60.91,60.91,60.91,60.91,1.0
2021-08-06,61.13,61.13,61.13,61.13,1.0
2021-08-09,61.05,61.05,61.05,61.05,1.0
2021-08-10,59.93,59.93,59.93,59.93,1.0
2021-08-11,59.81,59.81,59.81,59.81,1.0
2021-08-12,60.6,60.6,60.6,60.6,1.0
2021-08-13,60.41,60.41,60.41,60.41,1.0
2021-08-16,60.04,60.04,60.04,60.04,1.0
2021-08-17,60.7,60.7,60.7,60.7,1.0
2021-08-18,60.66,60.66,60.66,60.66,1.0
2021-08-20,59.67,59.67,59.67,59.67,1.0
2021-08-23,59.05,59.05,59.05,59.05,1.0
2021-08-24,59.75,59.75,59.75,59.75,1.0
2021-08-25,60.06,60.06,60.06,60.06,1.0
2021-08-26,60.2,60.2,60.2,60.2,1.0
2021-08-27,60.81,60.81,60.81,60.81,1.0
2021-08-30,61.57,61.57,61.57,61.57,1.0
2021-08-31,62.22,62.22,62.22,62.22,1.0
2021-09-01,62.48,62.48,62.48,62.48,1.0
2021-09-02,63.16,63.16,63.16,63.16,1.0
2021-09-03,63.3,63.3,63.3,63.3,1.0
2021-09-06,63.61,63.61,63.61,63.61,1.0
2021-09-07,63.76,63.76,63.76,63.76,1.0
2021-09-08,63.87,63.87,63.87,63.87,1.0
2021-09-09,64.05,64.05,64.05,64.05,1.0
2021-09-13,64.54,64.54,64.54,64.54,1.0
2021-09-14,65.24,65.24,65.24,65.24,1.0
2021-09-15,65.33,65.33,65.33,65.33,1.0
2021-09-16,65.34,65.34,65.34,65.34,1.0
2021-09-17,64.71,64.71,64.71,64.71,1.0
2021-09-20,63.97,63.97,63.97,63.97,1.0
2021-09-21,64.22,64.22,64.22,64.22,1.0
2021-09-22,64.69,64.69,64.69,64.69,1.0
2021-09-23,65.46,65.46,65.46,65.46,1.0
2021-09-24,65.27,65.27,65.27,65.27,1.0
2021-09-27,64.72,64.72,64.72,64.72,1.0
2021-09-28,63.97,63.97,63.97,63.97,1.0
2021-09-29,63.72,63.72,63.72,63.72,1.0
2021-09-30,64.36,64.36,64.36,64.36,1.0
2021-10-01,64.67,64.67,64.67,64.67,1.0
2021-10-04,65.88,65.88,65.88,65.88,1.0
2021-10-05,66.11,66.11,66.11,66.11,1.0
2021-10-06,66.09,66.09,66.09,66.09,1.0
2021-10-07,67.07,67.07,67.07,67.07,1.0
2021-10-08,67.5,67.5,67.5,67.5,1.0
2021-10-11,67.4,67.4,67.4,67.4,1.0
2021-10-12,67.19,67.19,67.19,67.19,1.0
2021-10-13,67.63,67.63,67.63,67.63,1.0
2021-10-14,67.85,67.85,67.85,67.85,1.0
2021-10-18,68.13,68.13,68.13,68.13,1.0
2021-10-19,67.64,67.64,67.64,67.64,1.0
2021-10-20,66.25,66.25,66.25,66.25,1.0
2021-10-21,65.56,65.56,65.56,65.56,1.0
2021-10-22,64.88,64.88,64.88,64.88,1.0
2021-10-25,64.18,64.18,64.18,64.18,1.0
2021-10-26,65.3,65.3,65.3,65.3,1.0
2021-10-27,65.35,65.35,65.35,65.35,1.0
2021-10-28,64.73,64.73,64.73,64.73,1.0
2021-10-29,64.7,64.7,64.7,64.7,1.0
2021-11-01,65.35,65.35,65.35,65.35,1.0
2021-11-02,66.26,66.26,66.26,66.26,1.0
2021-11-03,66.13,66.13,66.13,66.13,1.0
2021-11-08,67.15,67.15,67.15,67.15,1.0
2021-11-09,67.51,67.51,67.51,67.51,1.0
2021-11-10,67.52,67.52,67.52,67.52,1.0
2021-11-11,67.74,67.74,67.74,67.74,1.0
2021-11-12,67.94,67.94,67.94,67.94,1.0
2021-11-15,68.18,68.18,68.18,68.18,1.0
2021-11-16,68.39,68.39,68.39,68.39,1.0
2021-11-17,68.71,68.71,68.71,68.71,1.0
2021-11-18,67.7,67.7,67.7,67.7,1.0
2021-11-22,65.89,65.89,65.89,65.89,1.0
2021-11-23,66.86,66.86,66.86,66.86,1.0
2021-11-24,66.93,66.93,66.93,66.93,1.0
2021-11-25,67.51,67.51,67.51,67.51,1.0
2021-11-26,65.56,65.56,65.56,65.56,1.0
2021-11-29,64.6,64.6,64.6,64.6,1.0
2021-11-30,65.9,65.9,65.9,65.9,1.0
2021-12-01,66.22,66.22,66.22,66.22,1.0
2021-12-02,66.77,66.77,66.77,66.77,1.0
2021-12-03,66.93,66.93,66.93,66.93,1.0
2021-12-06,65.91,65.91,65.91,65.91,1.0
2021-12-07,66.68,66.68,66.68,66.68,1.0
2021-12-08,67.22,67.22,67.22,67.22,1.0
2021-12-09,67.55,67.55,67.55,67.55,1.0
2021-12-10,67.78,67.78,67.78,67.78,1.0
2021-12-13,67.71,67.71,67.71,67.71,1.0
2021-12-14,67.93,67.93,67.93,67.93,1.0
2021-12-15,67.62,67.62,67.62,67.62,1.0
2021-12-16,67.55,67.55,67.55,67.55,1.0
2021-12-17,66.62,66.62,66.62,66.62,1.0
2021-12-20,64.34,64.34,64.34,64.34,1.0
2021-12-21,65.15,65.15,65.15,65.15,1.0
2021-12-22,66.32,66.32,66.32,66.32,1.0
2021-12-23,66.76,66.76,66.76,66.76,1.0
2021-12-24,66.71,66.71,66.71,66.71,1.0
2021-12-27,67.01,67.01,67.01,67.01,1.0
2021-12-28,67.79,67.79,67.79,67.79,1.0
2021-12-29,68.08,68.08,68.08,68.08,1.0
2021-12-30,68.44,68.44,68.44,68.44,1.0
2021-12-31,68.83,68.83,68.83,68.83,1.0
2022-01-03,69.66,69.66,69.66,69.66,1.0
2022-01-04,69.73,69.73,69.73,69.73,1.0
2022-01-05,69.41,69.41,69.41,69.41,1.0
2022-01-06,69.29,69.29,69.29,69.29,1.0
2022-01-07,69.57,69.57,69.57,69.57,1.0
2022-01-10,70.23,70.23,70.23,70.23,1.0
2022-01-11,70.17,70.17,70.17,70.17,1.0
2022-01-12,70.52,70.52,70.52,70.52,1.0
2022-01-13,70.69,70.69,70.69,70.69,1.0
2022-01-14,70.65,70.65,70.65,70.65,1.0
2022-01-17,71.28,71.28,71.28,71.28,1.0
2022-01-18,70.35,70.35,70.35,70.35,1.0
2022-01-19,70.25,70.25,70.25,70.25,1.0
2022-01-20,70.51,70.51,70.51,70.51,1.0
2022-01-21,69.59,69.59,69.59,69.59,1.0
2022-01-24,67.22,67.22,67.22,67.22,1.0
2022-01-25,67.76,67.76,67.76,67.76,1.0
2022-01-27,67.05,67.05,67.05,67.05,1.0
2022-01-28,67.65,67.65,67.65,67.65,1.0
2022-01-31,68.69,68.69,68.69,68.69,1.0
2022-02-01,69.08,69.08,69.08,69.08,1.0
2022-02-02,70.05,70.05,70.05,70.05,1.0
2022-02-03,69.81,69.81,69.81,69.81,1.0
2022-02-04,69.72,69.72,69.72,69.72,1.0
2022-02-07,69.13,69.13,69.13,69.13,1.0
2022-02-08,68.22,68.22,68.22,68.22,1.0
2022-02-09,68.15,68.15,68.15,68.15,1.0
2022-02-10,68.32,68.32,68.32,68.32,1.0
2022-02-11,67.41,67.41,67.41,67.41,1.0
2022-02-14,65.15,65.15,65.15,65.15,1.0
2022-02-15,66.34,66.34,66.34,66.34,1.0
2022-02-16,66.56,66.56,66.56,66.56,1.0
2022-02-17,66.56,66.56,66.56,66.56,1.0
2022-02-18,66.21,66.21,66.21,66.21,1.0
2022-02-21,65.16,65.16,65.16,65.16,1.0
2022-02-22,64.43,64.43,64.43,64.43,1.0
2022-02-23,64.81,64.81,64.81,64.81,1.0
2022-02-24,62.34,62.34,62.34,62.34,1.0
2022-02-25,64.49,64.49,64.49,64.49,1.0
2022-02-28,64.99,64.99,64.99,64.99,1.0
2022-03-02,64.85,64.85,64.85,64.85,1.0
2022-03-03,65.06,65.06,65.06,65.06,1.0
2022-03-04,64.41,64.41,64.41,64.41,1.0
2022-03-07,63.03,63.03,63.03,63.03,1.0
2022-03-08,63.44,63.44,63.44,63.44,1.0
2022-03-09,64.32,64.32,64.32,64.32,1.0
2022-03-10,64.96,64.96,64.96,64.96,1.0
2022-03-11,65.37,65.37,65.37,65.37,1.0
2022-03-14,65.51,65.51,65.51,65.51,1.0
2022-03-15,65.08,65.08,65.08,65.08,1.0
2022-03-16,65.82,65.82,65.82,65.82,1.0
2022-03-17,66.61,66.61,66.61,66.61,1.0
2022-03-21,66.52,66.52,66.52,66.52,1.0
2022-03-22,66.59,66.59,66.59,66.59,1.0
2022-03-23,66.69,66.69,66.69,66.69,1.0
2022-03-24,66.96,66.96,66.96,66.96,1.0
2022-03-25,66.93,66.93,66.93,66.93,1.0
2022-03-28,66.96,66.96,66.96,66.96,1.0
2022-03-29,67.58,67.58,67.58,67.58,1.0
2022-03-30,68.25,68.25,68.25,68.25,1.0
2022-03-31,68.27,68.27,68.27,68.27,1.0
2022-04-01,68.83,68.83,68.83,68.83,1.0
2022-04-04,69.3,69.3,69.3,69.3,1.0
2022-04-05,69.61,69.61,69.61,69.61,1.0
2022-04-06,69.83,69.83,69.83,69.83,1.0
2022-04-07,69.58,69.58,69.58,69.58,1.0
2022-04-08,69.99,69.99,69.99,69.99,1.0
2022-04-11,70.33,70.33,70.33,70.33,1.0
2022-04-12,69.35,69.35,69.35,69.35,1.0
2022-04-13,69.18,69.18,69.18,69.18,1.0
2022-04-18,68.47,68.47,68.47,68.47,1.0
2022-04-19,67.71,67.71,67.71,67.71,1.0
2022-04-20,67.88,67.88,67.88,67.88,1.0
2022-04-21,68.44,68.44,68.44,68.44,1.0
2022-04-22,68.35,68.35,68.35,68.35,1.0
2022-04-25,67.28,67.28,67.28,67.28,1.0
2022-04-26,67.94,67.94,67.94,67.94,1.0
2022-04-27,67.76,67.76,67.76,67.76,1.0
2022-04-28,68.34,68.34,68.34,68.34,1.0
2022-04-29,67.65,67.65,67.65,67.65,1.0
2022-05-02,67.31,67.31,67.31,67.31,1.0
2022-05-04,66.24,66.24,66.24,66.24,1.0
2022-05-05,66.1,66.1,66.1,66.1,1.0
2022-05-06,64.7,64.7,64.7,64.7,1.0
2022-05-09,64.25,64.25,64.25,64.25,1.0
2022-05-10,63.34,63.34,63.34,63.34,1.0
2022-05-11,62.24,62.24,62.24,62.24,1.0
2022-05-12,61.48,61.48,61.48,61.48,1.0
2022-05-13,61.91,61.91,61.91,61.91,1.0
2022-05-16,62.31,62.31,62.31,62.31,1.0
2022-05-17,63.45,63.45,63.45,63.45,1.0
2022-05-18,63.83,63.83,63.83,63.83,1.0
2022-05-19,62.98,62.98,62.98,62.98,1.0
2022-05-20,63.96,63.96,63.96,63.96,1.0
2022-05-23,63.68,63.68,63.68,63.68,1.0
2022-05-24,63.1,63.1,63.1,63.1,1.0
2022-05-25,61.96,61.96,61.96,61.96,1.0
2022-05-26,62.2,62.2,62.2,62.2,1.0
2022-05-27,62.79,62.79,62.79,62.79,1.0
2022-05-30,63.85,63.85,63.85,63.85,1.0
2022-05-31,64.2,64.2,64.2,64.2,1.0
2022-06-01,64.69,64.69,64.69,64.69,1.0
2022-06-02,64.87,64.87,64.87,64.87,1.0
2022-06-03,64.21,64.21,64.21,64.21,1.0
2022-06-06,64.07,64.07,64.07,64.07,1.0
2022-06-07,63.77,63.77,63.77,63.77,1.0
2022-06-08,63.55,63.55,63.55,63.55,1.0
2022-06-09,63.6,63.6,63.6,63.6,1.0
2022-06-10,63.15,63.15,63.15,63.15,1.0
2022-06-13,61.86,61.86,61.86,61.86,1.0
2022-06-14,61.93,61.93,61.93,61.93,1.0
2022-06-15,62.15,62.15,62.15,62.15,1.0
2022-06-16,61.24,61.24,61.24,61.24,1.0
2022-06-17,60.56,60.56,60.56,60.56,1.0
2022-06-20,59.94,59.94,59.94,59.94,1.0
2022-06-21,60.68,60.68,60.68,60.68,1.0
2022-06-22,60.52,60.52,60.52,60.52,1.0
2022-06-23,61.2,61.2,61.2,61.2,1.0
2022-06-24,61.78,61.78,61.78,61.78,1.0
2022-06-27,62.53,62.53,62.53,62.53,1.0
2022-06-28,62.76,62.76,62.76,62.76,1.0
2022-06-29,62.43,62.43,62.43,62.43,1.0
2022-06-30,62.33,62.33,62.33,62.33,1.0
2022-07-01,62.4,62.4,62.4,62.4,1.0
2022-07-04,62.57,62.57,62.57,62.57,1.0
2022-07-05,62.71,62.71,62.71,62.71,1.0
2022-07-06,63.12,63.12,63.12,63.12,1.0
2022-07-07,63.52,63.52,63.52,63.52,1.0
2022-07-08,63.68,63.68,63.68,63.68,1.0
2022-07-11,64.05,64.05,64.05,64.05,1.0
2022-07-12,63.97,63.97,63.97,63.97,1.0
2022-07-13,63.93,63.93,63.93,63.93,1.0
2022-07-14,63.45,63.45,63.45,63.45,1.0
2022-07-15,63.95,63.95,63.95,63.95,1.0
2022-07-18,64.65,64.65,64.65,64.65,1.0
2022-07-19,65.12,65.12,65.12,65.12,1.0
2022-07-20,65.34,65.34,65.34,65.34,1.0
2022-07-21,65.65,65.65,65.65,65.65,1.0
2022-07-22,65.83,65.83,65.83,65.83,1.0
2022-07-25,66.05,66.05,66.05,66.05,1.0
2022-07-26,65.49,65.49,65.49,65.49,1.0
2022-07-27,65.62,65.62,65.62,65.62,1.0
2022-07-28,66.19,66.19,66.19,66.19,1.0
2022-07-29,66.95,66.95,66.95,66.95,1.0
2022-08-01,67.53,67.53,67.53,67.53,1.0
2022-08-02,67.69,67.69,67.69,67.69,1.0
2022-08-03,67.6,67.6,67.6,67.6,1.0
2022-08-04,67.84,67.84,67.84,67.84,1.0
2022-08-05,67.98,67.98,67.98,67.98,1.0
2022-08-08,68.33,68.33,68.33,68.33,1.0
2022-08-10,68.91,68.91,68.91,68.91,1.0
2022-08-11,69.06,69.06,69.06,69.06,1.0
2022-08-12,69.21,69.21,69.21,69.21,1.0
2022-08-16,69.46,69.46,69.46,69.46,1.0
2022-08-17,69.59,69.59,69.59,69.59,1.0
2022-08-18,69.71,69.71,69.71,69.71,1.0
2022-08-19,68.95,68.95,68.95,68.95,1.0
2022-08-22,68.38,68.38,68.38,68.38,1.0
2022-08-23,69.07,69.07,69.07,69.07,1.0
2022-08-24,69.49,69.49,69.49,69.49,1.0
2022-08-25,69.6,69.6,69.6,69.6,1.0
2022-08-26,69.69,69.69,69.69,69.69,1.0
2022-08-29,69.24,69.24,69.24,69.24,1.0
2022-08-30,70.04,70.04,70.04,70.04,1.0
2022-09-01,70.42,70.42,70.42,70.42,1.0
2022-09-02,70.45,70.45,70.45,70.45,1.0
2022-09-05,70.62,70.62,70.62,70.62,1.0
2022-09-06,70.83,70.83,70.83,70.83,1.0
2022-09-07,71.47,71.47,71.47,71.47,1.0
2022-09-08,72.03,72.03,72.03,72.03,1.0
2022-09-09,72.11,72.11,72.11,72.11,1.0
2022-09-12,72.86,72.86,72.86,72.86,1.0
2022-09-13,72.9,72.9,72.9,72.9,1.0
2022-09-14,73.16,73.16,73.16,73.16,1.0
2022-09-15,72.94,72.94,72.94,72.94,1.0
2022-09-16,71.86,71.86,71.86,71.86,1.0
2022-09-19,71.42,71.42,71.42,71.42,1.0
2022-09-20,72.38,72.38,72.38,72.38,1.0
2022-09-21,71.92,71.92,71.92,71.92,1.0
2022-09-22,72.07,72.07,72.07,72.07,1.0
2022-09-23,71.17,71.17,71.17,71.17,1.0
2022-09-26,69.88,69.88,69.88,69.88,1.0
2022-09-27,70.05,70.05,70.05,70.05,1.0
2022-09-28,69.91,69.91,69.91,69.91,1.0
2022-09-29,69.99,69.99,69.99,69.99,1.0
2022-09-30,70.75,70.75,70.75,70.75,1.0
2022-10-03,70.34,70.34,70.34,70.34,1.0
2022-10-04,70.77,70.77,70.77,70.77,1.0
2022-10-06,71.43,71.43,71.43,71.43,1.0
2022-10-07,71.67,71.67,71.67,71.67,1.0
2022-10-10,71.4,71.4,71.4,71.4,1.0
2022-10-11,70.59,70.59,70.59,70.59,1.0
2022-10-12,70.8,70.8,70.8,70.8,1.0
2022-10-13,70.63,70.63,70.63,70.63,1.0
2022-10-14,70.85,70.85,70.85,70.85,1.0
2022-10-17,70.97,70.97,70.97,70.97,1.0
2022-10-18,71.46,71.46,71.46,71.46,1.0
2022-10-19,71.35,71.35,71.35,71.35,1.0
2022-10-20,71.41,71.41,71.41,71.41,1.0
2022-10-21,71.02,71.02,71.02,71.02,1.0
2022-10-25,71.33,71.33,71.33,71.33,1.0
2022-10-27,71.55,71.55,71.55,71.55,1.0
2022-10-28,70.98,70.98,70.98,70.98,1.0
2022-10-31,71.03,71.03,71.03,71.03,1.0
2022-11-01,71.19,71.19,71.19,71.19,1.0
2022-11-02,71.41,71.41,71.41,71.41,1.0
2022-11-03,71.42,71.42,71.42,71.42,1.0
2022-11-04,71.28,71.28,71.28,71.28,1.0
2022-11-07,71.66,71.66,71.66,71.66,1.0
2022-11-09,71.34,71.34,71.34,71.34,1.0
2022-11-10,71.03,71.03,71.03,71.03,1.0
2022-11-11,71.23,71.23,71.23,71.23,1.0
2022-11-14,71.47,71.47,71.47,71.47,1.0
2022-11-15,71.48,71.48,71.48,71.48,1.0
2022-11-16,71.44,71.44,71.44,71.44,1.0
2022-11-17,71.21,71.21,71.21,71.21,1.0
2022-11-18,70.97,70.97,70.97,70.97,1.0
2022-11-21,71.11,71.11,71.11,71.11,1.0
2022-11-22,70.88,70.88,70.88,70.88,1.0
2022-11-23,71.43,71.43,71.43,71.43,1.0
2022-11-24,71.76,71.76,71.76,71.76,1.0
2022-11-25,71.83,71.83,71.83,71.83,1.0
2022-11-28,72.13,72.13,72.13,72.13,1.0
2022-11-29,72.08,72.08,72.08,72.08,1.0
2022-11-30,72.45,72.45,72.45,72.45,1.0
2022-12-01,73.07,73.07,73.07,73.07,1.0
2022-12-02,73.43,73.43,73.43,73.43,1.0
2022-12-05,73.59,73.59,73.59,73.59,1.0
2022-12-06,73.39,73.39,73.39,73.39,1.0
2022-12-07,72.96,72.96,72.96,72.96,1.0
2022-12-08,73.3,73.3,73.3,73.3,1.0
2022-12-09,72.65,72.65,72.65,72.65,1.0
2022-12-12,72.91,72.91,72.91,72.91,1.0
2022-12-13,72.95,72.95,72.95,72.95,1.0
2022-12-14,73.5,73.5,73.5,73.5,1.0
2022-12-15,72.93,72.93,72.93,72.93,1.0
2022-12-16,72.51,72.51,72.51,72.51,1.0
2022-12-19,72.65,72.65,72.65,72.65,1.0
2022-12-20,72.75,72.75,72.75,72.75,1.0
2022-12-21,71.98,71.98,71.98,71.98,1.0
2022-12-22,71.1,71.1,71.1,71.1,1.0
2022-12-23,69.22,69.22,69.22,69.22,1.0
2022-12-26,70.58,70.58,70.58,70.58,1.0
2022-12-27,71.27,71.27,71.27,71.27,1.0
2022-12-28,71.26,71.26,71.26,71.26,1.0
2022-12-29,71.27,71.27,71.27,71.27,1.0
2022-12-30,71.66,71.66,71.66,71.66,1.0
2023-01-02,72.01,72.01,72.01,72.01,1.0
2023-01-03,71.95,71.95,71.95,71.95,1.0
2023-01-04,71.49,71.49,71.49,71.49,1.0
2023-01-05,71.56,71.56,71.56,71.56,1.0
2023-01-06,71.07,71.07,71.07,71.07,1.0
2023-01-09,71.27,71.27,71.27,71.27,1.0
2023-01-10,71.07,71.07,71.07,71.07,1.0
2023-01-11,71.18,71.18,71.18,71.18,1.0
2023-01-12,71.24,71.24,71.24,71.24,1.0
2023-01-13,71.54,71.54,71.54,71.54,1.0
2023-01-16,71.52,71.52,71.52,71.52,1.0
2023-01-17,71.43,71.43,71.43,71.43,1.0
2023-01-18,71.39,71.39,71.39,71.39,1.0
2023-01-19,71.34,71.34,71.34,71.34,1.0
2023-01-20,71.13,71.13,71.13,71.13,1.0
2023-01-23,71.17,71.17,71.17,71.17,1.0
2023-01-24,71.07,71.07,71.07,71.07,1.0
2023-01-25,70.75,70.75,70.75,70.75,1.0
2023-01-27,69.87,69.87,69.87,69.87,1.0
2023-01-30,70.14,70.14,70.14,70.14,1.0
2023-01-31,71.12,71.12,71.12,71.12,1.0
2023-02-01,70.84,70.84,70.84,70.84,1.0
2023-02-02,71.31,71.31,71.31,71.31,1.0
2023-02-03,71.24,71.24,71.24,71.24,1.0
2023-02-06,71.52,71.52,71.52,71.52,1.0
2023-02-07,71.74,71.74,71.74,71.74,1.0
2023-02-08,72.27,72.27,72.27,72.27,1.0
2023-02-09,71.9,71.9,71.9,71.9,1.0
2023-02-10,72.05,72.05,72.05,72.05,1.0
2023-02-13,71.21,71.21,71.21,71.21,1.0
2023-02-14,70.85,70.85,70.85,70.85,1.0
2023-02-15,71.05,71.05,71.05,71.05,1.0
2023-02-16,71.57,71.57,71.57,71.57,1.0
2023-02-17,71.4,71.4,71.4,71.4,1.0
2023-02-20,71.32,71.32,71.32,71.32,1.0
2023-02-21,71.03,71.03,71.03,71.03,1.0
2023-02-22,70.54,70.54,70.54,70.54,1.0
2023-02-23,70.44,70.44,70.44,70.44,1.0
2023-02-24,70.6,70.6,70.6,70.6,1.0
2023-02-27,70.01,70.01,70.01,70.01,1.0
2023-02-28,69.88,69.88,69.88,69.88,1.0
2023-03-01,70.49,70.49,70.49,70.49,1.0
2023-03-02,70.3,70.3,70.3,70.3,1.0
2023-03-03,70.62,70.62,70.62,70.62,1.0
2023-03-06,70.98,70.98,70.98,70.98,1.0
2023-03-08,70.99,70.99,70.99,70.99,1.0
2023-03-09,70.82,70.82,70.82,70.82,1.0
2023-03-10,70.5,70.5,70.5,70.5,1.0
2023-03-13,69.62,69.62,69.62,69.62,1.0
2023-03-14,69.09,69.09,69.09,69.09,1.0
2023-03-15,69.01,69.01,69.01,69.01,1.0
2023-03-16,68.55,68.55,68.55,68.55,1.0
2023-03-17,68.99,68.99,68.99,68.99,1.0
2023-03-20,68.76,68.76,68.76,68.76,1.0
2023-03-21,68.81,68.81,68.81,68.81,1.0
2023-03-22,69.08,69.08,69.08,69.08,1.0
2023-03-23,69.09,69.09,69.09,69.09,1.0
2023-03-24,68.26,68.26,68.26,68.26,1.0
2023-03-27,67.76,67.76,67.76,67.76,1.0
2023-03-28,67.56,67.56,67.56,67.56,1.0
2023-03-29,68.5,68.5,68.5,68.5,1.0
2023-03-31,69.53,69.53,69.53,69.53,1.0
2023-04-03,69.83,69.83,69.83,69.83,1.0
2023-04-05,69.92,69.92,69.92,69.92,1.0
2023-04-06,70.14,70.14,70.14,70.14,1.0
2023-04-10,70.53,70.53,70.53,70.53,1.0
2023-04-11,70.94,70.94,70.94,70.94,1.0
2023-04-12,71.28,71.28,71.28,71.28,1.0
2023-04-13,71.37,71.37,71.37,71.37,1.0
2023-04-17,71.31,71.31,71.31,71.31,1.0
2023-04-18,71.3,71.3,71.3,71.3,1.0
2023-04-19,71.11,71.11,71.11,71.11,1.0
2023-04-20,71.14,71.14,71.14,71.14,1.0
2023-04-21,71.14,71.14,71.14,71.14,1.0
2023-04-24,71.4,71.4,71.4,71.4,1.0
2023-04-25,71.44,71.44,71.44,71.44,1.0
2023-04-26,71.66,71.66,71.66,71.66,1.0
2023-04-27,71.97,71.97,71.97,71.97,1.0
2023-04-28,72.6,72.6,72.6,72.6,1.0
2023-05-02,72.7,72.7,72.7,72.7,1.0
2023-05-03,72.99,72.99,72.99,72.99,1.0
2023-05-04,73.61,73.61,73.61,73.61,1.0
2023-05-05,73.49,73.49,73.49,73.49,1.0
2023-05-08,73.8,73.8,73.8,73.8,1.0
2023-05-09,73.87,73.87,73.87,73.87,1.0
2023-05-10,74.1,74.1,74.1,74.1,1.0
2023-05-11,74.52,74.52,74.52,74.52,1.0
2023-05-12,74.39,74.39,74.39,74.39,1.0
2023-05-15,74.78,74.78,74.78,74.78,1.0
2023-05-16,75.17,75.17,75.17,75.17,1.0
2023-05-17,75.5,75.5,75.5,75.5,1.0
2023-05-18,75.37,75.37,75.37,75.37,1.0
2023-05-19,75.56,75.56,75.56,75.56,1.0
2023-05-22,75.7,75.7,75.7,75.7,1.0
2023-05-23,75.68,75.68,75.68,75.68,1.0
2023-05-24,75.9,75.9,75.9,75.9,1.0
2023-05-25,76.17,76.17,76.17,76.17,1.0
2023-05-26,76.49,76.49,76.49,76.49,1.0
2023-05-29,76.66,76.66,76.66,76.66,1.0
2023-05-30,76.79,76.79,76.79,76.79,1.0
2023-05-31,77.13,77.13,77.13,77.13,1.0
2023-06-01,77.45,77.45,77.45,77.45,1.0
2023-06-02,77.87,77.87,77.87,77.87,1.0
2023-06-05,78.15,78.15,78.15,78.15,1.0
2023-06-06,78.65,78.65,78.65,78.65,1.0
2023-06-07,79.44,79.44,79.44,79.44,1.0
2023-06-08,79.05,79.05,79.05,79.05,1.0
2023-06-09,78.84,78.84,78.84,78.84,1.0
2023-06-12,79.21,79.21,79.21,79.21,1.0
2023-06-13,79.69,79.69,79.69,79.69,1.0
2023-06-14,80.11,80.11,80.11,80.11,1.0
2023-06-15,80.29,80.29,80.29,80.29,1.0
2023-06-16,80.92,80.92,80.92,80.92,1.0
2023-06-19,81.1,81.1,81.1,81.1,1.0
2023-06-20,81.29,81.29,81.29,81.29,1.0
2023-06-21,81.49,81.49,81.49,81.49,1.0
2023-06-22,81.16,81.16,81.16,81.16,1.0
2023-06-23,80.19,80.19,80.19,80.19,1.0
2023-06-26,80.62,80.62,80.62,80.62,1.0
2023-06-27,81.22,81.22,81.22,81.22,1.0
2023-06-28,81.12,81.12,81.12,81.12,1.0
2023-06-30,81.28,81.28,81.28,81.28,1.0
2023-07-03,81.23,81.23,81.23,81.23,1.0
2023-07-04,81.28,81.28,81.28,81.28,1.0
2023-07-05,81.45,81.45,81.45,81.45,1.0
2023-07-06,82.03,82.03,82.03,82.03,1.0
2023-07-07,81.89,81.89,81.89,81.89,1.0
2023-07-10,81.76,81.76,81.76,81.76,1.0
2023-07-11,82.23,82.23,82.23,82.23,1.0
2023-07-12,82.66,82.66,82.66,82.66,1.0
2023-07-13,82.58,82.58,82.58,82.58,1.0
2023-07-14,83.28,83.28,83.28,83.28,1.0
2023-07-17,83.5,83.5,83.5,83.5,1.0
2023-07-18,82.86,82.86,82.86,82.86,1.0
2023-07-19,83.3,83.3,83.3,83.3,1.0
2023-07-20,83.21,83.21,83.21,83.21,1.0
2023-07-21,82.71,82.71,82.71,82.71,1.0
2023-07-24,82.87,82.87,82.87,82.87,1.0
2023-07-25,82.73,82.73,82.73,82.73,1.0
2023-07-26,82.55,82.55,82.55,82.55,1.0
2023-07-27,82.8,82.8,82.8,82.8,1.0
2023-07-28,82.88,82.88,82.88,82.88,1.0
2023-07-31,84.04,84.04,84.04,84.04,1.0
2023-08-01,84.36,84.36,84.36,84.36,1.0
2023-08-02,83.44,83.44,83.44,83.44,1.0
2023-08-03,83.46,83.46,83.46,83.46,1.0
2023-08-04,84.08,84.08,84.08,84.08,1.0
2023-08-07,84.08,84.08,84.08,84.08,1.0
2023-08-08,83.99,83.99,83.99,83.99,1.0
2023-08-09,84.18,84.18,84.18,84.18,1.0
2023-08-10,83.9,83.9,83.9,83.9,1.0
2023-08-11,83.96,83.96,83.96,83.96,1.0
2023-08-14,83.61,83.61,83.61,83.61,1.0
2023-08-16,83.6,83.6,83.6,83.6,1.0
2023-08-17,83.95,83.95,83.95,83.95,1.0
2023-08-18,83.73,83.73,83.73,83.73,1.0
2023-08-21,84.3,84.3,84.3,84.3,1.0
2023-08-22,84.74,84.74,84.74,84.74,1.0
2023-08-23,85.07,85.07,85.07,85.07,1.0
2023-08-24,85.41,85.41,85.41,85.41,1.0
2023-08-25,85.3,85.3,85.3,85.3,1.0
2023-08-28,85.47,85.47,85.47,85.47,1.0
2023-08-29,86.0,86.0,86.0,86.0,1.0
2023-08-30,86.2,86.2,86.2,86.2,1.0
2023-08-31,86.99,86.99,86.99,86.99,1.0
2023-09-01,87.29,87.29,87.29,87.29,1.0
2023-09-04,87.98,87.98,87.98,87.98,1.0
2023-09-05,88.33,88.33,88.33,88.33,1.0
2023-09-06,88.27,88.27,88.27,88.27,1.0
2023-09-07,88.77,88.77,88.77,88.77,1.0
2023-09-08,89.27,89.27,89.27,89.27,1.0
2023-09-11,89.89,89.89,89.89,89.89,1.0
2023-09-12,87.84,87.84,87.84,87.84,1.0
2023-09-13,87.92,87.92,87.92,87.92,1.0
2023-09-14,88.97,88.97,88.97,88.97,1.0
2023-09-15,89.01,89.01,89.01,89.01,1.0
2023-09-18,88.44,88.44,88.44,88.44,1.0
2023-09-20,88.1,88.1,88.1,88.1,1.0
2023-09-21,87.4,87.4,87.4,87.4,1.0
2023-09-22,87.2,87.2,87.2,87.2,1.0
2023-09-25,87.36,87.36,87.36,87.36,1.0
2023-09-26,87.52,87.52,87.52,87.52,1.0
2023-09-27,87.88,87.88,87.88,87.88,1.0
2023-09-29,87.72,87.72,87.72,87.72,1.0
2023-10-03,88.15,88.15,88.15,88.15,1.0
2023-10-04,87.57,87.57,87.57,87.57,1.0
2023-10-05,88.25,88.25,88.25,88.25,1.0
2023-10-06,88.51,88.51,88.51,88.51,1.0
2023-10-09,87.48,87.48,87.48,87.48,1.0
2023-10-10,88.31,88.31,88.31,88.31,1.0
2023-10-11,88.88,88.88,88.88,88.88,1.0
2023-10-12,89.06,89.06,89.06,89.06,1.0
2023-10-13,89.27,89.27,89.27,89.27,1.0
2023-10-16,89.15,89.15,89.15,89.15,1.0
2023-10-17,89.59,89.59,89.59,89.59,1.0
2023-10-18,89.5,89.5,89.5,89.5,1.0
2023-10-19,89.36,89.36,89.36,89.36,1.0
2023-10-20,88.78,88.78,88.78,88.78,1.0
2023-10-23,86.62,86.62,86.62,86.62,1.0
2023-10-25,85.95,85.95,85.95,85.95,1.0
2023-10-26,85.45,85.45,85.45,85.45,1.0
2023-10-27,87.11,87.11,87.11,87.11,1.0
2023-10-30,87.45,87.45,87.45,87.45,1.0
2023-10-31,87.41,87.41,87.41,87.41,1.0
2023-11-01,87.59,87.59,87.59,87.59,1.0
2023-11-02,87.97,87.97,87.97,87.97,1.0
2023-11-03,89.11,89.11,89.11,89.11,1.0
2023-11-06,90.02,90.02,90.02,90.02,1.0
2023-11-07,90.03,90.03,90.03,90.03,1.0
2023-11-08,90.2,90.2,90.2,90.2,1.0
2023-11-09,89.86,89.86,89.86,89.86,1.0
2023-11-10,90.24,90.24,90.24,90.24,1.0
2023-11-13,90.73,90.73,90.73,90.73,1.0
2023-11-15,91.87,91.87,91.87,91.87,1.0
2023-11-16,92.15,92.15,92.15,92.15,1.0
2023-11-17,92.6,92.6,92.6,92.6,1.0
2023-11-20,92.8,92.8,92.8,92.8,1.0
2023-11-21,93.25,93.25,93.25,93.25,1.0
2023-11-22,93.0,93.0,93.0,93.0,1.0
2023-11-23,92.64,92.64,92.64,92.64,1.0
2023-11-24,92.63,92.63,92.63,92.63,1.0
2023-11-28,92.78,92.78,92.78,92.78,1.0
2023-11-29,93.32,93.32,93.32,93.32,1.0
2023-11-30,94.08,94.08,94.08,94.08,1.0
2023-12-01,94.5,94.5,94.5,94.5,1.0
2023-12-04,95.16,95.16,95.16,95.16,1.0
2023-12-05,95.55,95.55,95.55,95.55,1.0
2023-12-06,95.22,95.22,95.22,95.22,1.0
2023-12-07,95.17,95.17,95.17,95.17,1.0
2023-12-08,94.55,94.55,94.55,94.55,1.0
2023-12-11,94.53,94.53,94.53,94.53,1.0
2023-12-12,94.37,94.37,94.37,94.37,1.0
2023-12-13,94.76,94.76,94.76,94.76,1.0
2023-12-14,95.74,95.74,95.74,95.74,1.0
2023-12-15,96.17,96.17,96.17,96.17,1.0
2023-12-18,96.3,96.3,96.3,96.3,1.0
2023-12-19,96.34,96.34,96.34,96.34,1.0
2023-12-20,94.42,94.42,94.42,94.42,1.0
2023-12-21,95.37,95.37,95.37,95.37,1.0
2023-12-22,96.29,96.29,96.29,96.29,1.0
2023-12-26,96.28,96.28,96.28,96.28,1.0
2023-12-27,96.65,96.65,96.65,96.65,1.0
2023-12-28,96.69,96.69,96.69,96.69,1.0
2023-12-29,97.15,97.15,97.15,97.15,1.0
2024-01-01,97.08,97.08,97.08,97.08,1.0
2024-01-02,96.65,96.65,96.65,96.65,1.0
2024-01-03,96.35,96.35,96.35,96.35,1.0
2024-01-04,97.11,97.11,97.11,97.11,1.0
2024-01-05,98.03,98.03,98.03,98.03,1.0
2024-01-08,97.43,97.43,97.43,97.43,1.0
2024-01-09,97.93,97.93,97.93,97.93,1.0
2024-01-10,97.86,97.86,97.86,97.86,1.0
2024-01-11,98.38,98.38,98.38,98.38,1.0
2024-01-12,99.14,99.14,99.14,99.14,1.0
2024-01-15,99.11,99.11,99.11,99.11,1.0
2024-01-16,98.99,98.99,98.99,98.99,1.0
2024-01-17,98.45,98.45,98.45,98.45,1.0
2024-01-18,98.2,98.2,98.2,98.2,1.0
2024-01-19,98.82,98.82,98.82,98.82,1.0
2024-01-23,97.15,97.15,97.15,97.15,1.0
2024-01-24,98.52,98.52,98.52,98.52,1.0
2024-01-25,98.75,98.75,98.75,98.75,1.0
2024-01-29,99.56,99.56,99.56,99.56,1.0
2024-01-30,99.67,99.67,99.67,99.67,1.0
2024-01-31,101.29,101.29,101.29,101.29,1.0
2024-02-01,101.2,101.2,101.2,101.2,1.0
2024-02-02,101.32,101.32,101.32,101.32,1.0
2024-02-05,101.18,101.18,101.18,101.18,1.0
2024-02-06,101.81,101.81,101.81,101.81,1.0
2024-02-07,102.3,102.3,102.3,102.3,1.0
2024-02-08,101.39,101.39,101.39,101.39,1.0
2024-02-09,100.94,100.94,100.94,100.94,1.0
2024-02-12,99.61,99.61,99.61,99.61,1.0
2024-02-13,99.3,99.3,99.3,99.3,1.0
2024-02-14,99.89,99.89,99.89,99.89,1.0
2024-02-15,100.36,100.36,100.36,100.36,1.0
2024-02-16,101.16,101.16,101.16,101.16,1.0
2024-02-19,101.37,101.37,101.37,101.37,1.0
2024-02-20,101.05,101.05,101.05,101.05,1.0
2024-02-21,100.89,100.89,100.89,100.89,1.0
2024-02-22,101.35,101.35,101.35,101.35,1.0
2024-02-23,101.9,101.9,101.9,101.9,1.0
2024-02-26,101.74,101.74,101.74,101.74,1.0
2024-02-27,102.26,102.26,102.26,102.26,1.0
2024-02-28,100.97,100.97,100.97,100.97,1.0
2024-02-29,100.81,100.81,100.81,100.81,1.0
2024-03-01,101.0,101.0,101.0,101.0,1.0
2024-03-04,101.09,101.09,101.09,101.09,1.0
2024-03-05,99.98,99.98,99.98,99.98,1.0
2024-03-06,98.52,98.52,98.52,98.52,1.0
2024-03-07,98.84,98.84,98.84,98.84,1.0
2024-03-11,97.94,97.94,97.94,97.94,1.0
2024-03-12,96.73,96.73,96.73,96.73,1.0
2024-03-13,93.52,93.52,93.52,93.52,1.0
2024-03-14,94.77,94.77,94.77,94.77,1.0
2024-03-15,95.08,95.08,95.08,95.08,1.0
2024-03-18,94.8,94.8,94.8,94.8,1.0
2024-03-19,94.13,94.13,94.13,94.13,1.0
2024-03-20,94.11,94.11,94.11,94.11,1.0
2024-03-21,95.92,95.92,95.92,95.92,1.0
2024-03-22,96.78,96.78,96.78,96.78,1.0
2024-03-26,97.08,97.08,97.08,97.08,1.0
2024-03-27,97.8,97.8,97.8,97.8,1.0
2024-03-28,98.14,98.14,98.14,98.14,1.0
2024-03-31,98.14,98.14,98.14,98.14,1.0
2024-04-01,99.84,99.84,99.84,99.84,1.0
2024-04-02,100.65,100.65,100.65,100.65,1.0
2024-04-03,101.21,101.21,101.21,101.21,1.0
2024-04-04,101.69,101.69,101.69,101.69,1.0
2024-04-05,101.75,101.75,101.75,101.75,1.0
2024-04-08,101.74,101.74,101.74,101.74,1.0
2024-04-09,101.51,101.51,101.51,101.51,1.0
2024-04-10,102.25,102.25,102.25,102.25,1.0
2024-04-12,101.64,101.64,101.64,101.64,1.0
2024-04-15,100.47,100.47,100.47,100.47,1.0
2024-04-16,100.66,100.66,100.66,100.66,1.0
2024-04-18,100.49,100.49,100.49,100.49,1.0
2024-04-19,100.36,100.36,100.36,100.36,1.0
2024-04-22,100.88,100.88,100.88,100.88,1.0
2024-04-23,101.95,101.95,101.95,101.95,1.0
2024-04-24,102.75,102.75,102.75,102.75,1.0
2024-04-25,103.47,103.47,103.47,103.47,1.0
2024-04-26,103.52,103.52,103.52,103.52,1.0
2024-04-29,103.29,103.29,103.29,103.29,1.0
2024-04-30,103.74,103.74,103.74,103.74,1.0
2024-05-02,103.71,103.71,103.71,103.71,1.0
2024-05-03,103.11,103.11,103.11,103.11,1.0
2024-05-06,102.89,102.89,102.89,102.89,1.0
2024-05-07,101.71,101.71,101.71,101.71,1.0
2024-05-08,101.97,101.97,101.97,101.97,1.0
2024-05-09,100.44,100.44,100.44,100.44,1.0
2024-05-10,100.9,100.9,100.9,100.9,1.0
2024-05-13,100.76,100.76,100.76,100.76,1.0
2024-05-14,101.84,101.84,101.84,101.84,1.0
2024-05-15,102.91,102.91,102.91,102.91,1.0
2024-05-16,104.16,104.16,104.16,104.16,1.0
2024-05-17,105.73,105.73,105.73,105.73,1.0
2024-05-21,105.97,105.97,105.97,105.97,1.0
2024-05-22,105.97,105.97,105.97,105.97,1.0
2024-05-23,106.27,106.27,106.27,106.27,1.0
2024-05-24,106.17,106.17,106.17,106.17,1.0
2024-05-27,106.26,106.26,106.26,106.26,1.0
2024-05-28,105.35,105.35,105.35,105.35,1.0
2024-05-29,105.43,105.43,105.43,105.43,1.0
2024-05-30,104.36,104.36,104.36,104.36,1.0
2024-05-31,105.28,105.28,105.28,105.28,1.0
2024-06-03,107.08,107.08,107.08,107.08,1.0
2024-06-04,101.9,101.9,101.9,101.9,1.0
2024-06-05,104.1,104.1,104.1,104.1,1.0
2024-06-06,106.67,106.67,106.67,106.67,1.0
2024-06-07,108.66,108.66,108.66,108.66,1.0
2024-06-10,109.69,109.69,109.69,109.69,1.0
2024-06-11,110.23,110.23,110.23,110.23,1.0
2024-06-12,110.86,110.86,110.86,110.86,1.0
2024-06-13,111.68,111.68,111.68,111.68,1.0
2024-06-14,112.95,112.95,112.95,112.95,1.0
2024-06-18,113.63,113.63,113.63,113.63,1.0
2024-06-19,112.88,112.88,112.88,112.88,1.0
2024-06-20,113.12,113.12,113.12,113.12,1.0
2024-06-21,112.74,112.74,112.74,112.74,1.0
2024-06-24,112.98,112.98,112.98,112.98,1.0
2024-06-25,113.63,113.63,113.63,113.63,1.0
2024-06-26,113.4,113.4,113.4,113.4,1.0
2024-06-27,113.06,113.06,113.06,113.06,1.0
2024-06-28,113.89,113.89,113.89,113.89,1.0
2024-07-01,116.13,116.13,116.13,116.13,1.0
2024-07-02,116.11,116.11,116.11,116.11,1.0
2024-07-03,116.46,116.46,116.46,116.46,1.0
2024-07-04,116.95,116.95,116.95,116.95,1.0
2024-07-05,117.54,117.54,117.54,117.54,1.0
2024-07-08,116.79,116.79,116.79,116.79,1.0
2024-07-09,117.31,117.31,117.31,117.31,1.0
2024-07-10,116.41,116.41,116.41,116.41,1.0
2024-07-11,116.91,116.91,116.91,116.91,1.0
2024-07-12,116.77,116.77,116.77,116.77,1.0
2024-07-15,116.8,116.8,116.8,116.8,1.0
2024-07-16,117.27,117.27,117.27,117.27,1.0
2024-07-18,116.7,116.7,116.7,116.7,1.0
2024-07-19,114.59,114.59,114.59,114.59,1.0
2024-07-22,115.07,115.07,115.07,115.07,1.0
2024-07-23,115.06,115.06,115.06,115.06,1.0
2024-07-24,115.97,115.97,115.97,115.97,1.0
2024-07-25,115.98,115.98,115.98,115.98,1.0
2024-07-26,117.51,117.51,117.51,117.51,1.0
2024-07-29,118.86,118.86,118.86,118.86,1.0
2024-07-30,119.65,119.65,119.65,119.65,1.0
2024-07-31,119.52,119.52,119.52,119.52,1.0
2024-08-01,118.9,118.9,118.9,118.9,1.0
2024-08-02,117.7,117.7,117.7,117.7,1.0
2024-08-05,113.57,113.57,113.57,113.57,1.0
2024-08-06,113.1,113.1,113.1,113.1,1.0
2024-08-07,114.96,114.96,114.96,114.96,1.0
2024-08-08,114.75,114.75,114.75,114.75,1.0
2024-08-09,115.82,115.82,115.82,115.82,1.0
2024-08-12,115.92,115.92,115.92,115.92,1.0
2024-08-13,115.21,115.21,115.21,115.21,1.0
2024-08-14,115.14,115.14,115.14,115.14,1.0
2024-08-16,117.5,117.5,117.5,117.5,1.0
2024-08-19,118.32,118.32,118.32,118.32,1.0
2024-08-20,118.88,118.88,118.88,118.88,1.0
2024-08-21,119.51,119.51,119.51,119.51,1.0
2024-08-22,119.9,119.9,119.9,119.9,1.0
2024-08-23,120.09,120.09,120.09,120.09,1.0
2024-08-26,120.66,120.66,120.66,120.66,1.0
2024-08-27,121.04,121.04,121.04,121.04,1.0
2024-08-28,121.0,121.0,121.0,121.0,1.0
2024-08-29,120.43,120.43,120.43,120.43,1.0
2024-08-30,120.93,120.93,120.93,120.93,1.0
2024-08-31,120.93,120.93,120.93,120.93,1.0
2024-09-02,120.73,120.73,120.73,120.73,1.0
2024-09-03,121.34,121.34,121.34,121.34,1.0
2024-09-04,121.89,121.89,121.89,121.89,1.0
2024-09-05,122.67,122.67,122.67,122.67,1.0
2024-09-06,122.22,122.22,122.22,122.22,1.0
2024-09-09,121.71,121.71,121.71,121.71,1.0
2024-09-10,122.82,122.82,122.82,122.82,1.0
2024-09-11,122.14,122.14,122.14,122.14,1.0
2024-09-12,123.3,123.3,123.3,123.3,1.0
2024-09-13,124.1,124.1,124.1,124.1,1.0
2024-09-16,124.78,124.78,124.78,124.78,1.0
2024-09-17,125.35,125.35,125.35,125.35,1.0
2024-09-18,125.0,125.0,125.0,125.0,1.0
2024-09-19,124.37,124.37,124.37,124.37,1.0
2024-09-20,126.17,126.17,126.17,126.17,1.0
2024-09-23,126.94,126.94,126.94,126.94,1.0
2024-09-24,126.8,126.8,126.8,126.8,1.0
2024-09-25,126.24,126.24,126.24,126.24,1.0
2024-09-26,126.03,126.03,126.03,126.03,1.0
2024-09-27,125.74,125.74,125.74,125.74,1.0
2024-09-30,125.69,125.69,125.69,125.69,1.0
2024-10-01,126.49,126.49,126.49,126.49,1.0
2024-10-03,124.3,124.3,124.3,124.3,1.0
2024-10-04,123.15,123.15,123.15,123.15,1.0
2024-10-07,120.6,120.6,120.6,120.6,1.0
2024-10-08,122.15,122.15,122.15,122.15,1.0
2024-10-09,123.46,123.46,123.46,123.46,1.0
2024-10-10,123.6,123.6,123.6,123.6,1.0
2024-10-11,124.02,124.02,124.02,124.02,1.0
2024-10-14,124.49,124.49,124.49,124.49,1.0
2024-10-15,125.87,125.87,125.87,125.87,1.0
2024-10-16,125.83,125.83,125.83,125.83,1.0
2024-10-17,124.27,124.27,124.27,124.27,1.0
2024-10-18,123.94,123.94,123.94,123.94,1.0
2024-10-21,122.5,122.5,122.5,122.5,1.0
2024-10-22,119.3,119.3,119.3,119.3,1.0
2024-10-23,120.03,120.03,120.03,120.03,1.0
2024-10-24,118.87,118.87,118.87,118.87,1.0
2024-10-25,117.15,117.15,117.15,117.15,1.0
2024-10-28,117.5,117.5,117.5,117.5,1.0
2024-10-29,118.08,118.08,118.08,118.08,1.0
2024-10-30,119.05,119.05,119.05,119.05,1.0
2024-10-31,120.64,120.64,120.64,120.64,1.0
2024-11-04,120.14,120.14,120.14,120.14,1.0
2024-11-05,120.35,120.35,120.35,120.35,1.0
2024-11-06,122.38,122.38,122.38,122.38,1.0
2024-11-07,121.57,121.57,121.57,121.57,1.0
2024-11-08,120.35,120.35,120.35,120.35,1.0
2024-11-11,119.22,119.22,119.22,119.22,1.0
2024-11-12,118.09,118.09,118.09,118.09,1.0
2024-11-13,115.61,115.61,115.61,115.61,1.0
2024-11-14,116.38,116.38,116.38,116.38,1.0
2024-11-18,116.01,116.01,116.01,116.01,1.0
2024-11-19,117.04,117.04,117.04,117.04,1.0
2024-11-21,116.95,116.95,116.95,116.95,1.0
2024-11-22,118.19,118.19,118.19,118.19,1.0
2024-11-25,119.74,119.74,119.74,119.74,1.0
2024-11-26,120.13,120.13,120.13,120.13,1.0
2024-11-27,120.84,120.84,120.84,120.84,1.0
2024-11-28,120.88,120.88,120.88,120.88,1.0
2024-11-29,121.67,121.67,121.67,121.67,1.0
2024-11-30,121.67,121.67,121.67,121.67,1.0
2024-12-02,122.3,122.3,122.3,122.3,1.0
2024-12-03,123.57,123.57,123.57,123.57,1.0
2024-12-04,124.52,124.52,124.52,124.52,1.0
2024-12-05,124.79,124.79,124.79,124.79,1.0
2024-12-06,125.45,125.45,125.45,125.45,1.0
2024-12-09,125.94,125.94,125.94,125.94,1.0
2024-12-10,126.57,126.57,126.57,126.57,1.0
2024-12-11,126.9,126.9,126.9,126.9,1.0
2024-12-12,125.95,125.95,125.95,125.95,1.0
2024-12-13,125.62,125.62,125.62,125.62,1.0
2024-12-16,126.32,126.32,126.32,126.32,1.0
2024-12-17,125.47,125.47,125.47,125.47,1.0
2024-12-18,124.99,124.99,124.99,124.99,1.0
2024-12-19,124.99,124.99,124.99,124.99,1.0
2024-12-20,122.53,122.53,122.53,122.53,1.0
2024-12-23,122.1,122.1,122.1,122.1,1.0
2024-12-24,122.3,122.3,122.3,122.3,1.0
2024-12-26,122.08,122.08,122.08,122.08,1.0
2024-12-27,122.4,122.4,122.4,122.4,1.0
2024-12-30,122.34,122.34,122.34,122.34,1.0
2024-12-31,122.8,122.8,122.8,122.8,1.0
2025-01-01,123.61,123.61,123.61,123.61,1.0
2025-01-02,124.42,124.42,124.42,124.42,1.0
2025-01-03,124.49,124.49,124.49,124.49,1.0
2025-01-06,121.53,121.53,121.53,121.53,1.0
2025-01-07,122.8,122.8,122.8,122.8,1.0
2025-01-08,121.8,121.8,121.8,121.8,1.0
2025-01-09,120.6,120.6,120.6,120.6,1.0
2025-01-10,118.6,118.6,118.6,118.6,1.0
2025-01-13,114.47,114.47,114.47,114.47,1.0
2025-01-14,115.61,115.61,115.61,115.61,1.0
2025-01-15,116.63,116.63,116.63,116.63,1.0
2025-01-16,117.74,117.74,117.74,117.74,1.0
2025-01-17,117.09,117.09,117.09,117.09,1.0
2025-01-20,117.81,117.81,117.81,117.81,1.0
2025-01-21,115.58,115.58,115.58,115.58,1.0
2025-01-22,113.99,113.99,113.99,113.99,1.0
2025-01-23,115.24,115.24,115.24,115.24,1.0
2025-01-24,113.48,113.48,113.48,113.48,1.0
2025-01-27,110.88,110.88,110.88,110.88,1.0
2025-01-28,109.25,109.25,109.25,109.25,1.0
2025-01-29,112.47,112.47,112.47,112.47,1.0
2025-01-30,112.03,112.03,112.03,112.03,1.0
2025-01-31,113.74,113.74,113.74,113.74,1.0
2025-02-03,113.68,113.68,113.68,113.68,1.0
2025-02-04,114.37,114.37,114.37,114.37,1.0
2025-02-05,115.3,115.3,115.3,115.3,1.0
2025-02-06,114.95,114.95,114.95,114.95,1.0
2025-02-07,114.85,114.85,114.85,114.85,1.0
2025-02-10,112.76,112.76,112.76,112.76,1.0
2025-02-11,109.57,109.57,109.57,109.57,1.0
2025-02-12,109.26,109.26,109.26,109.26,1.0
2025-02-13,108.73,108.73,108.73,108.73,1.0
2025-02-14,106.44,106.44,106.44,106.44,1.0
2025-02-17,105.53,105.53,105.53,105.53,1.0
2025-02-18,104.35,104.35,104.35,104.35,1.0
2025-02-19,105.86,105.86,105.86,105.86,1.0
2025-02-20,106.52,106.52,106.52,106.52,1.0
2025-02-21,106.38,106.38,106.38,106.38,1.0
2025-02-24,105.24,105.24,105.24,105.24,1.0
2025-02-25,105.1,105.1,105.1,105.1,1.0
2025-02-27,103.98,103.98,103.98,103.98,1.0
2025-02-28,102.34,102.34,102.34,102.34,1.0
2025-03-03,102.28,102.28,102.28,102.28,1.0
2025-03-04,103.05,103.05,103.05,103.05,1.0
2025-03-05,105.09,105.09,105.09,105.09,1.0
2025-03-06,106.15,106.15,106.15,106.15,1.0
2025-03-07,106.51,106.51,106.51,106.51,1.0
2025-03-10,105.38,105.38,105.38,105.38,1.0
2025-03-11,104.96,104.96,104.96,104.96,1.0
2025-03-12,104.91,104.91,104.91,104.91,1.0
2025-03-13,104.26,104.26,104.26,104.26,1.0
2025-03-17,104.53,104.53,104.53,104.53,1.0
2025-03-18,106.7,106.7,106.7,106.7,1.0
2025-03-19,108.21,108.21,108.21,108.21,1.0
2025-03-20,109.24,109.24,109.24,109.24,1.0
2025-03-21,110.75,110.75,110.75,110.75,1.0
2025-03-24,111.9,111.9,111.9,111.9,1.0
2025-03-25,111.08,111.08,111.08,111.08,1.0
2025-03-26,109.63,109.63,109.63,109.63,1.0
2025-03-27,110.02,110.02,110.02,110.02,1.0
2025-03-28,110.09,110.09,110.09,110.09,1.0
2025-03-31,110.09,110.09,110.09,110.09,1.0
2025-04-01,109.25,109.25,109.25,109.25,1.0
2025-04-02,110.37,110.37,110.37,110.37,1.0
2025-04-03,110.25,110.25,110.25,110.25,1.0
2025-04-04,107.3,107.3,107.3,107.3,1.0
2025-04-07,103.84,103.84,103.84,103.84,1.0
2025-04-08,106.12,106.12,106.12,106.12,1.0
2025-04-09,105.12,105.12,105.12,105.12,1.0
2025-04-11,107.88,107.88,107.88,107.88,1.0
2025-04-15,110.94,110.94,110.94,110.94,1.0
2025-04-16,111.67,111.67,111.67,111.67,1.0
2025-04-17,112.33,112.33,112.33,112.33,1.0
2025-04-21,114.16,114.16,114.16,114.16,1.0
2025-04-22,115.34,115.34,115.34,115.34,1.0
2025-04-23,115.22,115.22,115.22,115.22,1.0
2025-04-24,114.81,114.81,114.81,114.81,1.0
2025-04-25,112.83,112.83,112.83,112.83,1.0
2025-04-28,113.18,113.18,113.18,113.18,1.0
2025-04-29,113.62,113.62,113.62,113.62,1.0
2025-04-30,112.07,112.07,112.07,112.07,1.0
2025-05-02,111.5,111.5,111.5,111.5,1.0
2025-05-05,112.61,112.61,112.61,112.61,1.0
2025-05-06,111.25,111.25,111.25,111.25,1.0
2025-05-07,112.33,112.33,112.33,112.33,1.0
2025-05-08,111.32,111.32,111.32,111.32,1.0
2025-05-09,110.73,110.73,110.73,110.73,1.0
2025-05-12,114.18,114.18,114.18,114.18,1.0
2025-05-13,114.89,114.89,114.89,114.89,1.0
2025-05-14,116.14,116.14,116.14,116.14,1.0
2025-05-15,116.97,116.97,116.97,116.97,1.0
2025-05-16,118.1,118.1,118.1,118.1,1.0
2025-05-19,118.39,118.39,118.39,118.39,1.0
2025-05-20,117.45,117.45,117.45,117.45,1.0
2025-05-21,117.89,117.89,117.89,117.89,1.0
2025-05-22,117.76,117.76,117.76,117.76,1.0
2025-05-23,118.16,118.16,118.16,118.16,1.0
2025-05-26,118.77,118.77,118.77,118.77,1.0
2025-05-27,118.88,118.88,118.88,118.88,1.0
2025-05-28,118.93,118.93,118.93,118.93,1.0
2025-05-29,119.46,119.46,119.46,119.46,1.0
2025-05-30,120.02,120.02,120.02,120.02,1.0
2025-05-31,120.02,120.02,120.02,120.02,1.0
2025-06-02,120.39,120.39,120.39,120.39,1.0
2025-06-03,120.56,120.56,120.56,120.56,1.0
2025-06-04,120.7,120.7,120.7,120.7,1.0
2025-06-05,121.66,121.66,121.66,121.66,1.0
2025-06-06,122.36,122.36,122.36,122.36,1.0
2025-06-09,123.31,123.31,123.31,123.31,1.0
2025-06-10,123.59,123.59,123.59,123.59,1.0
2025-06-11,123.46,123.46,123.46,123.46,1.0
2025-06-12,121.84,121.84,121.84,121.84,1.0
2025-06-13,122.07,122.07,122.07,122.07,1.0
2025-06-16,122.59,122.59,122.59,122.59,1.0
2025-06-17,122.02,122.02,122.02,122.02,1.0
2025-06-18,121.8,121.8,121.8,121.8,1.0
2025-06-19,119.9,119.9,119.9,119.9,1.0
2025-06-20,121.04,121.04,121.04,121.04,1.0
2025-06-23,121.54,121.54,121.54,121.54,1.0
2025-06-24,122.36,122.36,122.36,122.36,1.0
2025-06-25,123.79,123.79,123.79,123.79,1.0
2025-06-26,124.01,124.01,124.01,124.01,1.0
2025-06-27,124.62,124.62,124.62,124.62,1.0
2025-06-30,125.49,125.49,125.49,125.49,1.0
2025-07-01,125.62,125.62,125.62,125.62,1.0
2025-07-02,125.32,125.32,125.32,125.32,1.0
2025-07-03,125.71,125.71,125.71,125.71,1.0
2025-07-04,125.87,125.87,125.87,125.87,1.0
2025-07-07,125.54,125.54,125.54,125.54,1.0
2025-07-08,125.12,125.12,125.12,125.12,1.0
2025-07-09,125.46,125.46,125.46,125.46,1.0
2025-07-10,125.3,125.3,125.3,125.3,1.0
2025-07-11,124.35,124.35,124.35,124.35,1.0
2025-07-14,125.08,125.08,125.08,125.08,1.0
2025-07-15,126.24,126.24,126.24,126.24,1.0
2025-07-16,126.4,126.4,126.4,126.4,1.0
2025-07-17,127.07,127.07,127.07,127.07,1.0
2025-07-18,126.15,126.15,126.15,126.15,1.0
2025-07-21,126.32,126.32,126.32,126.32,1.0
2025-07-22,126.2,126.2,126.2,126.2,1.0
2025-07-23,126.13,126.13,126.13,126.13,1.0
2025-07-24,125.69,125.69,125.69,125.69,1.0
2025-07-25,123.77,123.77,123.77,123.77,1.0
2025-07-28,122.61,122.61,122.61,122.61,1.0
2025-07-29,123.58,123.58,123.58,123.58,1.0
2025-07-30,123.62,123.62,123.62,123.62,1.0
2025-07-31,123.29,123.29,123.29,123.29,1.0
2025-08-01,122.17,122.17,122.17,122.17,1.0
2025-08-04,122.67,122.67,122.67,122.67,1.0
2025-08-05,122.01,122.01,122.01,122.01,1.0
2025-08-06,120.75,120.75,120.75,120.75,1.0
2025-08-07,120.89,120.89,120.89,120.89,1.0
2025-08-08,119.72,119.72,119.72,119.72,1.0
2025-08-11,120.38,120.38,120.38,120.38,1.0
2025-08-12,120.5,120.5,120.5,120.5,1.0
2025-08-13,121.23,121.23,121.23,121.23,1.0
2025-08-14,121.04,121.04,121.04,121.04,1.0
2025-08-18,122.79,122.79,122.79,122.79,1.0
2025-08-19,123.36,123.36,123.36,123.36,1.0
2025-08-20,123.4,123.4,123.4,123.4,1.0
2025-08-21,123.48,123.48,123.48,123.48,1.0
2025-08-22,123.0,123.0,123.0,123.0,1.0
2025-08-25,123.11,123.11,123.11,123.11,1.0
2025-08-26,121.03,121.03,121.03,121.03,1.0
2025-08-28,120.05,120.05,120.05,120.05,1.0
2025-08-29,119.62,119.62,119.62,119.62,1.0
2025-08-31,119.62,119.62,119.62,119.62,1.0
2025-09-01,121.27,121.27,121.27,121.27,1.0
2025-09-02,121.65,121.65,121.65,121.65,1.0
2025-09-03,122.56,122.56,122.56,122.56,1.0
2025-09-04,122.35,122.35,122.35,122.35,1.0
2025-09-05,122.29,122.29,122.29,122.29,1.0
2025-09-08,122.46,122.46,122.46,122.46,1.0
2025-09-09,122.8,122.8,122.8,122.8,1.0
2025-09-10,123.49,123.49,123.49,123.49,1.0
2025-09-11,123.47,123.47,123.47,123.47,1.0
2025-09-12,123.56,123.56,123.56,123.56,1.0
2025-09-15,124.04,124.04,124.04,124.04,1.0
2025-09-16,124.77,124.77,124.77,124.77,1.0
2025-09-17,125.48,125.48,125.48,125.48,1.0
2025-09-18,125.42,125.42,125.42,125.42,1.0
2025-09-19,125.79,125.79,125.79,125.79,1.0
2025-09-22,124.85,124.85,124.85,124.85,1.0
2025-09-23,124.55,124.55,124.55,124.55,1.0
2025-09-24,124.1,124.1,124.1,124.1,1.0
2025-09-25,123.21,123.21,123.21,123.21,1.0
2025-09-26,121.13,121.13,121.13,121.13,1.0
2025-09-30,120.67,120.67,120.67,120.67,1.0
2025-10-01,121.59,121.59,121.59,121.59,1.0
2025-10-03,122.21,122.21,122.21,122.21,1.0
2025-10-06,122.83,122.83,122.83,122.83,1.0
2025-10-07,123.19,123.19,123.19,123.19,1.0
2025-10-08,122.28,122.28,122.28,122.28,1.0
2025-10-09,122.33,122.33,122.33,122.33,1.0
2025-10-10,123.05,123.05,123.05,123.05,1.0
2025-10-13,122.73,122.73,122.73,122.73,1.0
2025-10-14,121.81,121.81,121.81,121.81,1.0
2025-10-15,122.67,122.67,122.67,122.67,1.0
2025-10-16,123.66,123.66,123.66,123.66,1.0
2025-10-17,123.33,123.33,123.33,123.33,1.0
2025-10-20,123.54,123.54,123.54,123.54,1.0
2025-10-23,124.04,124.04,124.04,124.04,1.0
2025-10-24,124.11,124.11,124.11,124.11,1.0
2025-10-27,124.88,124.88,124.88,124.88,1.0
2025-10-28,125.07,125.07,125.07,125.07,1.0
2025-10-29,125.55,125.55,125.55,125.55,1.0
2025-10-30,125.69,125.69,125.69,125.69,1.0
2025-10-31,125.15,125.15,125.15,125.15,1.0
2025-11-03,126.34,126.34,126.34,126.34,1.0
2025-11-04,125.9,125.9,125.9,125.9,1.0
2025-11-06,124.3,124.3,124.3,124.3,1.0
2025-11-07,124.24,124.24,124.24,124.24,1.0
2025-11-10,124.46,124.46,124.46,124.46,1.0
2025-11-11,124.25,124.25,124.25,124.25,1.0
2025-11-12,125.17,125.17,125.17,125.17,1.0
2025-11-13,124.59,124.59,124.59,124.59,1.0
2025-11-14,124.84,124.84,124.84,124.84,1.0
2025-11-17,125.99,125.99,125.99,125.99,1.0
2025-11-18,124.88,124.88,124.88,124.88,1.0
2025-11-19,124.77,124.77,124.77,124.77,1.0
2025-11-20,124.6,124.6,124.6,124.6,1.0
2025-11-21,123.19,123.19,123.19,123.19,1.0
2025-11-24,122.45,122.45,122.45,122.45,1.0
2025-11-25,122.8,122.8,122.8,122.8,1.0
2025-11-26,124.24,124.24,124.24,124.24,1.0
2025-11-27,123.48,123.48,123.48,123.48,1.0
2025-11-28,123.14,123.14,123.14,123.14,1.0
2025-11-30,123.14,123.14,123.14,123.14,1.0
2025-12-01,123.19,123.19,123.19,123.19,1.0
2025-12-02,122.69,122.69,122.69,122.69,1.0
2025-12-03,122.41,122.41,122.41,122.41,1.0
2025-12-04,122.24,122.24,122.24,122.24,1.0
2025-12-05,121.5,121.5,121.5,121.5,1.0
2025-12-08,119.44,119.44,119.44,119.44,1.0
2025-12-09,120.66,120.66,120.66,120.66,1.0
2025-12-10,119.85,119.85,119.85,119.85,1.0
2025-12-11,120.54,120.54,120.54,120.54,1.0
2025-12-12,121.58,121.58,121.58,121.58,1.0
2025-12-15,121.64,121.64,121.64,121.64,1.0
2025-12-16,120.66,120.66,120.66,120.66,1.0
2025-12-17,119.88,119.88,119.88,119.88,1.0
2025-12-18,119.86,119.86,119.86,119.86,1.0
2025-12-19,121.16,121.16,121.16,121.16,1.0
2025-12-22,122.23,122.23,122.23,122.23,1.0
2025-12-23,122.44,122.44,122.44,122.44,1.0
2025-12-24,122.22,122.22,122.22,122.22,1.0
2025-12-26,121.94,121.94,121.94,121.94,1.0
2025-12-29,121.06,121.06,121.06,121.06,1.0
2025-12-30,120.57,120.57,120.57,120.57,1.0
2025-12-31,121.63,121.63,121.63,121.63,1.0
2026-01-01,121.78,121.78,121.78,121.78,1.0
2026-01-02,122.91,122.91,122.91,122.91,1.0
2026-01-05,123.33,123.33,123.33,123.33,1.0
2026-01-06,122.64,122.64,122.64,122.64,1.0
2026-01-07,122.48,122.48,122.48,122.48,1.0
2026-01-08,120.58,120.58,120.58,120.58,1.0
2026-01-09,119.13,119.13,119.13,119.13,1.0
2026-01-12,118.36,118.36,118.36,118.36,1.0
2026-01-13,119.13,119.13,119.13,119.13,1.0
2026-01-14,119.54,119.54,119.54,119.54,1.0
2026-01-16,119.26,119.26,119.26,119.26,1.0
2026-01-19,118.2,118.2,118.2,118.2,1.0
2026-01-20,115.66,115.66,115.66,115.66,1.0
2026-01-21,114.77,114.77,114.77,114.77,1.0
2026-01-22,115.99,115.99,115.99,115.99,1.0
2026-01-23,113.99,113.99,113.99,113.99,1.0
2026-01-27,114.24,114.24,114.24,114.24,1.0
2026-01-28,115.82,115.82,115.82,115.82,1.0
2026-01-29,115.34,115.34,115.34,115.34,1.0
2026-01-30,116.75,116.75,116.75,116.75,1.0
2026-01-31,116.75,116.75,116.75,116.75,1.0
2026-02-02,115.26,115.26,115.26,115.26,1.0
2026-02-03,118.66,118.66,118.66,118.66,1.0
2026-02-04,119.34,119.34,119.34,119.34,1.0
2026-02-05,118.54,118.54,118.54,118.54,1.0
2026-02-06,117.96,117.96,117.96,117.96,1.0
2026-02-09,120.53,120.53,120.53,120.53,1.0
2026-02-10,121.42,121.42,121.42,121.42,1.0
2026-02-11,121.81,121.81,121.81,121.81,1.0
2026-02-12,120.96,120.96,120.96,120.96,1.0
2026-02-13,119.17,119.17,119.17,119.17,1.0
2026-02-16,119.37,119.37,119.37,119.37,1.0
2026-02-17,120.08,120.08,120.08,120.08,1.0
2026-02-18,120.56,120.56,120.56,120.56,1.0
2026-02-19,119.42,119.42,119.42,119.42,1.0
2026-02-20,119.62,119.62,119.62,119.62,1.0
2026-02-23,120.21,120.21,120.21,120.21,1.0
2026-02-24,119.49,119.49,119.49,119.49,1.0
2026-02-25,119.68,119.68,119.68,119.68,1.0
2026-02-26,119.93,119.93,119.93,119.93,1.0
2026-02-27,118.52,118.52,118.52,118.52,1.0
2026-02-28,118.52,118.52,118.52,118.52,1.0
2026-03-02,116.53,116.53,116.53,116.53,1.0
2026-03-04,114.38,114.38,114.38,114.38,1.0
2026-03-05,115.86,115.86,115.86,115.86,1.0
2026-03-06,115.24,115.24,115.24,115.24,1.0
2026-03-09,113.28,113.28,113.28,113.28,1.0
2026-03-10,115.15,115.15,115.15,115.15,1.0
2026-03-11,114.7,114.7,114.7,114.7,1.0
2026-03-12,114.03,114.03,114.03,114.03,1.0
2026-03-13,111.07,111.07,111.07,111.07,1.0
2026-03-16,111.3,111.3,111.3,111.3,1.0
2026-03-17,111.85,111.85,111.85,111.85,1.0
2026-03-18,113.78,113.78,113.78,113.78,1.0
2026-03-19,111.09,111.09,111.09,111.09,1.0
2026-03-20,111.17,111.17,111.17,111.17,1.0
2026-03-23,107.72,107.72,107.72,107.72,1.0
2026-03-24,109.81,109.81,109.81,109.81,1.0
2026-03-25,112.29,112.29,112.29,112.29,1.0
2026-03-27,110.38,110.38,110.38,110.38,1.0
2026-03-30,108.18,108.18,108.18,108.18,1.0
2026-03-31,108.18,108.18,108.18,108.18,1.0
2026-04-01,110.57,110.57,110.57,110.57,1.0
2026-04-02,110.55,110.55,110.55,110.55,1.0
2026-04-06,111.54,111.54,111.54,111.54,1.0
2026-04-07,111.98,111.98,111.98,111.98,1.0
2026-04-08,115.69,115.69,115.69,115.69,1.0
2026-04-09,115.44,115.44,115.44,115.44,1.0
2026-04-10,116.95,116.95,116.95,116.95,1.0
2026-04-13,116.54,116.54,116.54,116.54,1.0
2026-04-15,118.6,118.6,118.6,118.6,1.0
2026-04-16,119.55,119.55,119.55,119.55,1.0
2026-04-17,120.98,120.98,120.98,120.98,1.0
2026-04-20,120.76,120.76,120.76,120.76,1.0
2026-04-21,121.87,121.87,121.87,121.87,1.0
2026-04-22,122.68,122.68,122.68,122.68,1.0
2026-04-23,122.11,122.11,122.11,122.11,1.0
2026-04-24,120.96,120.96,120.96,120.96,1.0
2026-04-27,123.06,123.06,123.06,123.06,1.0
2026-04-28,122.67,122.67,122.67,122.67,1.0
2026-04-29,123.36,123.36,123.36,123.36,1.0
2026-04-30,122.8,122.8,122.8,122.8,1.0
2026-05-04,124.1,124.1,124.1,124.1,1.0
2026-05-05,124.56,124.56,124.56,124.56,1.0
2026-05-06,126.14,126.14,126.14,126.14,1.0
2026-05-07,127.33,127.33,127.33,127.33,1.0
2026-05-08,127.3,127.3,127.3,127.3,1.0
2026-05-11,126.61,126.61,126.61,126.61,1.0
2026-05-12,123.46,123.46,123.46,123.46,1.0
2026-05-13,123.65,123.65,123.65,123.65,1.0
2026-05-14,123.99,123.99,123.99,123.99,1.0
2026-05-15,123.88,123.88,123.88,123.88,1.0
2026-05-18,122.25,122.25,122.25,122.25,1.0
2026-05-19,123.18,123.18,123.18,123.18,1.0
2026-05-20,123.61,123.61,123.61,123.61,1.0
2026-05-21,124.24,124.24,124.24,124.24,1.0
2026-05-22,124.14,124.14,124.14,124.14,1.0
2026-05-25,125.37,125.37,125.37,125.37,1.0
2026-05-26,125.36,125.36,125.36,125.36,1.0
2026-05-27,125.5,125.5,125.5,125.5,1.0
2026-05-29,124.37,124.37,124.37,124.37,1.0
2026-05-31,124.37,124.37,124.37,124.37,1.0
2026-06-01,123.28,123.28,123.28,123.28,1.0
2026-06-02,123.92,123.92,123.92,123.92,1.0
2026-06-03,123.59,123.59,123.59,123.59,1.0
2026-06-04,124.48,124.48,124.48,124.48,1.0
2026-06-05,124.51,124.51,124.51,124.51,1.0
2026-06-08,123.29,123.29,123.29,123.29,1.0
2026-06-09,124.43,124.43,124.43,124.43,1.0
2026-06-10,123.34,123.34,123.34,123.34,1.0
2026-06-11,122.58,122.58,122.58,122.58,1.0
2026-06-12,125.19,125.19,125.19,125.19,1.0
2026-06-15,126.76,126.76,126.76,126.76,1.0
2026-06-16,127.64,127.64,127.64,127.64,1.0
2026-06-17,128.48,128.48,128.48,128.48,1.0
2026-06-18,129.11,129.11,129.11,129.11,1.0
2026-06-19,129.65,129.65,129.65,129.65,1.0
2026-06-22,130.37,130.37,130.37,130.37,1.0
2026-06-23,129.98,129.98,129.98,129.98,1.0
2026-06-24,130.81,130.81,130.81,130.81,1.0
2026-06-25,130.06,130.06,130.06,130.06,1.0
2026-06-29,129.71,129.71,129.71,129.71,1.0
2026-06-30,130.58,130.58,130.58,130.58,1.0
2026-07-01,131.07,131.07,131.07,131.07,1.0
2026-07-02,132.0,132.0,132.0,132.0,1.0
2026-07-03,131.62,131.62,131.62,131.62,1.0
